0 verbose cli C:\nvm4w\nodejs\node.exe C:\nvm4w\nodejs\node_modules\npm\bin\npm-cli.js
1 info using npm@11.6.2
2 info using node@v24.12.0
3 silly config load:file:C:\Users\DREP\AppData\Local\nvm\v24.12.0\node_modules\npm\npmrc
4 silly config load:file:C:\Users\DREP\Documents\umarket\frontend\.npmrc
5 silly config load:file:C:\Users\DREP\.npmrc
6 silly config load:file:C:\Users\DREP\AppData\Roaming\npm\etc\npmrc
7 verbose title npm install
8 verbose argv "install" "--ignore-scripts"
9 verbose logfile logs-max:10 dir:C:\Users\DREP\Documents\umarket\frontend\Users\Drep\AppData\Roaming\npm-cache\_logs\2026-09-17T06_32_39_516Z-
10 verbose logfile C:\Users\DREP\Documents\umarket\frontend\Users\Drep\AppData\Roaming\npm-cache\_logs\2026-09-17T06_32_39_516Z-debug-0.log
11 silly logfile done cleaning log files
12 silly packumentCache heap:2348810240 maxSize:587202560 maxEntrySize:293601280
13 silly idealTree buildDeps
14 silly fetch manifest @angular/common@^21.0.0
15 silly packumentCache full:https://registry.npmjs.org/@angular%2fcommon cache-miss
16 http fetch GET 200 https://registry.npmjs.org/npm 256ms
17 http fetch GET 200 https://registry.npmjs.org/@angular%2fcommon 487ms (cache miss)
18 silly packumentCache full:https://registry.npmjs.org/@angular%2fcommon set size:undefined disposed:false
19 silly fetch manifest @angular/core@^21.0.0
20 silly packumentCache full:https://registry.npmjs.org/@angular%2fcore cache-miss
21 http fetch GET 200 https://registry.npmjs.org/@angular%2fcore 402ms (cache miss)
22 silly packumentCache full:https://registry.npmjs.org/@angular%2fcore set size:undefined disposed:false
23 silly fetch manifest @angular/compiler@^21.0.0
24 silly packumentCache full:https://registry.npmjs.org/@angular%2fcompiler cache-miss
25 http fetch GET 200 https://registry.npmjs.org/@angular%2fcompiler 387ms (cache miss)
26 silly packumentCache full:https://registry.npmjs.org/@angular%2fcompiler set size:undefined disposed:false
27 silly fetch manifest rxjs@~7.8.0
28 silly packumentCache full:https://registry.npmjs.org/rxjs cache-miss
29 http fetch GET 200 https://registry.npmjs.org/rxjs 201ms (cache miss)
30 silly packumentCache full:https://registry.npmjs.org/rxjs set size:undefined disposed:false
31 silly fetch manifest zone.js@~0.15.0 || ~0.16.0
32 silly packumentCache full:https://registry.npmjs.org/zone.js cache-miss
33 http fetch GET 200 https://registry.npmjs.org/zone.js 188ms (cache miss)
34 silly packumentCache full:https://registry.npmjs.org/zone.js set size:undefined disposed:false
35 silly fetch manifest @angular/forms@^21.0.0
36 silly packumentCache full:https://registry.npmjs.org/@angular%2fforms cache-miss
37 http fetch GET 200 https://registry.npmjs.org/@angular%2fforms 413ms (cache miss)
38 silly packumentCache full:https://registry.npmjs.org/@angular%2fforms set size:undefined disposed:false
39 silly fetch manifest @angular/platform-browser@^21.0.0
40 silly packumentCache full:https://registry.npmjs.org/@angular%2fplatform-browser cache-miss
41 http fetch GET 200 https://registry.npmjs.org/@angular%2fplatform-browser 411ms (cache miss)
42 silly packumentCache full:https://registry.npmjs.org/@angular%2fplatform-browser set size:undefined disposed:false
43 silly fetch manifest @angular/animations@21.2.23
44 silly packumentCache full:https://registry.npmjs.org/@angular%2fanimations cache-miss
45 http fetch GET 200 https://registry.npmjs.org/@angular%2fanimations 404ms (cache miss)
46 silly packumentCache full:https://registry.npmjs.org/@angular%2fanimations set size:undefined disposed:false
47 silly fetch manifest @angular/router@^21.0.0
48 silly packumentCache full:https://registry.npmjs.org/@angular%2frouter cache-miss
49 http fetch GET 200 https://registry.npmjs.org/@angular%2frouter 419ms (cache miss)
50 silly packumentCache full:https://registry.npmjs.org/@angular%2frouter set size:undefined disposed:false
51 silly fetch manifest tslib@^2.3.0
52 silly packumentCache full:https://registry.npmjs.org/tslib cache-miss
53 http fetch GET 200 https://registry.npmjs.org/tslib 44ms (cache miss)
54 silly packumentCache full:https://registry.npmjs.org/tslib set size:undefined disposed:false
55 silly fetch manifest @angular/build@^21.0.4
56 silly packumentCache full:https://registry.npmjs.org/@angular%2fbuild cache-miss
57 http fetch GET 200 https://registry.npmjs.org/@angular%2fbuild 360ms (cache miss)
58 silly packumentCache full:https://registry.npmjs.org/@angular%2fbuild set size:undefined disposed:false
59 silly fetch manifest @angular/compiler-cli@^21.0.0
60 silly packumentCache full:https://registry.npmjs.org/@angular%2fcompiler-cli cache-miss
61 http fetch GET 200 https://registry.npmjs.org/@angular%2fcompiler-cli 411ms (cache miss)
62 silly packumentCache full:https://registry.npmjs.org/@angular%2fcompiler-cli set size:undefined disposed:false
63 silly fetch manifest typescript@~5.9.2
64 silly packumentCache full:https://registry.npmjs.org/typescript cache-miss
65 http fetch GET 200 https://registry.npmjs.org/typescript 303ms (cache miss)
66 silly packumentCache full:https://registry.npmjs.org/typescript set size:undefined disposed:false
67 silly fetch manifest @angular/localize@^21.0.0
68 silly packumentCache full:https://registry.npmjs.org/@angular%2flocalize cache-miss
69 http fetch GET 200 https://registry.npmjs.org/@angular%2flocalize 394ms (cache miss)
70 silly packumentCache full:https://registry.npmjs.org/@angular%2flocalize set size:undefined disposed:false
71 silly fetch manifest @angular/platform-server@^21.0.0
72 silly packumentCache full:https://registry.npmjs.org/@angular%2fplatform-server cache-miss
73 http fetch GET 200 https://registry.npmjs.org/@angular%2fplatform-server 395ms (cache miss)
74 silly packumentCache full:https://registry.npmjs.org/@angular%2fplatform-server set size:undefined disposed:false
75 silly fetch manifest @angular/service-worker@^21.0.0
76 silly packumentCache full:https://registry.npmjs.org/@angular%2fservice-worker cache-miss
77 http fetch GET 200 https://registry.npmjs.org/@angular%2fservice-worker 395ms (cache miss)
78 silly packumentCache full:https://registry.npmjs.org/@angular%2fservice-worker set size:undefined disposed:false
79 silly fetch manifest @angular/ssr@^21.2.24
80 silly packumentCache full:https://registry.npmjs.org/@angular%2fssr cache-miss
81 http fetch GET 200 https://registry.npmjs.org/@angular%2fssr 334ms (cache miss)
82 silly packumentCache full:https://registry.npmjs.org/@angular%2fssr set size:undefined disposed:false
83 silly fetch manifest karma@^6.4.0
84 silly packumentCache full:https://registry.npmjs.org/karma cache-miss
85 http fetch GET 200 https://registry.npmjs.org/karma 287ms (cache miss)
86 silly packumentCache full:https://registry.npmjs.org/karma set size:undefined disposed:false
87 silly fetch manifest less@^4.2.0
88 silly packumentCache full:https://registry.npmjs.org/less cache-miss
89 http fetch GET 200 https://registry.npmjs.org/less 199ms (cache miss)
90 silly packumentCache full:https://registry.npmjs.org/less set size:undefined disposed:false
91 silly fetch manifest ng-packagr@^21.0.0
92 silly packumentCache full:https://registry.npmjs.org/ng-packagr cache-miss
93 http fetch GET 200 https://registry.npmjs.org/ng-packagr 203ms (cache miss)
94 silly packumentCache full:https://registry.npmjs.org/ng-packagr set size:undefined disposed:false
95 silly fetch manifest tailwindcss@^2.0.0 || ^3.0.0 || ^4.0.0
96 silly packumentCache full:https://registry.npmjs.org/tailwindcss cache-miss
97 http fetch GET 200 https://registry.npmjs.org/tailwindcss 279ms (cache miss)
98 silly packumentCache full:https://registry.npmjs.org/tailwindcss set size:undefined disposed:false
99 silly fetch manifest postcss@^8.4.0
100 silly packumentCache full:https://registry.npmjs.org/postcss cache-miss
101 http fetch GET 200 https://registry.npmjs.org/postcss 202ms (cache miss)
102 silly packumentCache full:https://registry.npmjs.org/postcss set size:undefined disposed:false
103 silly fetch manifest vitest@^4.0.8
104 silly packumentCache full:https://registry.npmjs.org/vitest cache-miss
105 http fetch GET 200 https://registry.npmjs.org/vitest 240ms (cache miss)
106 silly packumentCache full:https://registry.npmjs.org/vitest set size:undefined disposed:false
107 silly fetch manifest @edge-runtime/vm@*
108 silly packumentCache full:https://registry.npmjs.org/@edge-runtime%2fvm cache-miss
109 http fetch GET 200 https://registry.npmjs.org/@edge-runtime%2fvm 541ms (cache miss)
110 silly packumentCache full:https://registry.npmjs.org/@edge-runtime%2fvm set size:undefined disposed:false
111 silly fetch manifest @opentelemetry/api@^1.9.0
112 silly packumentCache full:https://registry.npmjs.org/@opentelemetry%2fapi cache-miss
113 http fetch GET 200 https://registry.npmjs.org/@opentelemetry%2fapi 229ms (cache miss)
114 silly packumentCache full:https://registry.npmjs.org/@opentelemetry%2fapi set size:undefined disposed:false
115 silly fetch manifest @types/node@^20.0.0 || ^22.0.0 || >=24.0.0
116 silly packumentCache full:https://registry.npmjs.org/@types%2fnode cache-miss
117 http fetch GET 200 https://registry.npmjs.org/@types%2fnode 407ms (cache miss)
118 silly packumentCache full:https://registry.npmjs.org/@types%2fnode set size:undefined disposed:false
119 silly fetch manifest @vitest/browser-playwright@4.1.11
120 silly packumentCache full:https://registry.npmjs.org/@vitest%2fbrowser-playwright cache-miss
121 http fetch GET 200 https://registry.npmjs.org/@vitest%2fbrowser-playwright 519ms (cache miss)
122 silly packumentCache full:https://registry.npmjs.org/@vitest%2fbrowser-playwright set size:undefined disposed:false
123 silly fetch manifest playwright@*
124 silly packumentCache full:https://registry.npmjs.org/playwright cache-miss
125 http fetch GET 200 https://registry.npmjs.org/playwright 521ms (cache miss)
126 silly packumentCache full:https://registry.npmjs.org/playwright set size:undefined disposed:false
127 silly fetch manifest @vitest/browser-preview@4.1.11
128 silly packumentCache full:https://registry.npmjs.org/@vitest%2fbrowser-preview cache-miss
129 http fetch GET 200 https://registry.npmjs.org/@vitest%2fbrowser-preview 440ms (cache miss)
130 silly packumentCache full:https://registry.npmjs.org/@vitest%2fbrowser-preview set size:undefined disposed:false
131 silly fetch manifest @vitest/browser-webdriverio@4.1.11
132 silly packumentCache full:https://registry.npmjs.org/@vitest%2fbrowser-webdriverio cache-miss
133 http fetch GET 200 https://registry.npmjs.org/@vitest%2fbrowser-webdriverio 408ms (cache miss)
134 silly packumentCache full:https://registry.npmjs.org/@vitest%2fbrowser-webdriverio set size:undefined disposed:false
135 silly fetch manifest webdriverio@*
136 silly packumentCache full:https://registry.npmjs.org/webdriverio cache-miss
137 http fetch GET 200 https://registry.npmjs.org/webdriverio 260ms (cache miss)
138 silly packumentCache full:https://registry.npmjs.org/webdriverio set size:undefined disposed:false
139 silly fetch manifest puppeteer-core@>=22.x <=24.x
140 silly packumentCache full:https://registry.npmjs.org/puppeteer-core cache-miss
141 http fetch GET 200 https://registry.npmjs.org/puppeteer-core 227ms (cache miss)
142 silly packumentCache full:https://registry.npmjs.org/puppeteer-core set size:undefined disposed:false
143 silly fetch manifest @vitest/coverage-istanbul@4.1.11
144 silly packumentCache full:https://registry.npmjs.org/@vitest%2fcoverage-istanbul cache-miss
145 http fetch GET 200 https://registry.npmjs.org/@vitest%2fcoverage-istanbul 490ms (cache miss)
146 silly packumentCache full:https://registry.npmjs.org/@vitest%2fcoverage-istanbul set size:undefined disposed:false
147 silly fetch manifest @vitest/coverage-v8@4.1.11
148 silly packumentCache full:https://registry.npmjs.org/@vitest%2fcoverage-v8 cache-miss
149 http fetch GET 200 https://registry.npmjs.org/@vitest%2fcoverage-v8 533ms (cache miss)
150 silly packumentCache full:https://registry.npmjs.org/@vitest%2fcoverage-v8 set size:undefined disposed:false
151 silly fetch manifest @vitest/browser@4.1.11
152 silly packumentCache full:https://registry.npmjs.org/@vitest%2fbrowser cache-miss
153 http fetch GET 200 https://registry.npmjs.org/@vitest%2fbrowser 436ms (cache miss)
154 silly packumentCache full:https://registry.npmjs.org/@vitest%2fbrowser set size:undefined disposed:false
155 silly fetch manifest @vitest/ui@4.1.11
156 silly packumentCache full:https://registry.npmjs.org/@vitest%2fui cache-miss
157 http fetch GET 200 https://registry.npmjs.org/@vitest%2fui 560ms (cache miss)
158 silly packumentCache full:https://registry.npmjs.org/@vitest%2fui set size:undefined disposed:false
159 silly fetch manifest happy-dom@*
160 silly packumentCache full:https://registry.npmjs.org/happy-dom cache-miss
161 http fetch GET 200 https://registry.npmjs.org/happy-dom 234ms (cache miss)
162 silly packumentCache full:https://registry.npmjs.org/happy-dom set size:undefined disposed:false
163 silly fetch manifest jsdom@^27.1.0
164 silly packumentCache full:https://registry.npmjs.org/jsdom cache-miss
165 http fetch GET 200 https://registry.npmjs.org/jsdom 205ms (cache miss)
166 silly packumentCache full:https://registry.npmjs.org/jsdom set size:undefined disposed:false
167 silly fetch manifest canvas@^3.0.0
168 silly packumentCache full:https://registry.npmjs.org/canvas cache-miss
169 http fetch GET 200 https://registry.npmjs.org/canvas 188ms (cache miss)
170 silly packumentCache full:https://registry.npmjs.org/canvas set size:undefined disposed:false
171 silly fetch manifest @angular/cli@^21.0.4
172 silly packumentCache full:https://registry.npmjs.org/@angular%2fcli cache-miss
173 http fetch GET 200 https://registry.npmjs.org/@angular%2fcli 415ms (cache miss)
174 silly packumentCache full:https://registry.npmjs.org/@angular%2fcli set size:undefined disposed:false
175 silly placeDep ROOT @angular/build@21.2.24 OK for: frontend@0.0.0 want: ^21.0.4
176 silly placeDep ROOT tslib@2.8.1 OK for: @angular/build@21.2.24 want: ^2.3.0
177 silly placeDep ROOT typescript@5.9.3 OK for: @angular/build@21.2.24 want: >=5.9 <6.0
178 silly placeDep ROOT @angular/compiler@21.2.23 OK for: @angular/build@21.2.24 want: ^21.0.0
179 silly placeDep ROOT @angular/compiler-cli@21.2.23 OK for: @angular/build@21.2.24 want: ^21.0.0
180 silly placeDep ROOT @angular/cli@21.2.24 OK for: frontend@0.0.0 want: ^21.0.4
181 silly placeDep ROOT @angular/common@21.2.23 OK for: frontend@0.0.0 want: ^21.0.0
182 silly placeDep ROOT rxjs@7.8.2 OK for: @angular/common@21.2.23 want: ^6.5.3 || ^7.4.0
183 silly placeDep ROOT @angular/core@21.2.23 OK for: @angular/common@21.2.23 want: 21.2.23
184 silly placeDep ROOT @angular/forms@21.2.23 OK for: frontend@0.0.0 want: ^21.0.0
185 silly placeDep ROOT @angular/platform-browser@21.2.23 OK for: @angular/forms@21.2.23 want: 21.2.23
186 silly placeDep ROOT @angular/router@21.2.23 OK for: frontend@0.0.0 want: ^21.0.0
187 silly placeDep ROOT jsdom@27.4.0 OK for: frontend@0.0.0 want: ^27.1.0
188 silly placeDep ROOT vitest@4.1.11 OK for: frontend@0.0.0 want: ^4.0.8
189 silly fetch manifest sass@1.97.3
190 silly packumentCache full:https://registry.npmjs.org/sass cache-miss
191 silly fetch manifest vite@7.3.6
192 silly packumentCache full:https://registry.npmjs.org/vite cache-miss
193 silly fetch manifest listr2@9.0.5
194 silly packumentCache full:https://registry.npmjs.org/listr2 cache-miss
195 silly fetch manifest mrmime@2.0.1
196 silly packumentCache full:https://registry.npmjs.org/mrmime cache-miss
197 silly fetch manifest semver@7.7.4
198 silly packumentCache full:https://registry.npmjs.org/semver cache-miss
199 silly fetch manifest undici@7.29.1
200 silly packumentCache full:https://registry.npmjs.org/undici cache-miss
201 silly fetch manifest esbuild@0.28.1
202 silly packumentCache full:https://registry.npmjs.org/esbuild cache-miss
203 http fetch GET 200 https://registry.npmjs.org/semver 128ms (cache miss)
204 silly packumentCache full:https://registry.npmjs.org/semver set size:undefined disposed:false
205 silly fetch manifest piscina@5.2.0
206 silly packumentCache full:https://registry.npmjs.org/piscina cache-miss
207 http fetch GET 200 https://registry.npmjs.org/sass 209ms (cache miss)
208 silly packumentCache full:https://registry.npmjs.org/sass set size:undefined disposed:false
209 silly fetch manifest beasties@0.4.1
210 silly packumentCache full:https://registry.npmjs.org/beasties cache-miss
211 http fetch GET 200 https://registry.npmjs.org/mrmime 261ms (cache miss)
212 silly packumentCache full:https://registry.npmjs.org/mrmime set size:undefined disposed:false
213 silly fetch manifest rolldown@1.0.0-rc.4
214 silly packumentCache full:https://registry.npmjs.org/rolldown cache-miss
215 http fetch GET 200 https://registry.npmjs.org/piscina 211ms (cache miss)
216 silly packumentCache full:https://registry.npmjs.org/piscina set size:undefined disposed:false
217 silly fetch manifest picomatch@4.0.4
218 silly packumentCache full:https://registry.npmjs.org/picomatch cache-miss
219 http fetch GET 200 https://registry.npmjs.org/beasties 214ms (cache miss)
220 silly packumentCache full:https://registry.npmjs.org/beasties set size:undefined disposed:false
221 silly fetch manifest watchpack@2.5.1
222 silly packumentCache full:https://registry.npmjs.org/watchpack cache-miss
223 http fetch GET 200 https://registry.npmjs.org/listr2 488ms (cache miss)
224 silly packumentCache full:https://registry.npmjs.org/listr2 set size:undefined disposed:false
225 silly fetch manifest tinyglobby@0.2.15
226 silly packumentCache full:https://registry.npmjs.org/tinyglobby cache-miss
227 http fetch GET 200 https://registry.npmjs.org/esbuild 529ms (cache miss)
228 silly packumentCache full:https://registry.npmjs.org/esbuild set size:undefined disposed:false
229 silly fetch manifest @babel/core@7.29.7
230 silly packumentCache full:https://registry.npmjs.org/@babel%2fcore cache-miss
231 http fetch GET 200 https://registry.npmjs.org/undici 558ms (cache miss)
232 silly packumentCache full:https://registry.npmjs.org/undici set size:undefined disposed:false
233 silly fetch manifest browserslist@^4.26.0
234 silly packumentCache full:https://registry.npmjs.org/browserslist cache-miss
235 http fetch GET 200 https://registry.npmjs.org/picomatch 277ms (cache miss)
236 silly packumentCache full:https://registry.npmjs.org/picomatch set size:undefined disposed:false
237 silly fetch manifest jsonc-parser@3.3.1
238 silly packumentCache full:https://registry.npmjs.org/jsonc-parser cache-miss
239 http fetch GET 200 https://registry.npmjs.org/watchpack 225ms (cache miss)
240 silly packumentCache full:https://registry.npmjs.org/watchpack set size:undefined disposed:false
241 silly fetch manifest magic-string@0.30.21
242 silly packumentCache full:https://registry.npmjs.org/magic-string cache-miss
243 http fetch GET 200 https://registry.npmjs.org/tinyglobby 223ms (cache miss)
244 silly packumentCache full:https://registry.npmjs.org/tinyglobby set size:undefined disposed:false
245 silly fetch manifest @inquirer/confirm@5.1.21
246 silly packumentCache full:https://registry.npmjs.org/@inquirer%2fconfirm cache-miss
247 http fetch GET 200 https://registry.npmjs.org/browserslist 237ms (cache miss)
248 silly packumentCache full:https://registry.npmjs.org/browserslist set size:undefined disposed:false
249 silly fetch manifest https-proxy-agent@7.0.6
250 silly packumentCache full:https://registry.npmjs.org/https-proxy-agent cache-miss
251 http fetch GET 200 https://registry.npmjs.org/jsonc-parser 247ms (cache miss)
252 silly packumentCache full:https://registry.npmjs.org/jsonc-parser set size:undefined disposed:false
253 silly fetch manifest source-map-support@0.5.21
254 silly packumentCache full:https://registry.npmjs.org/source-map-support cache-miss
255 http fetch GET 200 https://registry.npmjs.org/https-proxy-agent 85ms (cache miss)
256 silly packumentCache full:https://registry.npmjs.org/https-proxy-agent set size:undefined disposed:false
257 silly fetch manifest @ampproject/remapping@2.3.0
258 silly packumentCache full:https://registry.npmjs.org/@ampproject%2fremapping cache-miss
259 http fetch GET 200 https://registry.npmjs.org/magic-string 282ms (cache miss)
260 silly packumentCache full:https://registry.npmjs.org/magic-string set size:undefined disposed:false
261 silly fetch manifest istanbul-lib-instrument@6.0.3
262 silly packumentCache full:https://registry.npmjs.org/istanbul-lib-instrument cache-miss
263 http fetch GET 200 https://registry.npmjs.org/rolldown 723ms (cache miss)
264 silly packumentCache full:https://registry.npmjs.org/rolldown set size:undefined disposed:false
265 silly fetch manifest @vitejs/plugin-basic-ssl@2.1.4
266 silly packumentCache full:https://registry.npmjs.org/@vitejs%2fplugin-basic-ssl cache-miss
267 http fetch GET 200 https://registry.npmjs.org/@babel%2fcore 529ms (cache miss)
268 silly packumentCache full:https://registry.npmjs.org/@babel%2fcore set size:undefined disposed:false
269 silly fetch manifest @angular-devkit/architect@0.2102.24
270 silly packumentCache full:https://registry.npmjs.org/@angular-devkit%2farchitect cache-miss
271 http fetch GET 200 https://registry.npmjs.org/source-map-support 223ms (cache miss)
272 silly packumentCache full:https://registry.npmjs.org/source-map-support set size:undefined disposed:false
273 silly fetch manifest parse5-html-rewriting-stream@8.0.0
274 silly packumentCache full:https://registry.npmjs.org/parse5-html-rewriting-stream cache-miss
275 http fetch GET 200 https://registry.npmjs.org/istanbul-lib-instrument 199ms (cache miss)
276 silly packumentCache full:https://registry.npmjs.org/istanbul-lib-instrument set size:undefined disposed:false
277 silly fetch manifest @babel/helper-annotate-as-pure@7.27.3
278 silly packumentCache full:https://registry.npmjs.org/@babel%2fhelper-annotate-as-pure cache-miss
279 http fetch GET 200 https://registry.npmjs.org/@inquirer%2fconfirm 448ms (cache miss)
280 silly packumentCache full:https://registry.npmjs.org/@inquirer%2fconfirm set size:undefined disposed:false
281 silly fetch manifest @babel/helper-split-export-declaration@7.24.7
282 silly packumentCache full:https://registry.npmjs.org/@babel%2fhelper-split-export-declaration cache-miss
283 http fetch GET 200 https://registry.npmjs.org/parse5-html-rewriting-stream 192ms (cache miss)
284 silly packumentCache full:https://registry.npmjs.org/parse5-html-rewriting-stream set size:undefined disposed:false
285 silly fetch manifest lmdb@3.5.1
286 silly packumentCache full:https://registry.npmjs.org/lmdb cache-miss
287 http fetch GET 200 https://registry.npmjs.org/@vitejs%2fplugin-basic-ssl 476ms (cache miss)
288 silly packumentCache full:https://registry.npmjs.org/@vitejs%2fplugin-basic-ssl set size:undefined disposed:false
289 silly fetch manifest yargs@^18.0.0
290 silly packumentCache full:https://registry.npmjs.org/yargs cache-miss
291 http fetch GET 200 https://registry.npmjs.org/@ampproject%2fremapping 595ms (cache miss)
292 silly packumentCache full:https://registry.npmjs.org/@ampproject%2fremapping set size:undefined disposed:false
293 silly fetch manifest semver@^7.0.0
294 silly packumentCache full:https://registry.npmjs.org/semver cache-miss
295 http fetch GET 200 https://registry.npmjs.org/@babel%2fhelper-annotate-as-pure 389ms (cache miss)
296 silly packumentCache full:https://registry.npmjs.org/@babel%2fhelper-annotate-as-pure set size:undefined disposed:false
297 silly fetch manifest chokidar@^5.0.0
298 silly packumentCache full:https://registry.npmjs.org/chokidar cache-miss
299 http fetch GET 200 https://registry.npmjs.org/@babel%2fhelper-split-export-declaration 392ms (cache miss)
300 silly packumentCache full:https://registry.npmjs.org/@babel%2fhelper-split-export-declaration set size:undefined disposed:false
301 silly fetch manifest reflect-metadata@^0.2.0
302 silly packumentCache full:https://registry.npmjs.org/reflect-metadata cache-miss
303 http cache https://registry.npmjs.org/semver 91ms (cache hit)
304 silly packumentCache full:https://registry.npmjs.org/semver set size:246128 disposed:false
305 silly fetch manifest convert-source-map@^1.5.1
306 silly packumentCache full:https://registry.npmjs.org/convert-source-map cache-miss
307 http fetch GET 200 https://registry.npmjs.org/lmdb 365ms (cache miss)
308 silly packumentCache full:https://registry.npmjs.org/lmdb set size:undefined disposed:false
309 silly fetch manifest @jridgewell/sourcemap-codec@^1.4.14
310 silly packumentCache full:https://registry.npmjs.org/@jridgewell%2fsourcemap-codec cache-miss
311 http fetch GET 200 https://registry.npmjs.org/yargs 202ms (cache miss)
312 silly packumentCache full:https://registry.npmjs.org/yargs set size:undefined disposed:false
313 silly fetch manifest ini@6.0.0
314 silly packumentCache full:https://registry.npmjs.org/ini cache-miss
315 http fetch GET 200 https://registry.npmjs.org/reflect-metadata 211ms (cache miss)
316 silly packumentCache full:https://registry.npmjs.org/reflect-metadata set size:undefined disposed:false
317 silly fetch manifest zod@4.3.6
318 silly packumentCache full:https://registry.npmjs.org/zod cache-miss
319 http fetch GET 200 https://registry.npmjs.org/chokidar 252ms (cache miss)
320 silly packumentCache full:https://registry.npmjs.org/chokidar set size:undefined disposed:false
321 silly fetch manifest yargs@18.0.0
322 silly packumentCache full:https://registry.npmjs.org/yargs cache-miss
323 http cache https://registry.npmjs.org/yargs 26ms (cache hit)
324 silly packumentCache full:https://registry.npmjs.org/yargs set size:759965 disposed:false
325 silly fetch manifest pacote@21.5.1
326 silly packumentCache full:https://registry.npmjs.org/pacote cache-miss
327 http fetch GET 200 https://registry.npmjs.org/convert-source-map 241ms (cache miss)
328 silly packumentCache full:https://registry.npmjs.org/convert-source-map set size:undefined disposed:false
329 silly fetch manifest algoliasearch@5.48.1
330 silly packumentCache full:https://registry.npmjs.org/algoliasearch cache-miss
331 http fetch GET 200 https://registry.npmjs.org/@angular-devkit%2farchitect 792ms (cache miss)
332 silly packumentCache full:https://registry.npmjs.org/@angular-devkit%2farchitect set size:undefined disposed:false
333 silly fetch manifest npm-package-arg@13.0.2
334 silly packumentCache full:https://registry.npmjs.org/npm-package-arg cache-miss
335 http fetch GET 200 https://registry.npmjs.org/ini 202ms (cache miss)
336 silly packumentCache full:https://registry.npmjs.org/ini set size:undefined disposed:false
337 silly fetch manifest @inquirer/prompts@7.10.1
338 silly packumentCache full:https://registry.npmjs.org/@inquirer%2fprompts cache-miss
339 http fetch GET 200 https://registry.npmjs.org/pacote 266ms (cache miss)
340 silly packumentCache full:https://registry.npmjs.org/pacote set size:undefined disposed:false
341 silly fetch manifest @yarnpkg/lockfile@1.1.0
342 silly packumentCache full:https://registry.npmjs.org/@yarnpkg%2flockfile cache-miss
343 http fetch GET 200 https://registry.npmjs.org/npm-package-arg 233ms (cache miss)
344 silly packumentCache full:https://registry.npmjs.org/npm-package-arg set size:undefined disposed:false
345 silly fetch manifest @schematics/angular@21.2.24
346 silly packumentCache full:https://registry.npmjs.org/@schematics%2fangular cache-miss
347 http fetch GET 200 https://registry.npmjs.org/@jridgewell%2fsourcemap-codec 473ms (cache miss)
348 silly packumentCache full:https://registry.npmjs.org/@jridgewell%2fsourcemap-codec set size:undefined disposed:false
349 silly fetch manifest @angular-devkit/core@21.2.24
350 silly packumentCache full:https://registry.npmjs.org/@angular-devkit%2fcore cache-miss
351 http fetch GET 200 https://registry.npmjs.org/zod 390ms (cache miss)
352 silly packumentCache full:https://registry.npmjs.org/zod set size:undefined disposed:false
353 silly fetch manifest @modelcontextprotocol/sdk@1.30.0
354 silly packumentCache full:https://registry.npmjs.org/@modelcontextprotocol%2fsdk cache-miss
355 http fetch GET 200 https://registry.npmjs.org/algoliasearch 504ms (cache miss)
356 silly packumentCache full:https://registry.npmjs.org/algoliasearch set size:undefined disposed:false
357 silly fetch manifest @angular-devkit/schematics@21.2.24
358 silly packumentCache full:https://registry.npmjs.org/@angular-devkit%2fschematics cache-miss
359 http fetch GET 200 https://registry.npmjs.org/@inquirer%2fprompts 551ms (cache miss)
360 silly packumentCache full:https://registry.npmjs.org/@inquirer%2fprompts set size:undefined disposed:false
361 silly fetch manifest @listr2/prompt-adapter-inquirer@3.0.5
362 silly packumentCache full:https://registry.npmjs.org/@listr2%2fprompt-adapter-inquirer cache-miss
363 http fetch GET 200 https://registry.npmjs.org/@modelcontextprotocol%2fsdk 308ms (cache miss)
364 silly packumentCache full:https://registry.npmjs.org/@modelcontextprotocol%2fsdk set size:undefined disposed:false
365 silly fetch manifest @standard-schema/spec@^1.0.0
366 silly packumentCache full:https://registry.npmjs.org/@standard-schema%2fspec cache-miss
367 http fetch GET 200 https://registry.npmjs.org/@yarnpkg%2flockfile 526ms (cache miss)
368 silly packumentCache full:https://registry.npmjs.org/@yarnpkg%2flockfile set size:undefined disposed:false
369 silly fetch manifest ws@^8.18.3
370 silly packumentCache full:https://registry.npmjs.org/ws cache-miss
371 http fetch GET 200 https://registry.npmjs.org/@standard-schema%2fspec 156ms (cache miss)
372 silly packumentCache full:https://registry.npmjs.org/@standard-schema%2fspec set size:undefined disposed:false
373 silly fetch manifest saxes@^6.0.0
374 silly packumentCache full:https://registry.npmjs.org/saxes cache-miss
375 http fetch GET 200 https://registry.npmjs.org/ws 106ms (cache miss)
376 silly packumentCache full:https://registry.npmjs.org/ws set size:undefined disposed:false
377 silly fetch manifest parse5@^8.0.0
378 silly packumentCache full:https://registry.npmjs.org/parse5 cache-miss
379 http fetch GET 200 https://registry.npmjs.org/@schematics%2fangular 653ms (cache miss)
380 silly packumentCache full:https://registry.npmjs.org/@schematics%2fangular set size:undefined disposed:false
381 silly fetch manifest cssstyle@^5.3.4
382 silly packumentCache full:https://registry.npmjs.org/cssstyle cache-miss
383 http fetch GET 200 https://registry.npmjs.org/@angular-devkit%2fcore 673ms (cache miss)
384 silly packumentCache full:https://registry.npmjs.org/@angular-devkit%2fcore set size:undefined disposed:false
385 silly fetch manifest data-urls@^6.0.0
386 silly packumentCache full:https://registry.npmjs.org/data-urls cache-miss
387 http fetch GET 200 https://registry.npmjs.org/saxes 210ms (cache miss)
388 silly packumentCache full:https://registry.npmjs.org/saxes set size:undefined disposed:false
389 silly fetch manifest decimal.js@^10.6.0
390 silly packumentCache full:https://registry.npmjs.org/decimal.js cache-miss
391 http fetch GET 200 https://registry.npmjs.org/@listr2%2fprompt-adapter-inquirer 435ms (cache miss)
392 silly packumentCache full:https://registry.npmjs.org/@listr2%2fprompt-adapter-inquirer set size:undefined disposed:false
393 silly fetch manifest whatwg-url@^15.1.0
394 silly packumentCache full:https://registry.npmjs.org/whatwg-url cache-miss
395 http fetch GET 200 https://registry.npmjs.org/parse5 268ms (cache miss)
396 silly packumentCache full:https://registry.npmjs.org/parse5 set size:undefined disposed:false
397 silly fetch manifest symbol-tree@^3.2.4
398 silly packumentCache full:https://registry.npmjs.org/symbol-tree cache-miss
399 http fetch GET 200 https://registry.npmjs.org/data-urls 255ms (cache miss)
400 silly packumentCache full:https://registry.npmjs.org/data-urls set size:undefined disposed:false
401 silly fetch manifest tough-cookie@^6.0.0
402 silly packumentCache full:https://registry.npmjs.org/tough-cookie cache-miss
403 http fetch GET 200 https://registry.npmjs.org/whatwg-url 185ms (cache miss)
404 silly packumentCache full:https://registry.npmjs.org/whatwg-url set size:undefined disposed:false
405 silly fetch manifest @acemir/cssom@^0.9.28
406 silly packumentCache full:https://registry.npmjs.org/@acemir%2fcssom cache-miss
407 http fetch GET 200 https://registry.npmjs.org/cssstyle 319ms (cache miss)
408 silly packumentCache full:https://registry.npmjs.org/cssstyle set size:undefined disposed:false
409 silly fetch manifest @exodus/bytes@^1.6.0
410 silly packumentCache full:https://registry.npmjs.org/@exodus%2fbytes cache-miss
411 http fetch GET 200 https://registry.npmjs.org/decimal.js 246ms (cache miss)
412 silly packumentCache full:https://registry.npmjs.org/decimal.js set size:undefined disposed:false
413 silly fetch manifest whatwg-mimetype@^4.0.0
414 silly packumentCache full:https://registry.npmjs.org/whatwg-mimetype cache-miss
415 http fetch GET 200 https://registry.npmjs.org/@angular-devkit%2fschematics 791ms (cache miss)
416 silly packumentCache full:https://registry.npmjs.org/@angular-devkit%2fschematics set size:undefined disposed:false
417 silly fetch manifest http-proxy-agent@^7.0.2
418 silly packumentCache full:https://registry.npmjs.org/http-proxy-agent cache-miss
419 http fetch GET 200 https://registry.npmjs.org/symbol-tree 195ms (cache miss)
420 silly packumentCache full:https://registry.npmjs.org/symbol-tree set size:undefined disposed:false
421 silly fetch manifest https-proxy-agent@^7.0.6
422 silly packumentCache full:https://registry.npmjs.org/https-proxy-agent cache-miss
423 http cache https://registry.npmjs.org/https-proxy-agent 17ms (cache hit)
424 silly packumentCache full:https://registry.npmjs.org/https-proxy-agent set size:83792 disposed:false
425 silly fetch manifest w3c-xmlserializer@^5.0.0
426 silly packumentCache full:https://registry.npmjs.org/w3c-xmlserializer cache-miss
427 http fetch GET 200 https://registry.npmjs.org/vite 3318ms (cache miss)
428 silly packumentCache full:https://registry.npmjs.org/vite set size:undefined disposed:false
429 silly fetch manifest webidl-conversions@^8.0.0
430 silly packumentCache full:https://registry.npmjs.org/webidl-conversions cache-miss
431 http fetch GET 200 https://registry.npmjs.org/whatwg-mimetype 742ms (cache miss)
432 silly packumentCache full:https://registry.npmjs.org/whatwg-mimetype set size:undefined disposed:false
433 silly fetch manifest xml-name-validator@^5.0.0
434 silly packumentCache full:https://registry.npmjs.org/xml-name-validator cache-miss
435 http fetch GET 200 https://registry.npmjs.org/w3c-xmlserializer 654ms (cache miss)
436 silly packumentCache full:https://registry.npmjs.org/w3c-xmlserializer set size:undefined disposed:false
437 silly fetch manifest html-encoding-sniffer@^6.0.0
438 silly packumentCache full:https://registry.npmjs.org/html-encoding-sniffer cache-miss
439 http fetch GET 200 https://registry.npmjs.org/@acemir%2fcssom 804ms (cache miss)
440 silly packumentCache full:https://registry.npmjs.org/@acemir%2fcssom set size:undefined disposed:false
441 silly fetch manifest @asamuzakjp/dom-selector@^6.7.6
442 silly packumentCache full:https://registry.npmjs.org/@asamuzakjp%2fdom-selector cache-miss
443 http fetch GET 200 https://registry.npmjs.org/http-proxy-agent 715ms (cache miss)
444 silly packumentCache full:https://registry.npmjs.org/http-proxy-agent set size:undefined disposed:false
445 silly fetch manifest is-potential-custom-element-name@^1.0.1
446 silly packumentCache full:https://registry.npmjs.org/is-potential-custom-element-name cache-miss
447 http fetch GET 200 https://registry.npmjs.org/tough-cookie 845ms (cache miss)
448 silly packumentCache full:https://registry.npmjs.org/tough-cookie set size:undefined disposed:false
449 silly fetch manifest obug@^2.1.1
450 silly packumentCache full:https://registry.npmjs.org/obug cache-miss
451 http fetch GET 200 https://registry.npmjs.org/@exodus%2fbytes 825ms (cache miss)
452 silly packumentCache full:https://registry.npmjs.org/@exodus%2fbytes set size:undefined disposed:false
453 silly fetch manifest vite@^6.0.0 || ^7.0.0 || ^8.0.0
454 silly packumentCache full:https://registry.npmjs.org/vite cache-miss
455 http fetch GET 200 https://registry.npmjs.org/webidl-conversions 248ms (cache miss)
456 silly packumentCache full:https://registry.npmjs.org/webidl-conversions set size:undefined disposed:false
457 silly fetch manifest pathe@^2.0.3
458 silly packumentCache full:https://registry.npmjs.org/pathe cache-miss
459 http cache https://registry.npmjs.org/vite 165ms (cache hit)
460 silly packumentCache full:https://registry.npmjs.org/vite set size:38945461 disposed:false
461 silly fetch manifest std-env@^4.0.0-rc.1
462 silly packumentCache full:https://registry.npmjs.org/std-env cache-miss
463 http fetch GET 200 https://registry.npmjs.org/is-potential-custom-element-name 648ms (cache miss)
464 silly packumentCache full:https://registry.npmjs.org/is-potential-custom-element-name set size:undefined disposed:false
465 silly fetch manifest tinyexec@^1.0.2
466 silly packumentCache full:https://registry.npmjs.org/tinyexec cache-miss
467 http fetch GET 200 https://registry.npmjs.org/xml-name-validator 671ms (cache miss)
468 silly packumentCache full:https://registry.npmjs.org/xml-name-validator set size:undefined disposed:false
469 silly fetch manifest picomatch@^4.0.3
470 silly packumentCache full:https://registry.npmjs.org/picomatch cache-miss
471 http fetch GET 200 https://registry.npmjs.org/html-encoding-sniffer 669ms (cache miss)
472 silly packumentCache full:https://registry.npmjs.org/html-encoding-sniffer set size:undefined disposed:false
473 silly fetch manifest tinybench@^2.9.0
474 silly packumentCache full:https://registry.npmjs.org/tinybench cache-miss
475 http fetch GET 200 https://registry.npmjs.org/obug 642ms (cache miss)
476 silly packumentCache full:https://registry.npmjs.org/obug set size:undefined disposed:false
477 silly fetch manifest tinyglobby@^0.2.15
478 silly packumentCache full:https://registry.npmjs.org/tinyglobby cache-miss
479 http fetch GET 200 https://registry.npmjs.org/pathe 632ms (cache miss)
480 silly packumentCache full:https://registry.npmjs.org/pathe set size:undefined disposed:false
481 silly fetch manifest @vitest/spy@4.1.11
482 silly packumentCache full:https://registry.npmjs.org/@vitest%2fspy cache-miss
483 http cache https://registry.npmjs.org/picomatch 56ms (cache hit)
484 silly packumentCache full:https://registry.npmjs.org/picomatch set size:134451 disposed:false
485 silly fetch manifest expect-type@^1.3.0
486 silly packumentCache full:https://registry.npmjs.org/expect-type cache-miss
487 http cache https://registry.npmjs.org/tinyglobby 45ms (cache hit)
488 silly packumentCache full:https://registry.npmjs.org/tinyglobby set size:54291 disposed:false
489 silly fetch manifest tinyrainbow@^3.1.0
490 silly packumentCache full:https://registry.npmjs.org/tinyrainbow cache-miss
491 http fetch GET 200 https://registry.npmjs.org/@asamuzakjp%2fdom-selector 737ms (cache miss)
492 silly packumentCache full:https://registry.npmjs.org/@asamuzakjp%2fdom-selector set size:undefined disposed:false
493 silly fetch manifest magic-string@^0.30.21
494 silly packumentCache full:https://registry.npmjs.org/magic-string cache-miss
495 http fetch GET 200 https://registry.npmjs.org/std-env 232ms (cache miss)
496 silly packumentCache full:https://registry.npmjs.org/std-env set size:undefined disposed:false
497 silly fetch manifest @vitest/utils@4.1.11
498 silly packumentCache full:https://registry.npmjs.org/@vitest%2futils cache-miss
499 http cache https://registry.npmjs.org/magic-string 29ms (cache hit)
500 silly packumentCache full:https://registry.npmjs.org/magic-string set size:366087 disposed:false
501 silly fetch manifest @vitest/expect@4.1.11
502 silly packumentCache full:https://registry.npmjs.org/@vitest%2fexpect cache-miss
503 http fetch GET 200 https://registry.npmjs.org/tinyexec 179ms (cache miss)
504 silly packumentCache full:https://registry.npmjs.org/tinyexec set size:undefined disposed:false
505 silly fetch manifest @vitest/mocker@4.1.11
506 silly packumentCache full:https://registry.npmjs.org/@vitest%2fmocker cache-miss
507 http fetch GET 200 https://registry.npmjs.org/tinybench 198ms (cache miss)
508 silly packumentCache full:https://registry.npmjs.org/tinybench set size:undefined disposed:false
509 silly fetch manifest @vitest/runner@4.1.11
510 silly packumentCache full:https://registry.npmjs.org/@vitest%2frunner cache-miss
511 http fetch GET 200 https://registry.npmjs.org/tinyrainbow 178ms (cache miss)
512 silly packumentCache full:https://registry.npmjs.org/tinyrainbow set size:undefined disposed:false
513 silly fetch manifest es-module-lexer@^2.0.0
514 silly packumentCache full:https://registry.npmjs.org/es-module-lexer cache-miss
515 http fetch GET 200 https://registry.npmjs.org/expect-type 199ms (cache miss)
516 silly packumentCache full:https://registry.npmjs.org/expect-type set size:undefined disposed:false
517 silly fetch manifest @vitest/snapshot@4.1.11
518 silly packumentCache full:https://registry.npmjs.org/@vitest%2fsnapshot cache-miss
519 http fetch GET 200 https://registry.npmjs.org/es-module-lexer 192ms (cache miss)
520 silly packumentCache full:https://registry.npmjs.org/es-module-lexer set size:undefined disposed:false
521 silly fetch manifest why-is-node-running@^2.3.0
522 silly packumentCache full:https://registry.npmjs.org/why-is-node-running cache-miss
523 http fetch GET 200 https://registry.npmjs.org/@vitest%2fspy 434ms (cache miss)
524 silly packumentCache full:https://registry.npmjs.org/@vitest%2fspy set size:undefined disposed:false
525 silly fetch manifest @vitest/pretty-format@4.1.11
526 silly packumentCache full:https://registry.npmjs.org/@vitest%2fpretty-format cache-miss
527 http fetch GET 200 https://registry.npmjs.org/@vitest%2futils 447ms (cache miss)
528 silly packumentCache full:https://registry.npmjs.org/@vitest%2futils set size:undefined disposed:false
529 http fetch GET 200 https://registry.npmjs.org/@vitest%2fexpect 452ms (cache miss)
530 silly packumentCache full:https://registry.npmjs.org/@vitest%2fexpect set size:undefined disposed:false
531 http fetch GET 200 https://registry.npmjs.org/why-is-node-running 190ms (cache miss)
532 silly packumentCache full:https://registry.npmjs.org/why-is-node-running set size:undefined disposed:false
533 http fetch GET 200 https://registry.npmjs.org/@vitest%2fmocker 461ms (cache miss)
534 silly packumentCache full:https://registry.npmjs.org/@vitest%2fmocker set size:undefined disposed:false
535 http fetch GET 200 https://registry.npmjs.org/@vitest%2frunner 449ms (cache miss)
536 silly packumentCache full:https://registry.npmjs.org/@vitest%2frunner set size:undefined disposed:false
537 http fetch GET 200 https://registry.npmjs.org/@vitest%2fsnapshot 534ms (cache miss)
538 silly packumentCache full:https://registry.npmjs.org/@vitest%2fsnapshot set size:undefined disposed:false
539 http fetch GET 200 https://registry.npmjs.org/@vitest%2fpretty-format 425ms (cache miss)
540 silly packumentCache full:https://registry.npmjs.org/@vitest%2fpretty-format set size:undefined disposed:false
541 silly fetch manifest @types/node@^20.19.0 || >=22.12.0
542 silly packumentCache full:https://registry.npmjs.org/@types%2fnode cache-miss
543 http cache https://registry.npmjs.org/@types%2fnode 65ms (cache hit)
544 silly packumentCache full:https://registry.npmjs.org/@types%2fnode set size:11136520 disposed:false
545 silly fetch manifest jiti@>=1.21.0
546 silly packumentCache full:https://registry.npmjs.org/jiti cache-miss
547 http fetch GET 200 https://registry.npmjs.org/jiti 182ms (cache miss)
548 silly packumentCache full:https://registry.npmjs.org/jiti set size:undefined disposed:false
549 silly fetch manifest lightningcss@^1.21.0
550 silly packumentCache full:https://registry.npmjs.org/lightningcss cache-miss
551 http fetch GET 200 https://registry.npmjs.org/lightningcss 169ms (cache miss)
552 silly packumentCache full:https://registry.npmjs.org/lightningcss set size:undefined disposed:false
553 silly fetch manifest sass-embedded@^1.70.0
554 silly packumentCache full:https://registry.npmjs.org/sass-embedded cache-miss
555 http fetch GET 200 https://registry.npmjs.org/sass-embedded 184ms (cache miss)
556 silly packumentCache full:https://registry.npmjs.org/sass-embedded set size:undefined disposed:false
557 silly fetch manifest stylus@>=0.54.8
558 silly packumentCache full:https://registry.npmjs.org/stylus cache-miss
559 http fetch GET 200 https://registry.npmjs.org/stylus 180ms (cache miss)
560 silly packumentCache full:https://registry.npmjs.org/stylus set size:undefined disposed:false
561 silly fetch manifest sugarss@^5.0.0
562 silly packumentCache full:https://registry.npmjs.org/sugarss cache-miss
563 http fetch GET 200 https://registry.npmjs.org/sugarss 173ms (cache miss)
564 silly packumentCache full:https://registry.npmjs.org/sugarss set size:undefined disposed:false
565 silly fetch manifest terser@^5.16.0
566 silly packumentCache full:https://registry.npmjs.org/terser cache-miss
567 http fetch GET 200 https://registry.npmjs.org/terser 189ms (cache miss)
568 silly packumentCache full:https://registry.npmjs.org/terser set size:undefined disposed:false
569 silly fetch manifest tsx@^4.8.1
570 silly packumentCache full:https://registry.npmjs.org/tsx cache-miss
571 http fetch GET 200 https://registry.npmjs.org/tsx 180ms (cache miss)
572 silly packumentCache full:https://registry.npmjs.org/tsx set size:undefined disposed:false
573 silly fetch manifest yaml@^2.4.2
574 silly packumentCache full:https://registry.npmjs.org/yaml cache-miss
575 http fetch GET 200 https://registry.npmjs.org/yaml 178ms (cache miss)
576 silly packumentCache full:https://registry.npmjs.org/yaml set size:undefined disposed:false
577 silly fetch manifest @types/node@>=18
578 silly packumentCache full:https://registry.npmjs.org/@types%2fnode cache-miss
579 http cache https://registry.npmjs.org/@types%2fnode 49ms (cache hit)
580 silly packumentCache full:https://registry.npmjs.org/@types%2fnode set size:11136520 disposed:false
581 silly placeDep ROOT @ampproject/remapping@2.3.0 OK for: @angular/build@21.2.24 want: 2.3.0
582 silly placeDep ROOT @angular-devkit/architect@0.2102.24 OK for: @angular/build@21.2.24 want: 0.2102.24
583 silly placeDep ROOT @babel/core@7.29.7 OK for: @angular/build@21.2.24 want: 7.29.7
584 silly placeDep ROOT @babel/helper-annotate-as-pure@7.27.3 OK for: @angular/build@21.2.24 want: 7.27.3
585 silly placeDep ROOT @babel/helper-split-export-declaration@7.24.7 OK for: @angular/build@21.2.24 want: 7.24.7
586 silly placeDep ROOT @inquirer/confirm@5.1.21 OK for: @angular/build@21.2.24 want: 5.1.21
587 silly placeDep ROOT @vitejs/plugin-basic-ssl@2.1.4 OK for: @angular/build@21.2.24 want: 2.1.4
588 silly placeDep ROOT vite@7.3.6 OK for: @vitejs/plugin-basic-ssl@2.1.4 want: ^6.0.0 || ^7.0.0
589 silly placeDep ROOT beasties@0.4.1 OK for: @angular/build@21.2.24 want: 0.4.1
590 silly placeDep ROOT browserslist@4.29.0 OK for: @angular/build@21.2.24 want: ^4.26.0
591 silly placeDep ROOT esbuild@0.28.1 OK for: @angular/build@21.2.24 want: 0.28.1
592 silly placeDep ROOT https-proxy-agent@7.0.6 OK for: @angular/build@21.2.24 want: 7.0.6
593 silly placeDep ROOT istanbul-lib-instrument@6.0.3 OK for: @angular/build@21.2.24 want: 6.0.3
594 silly placeDep ROOT jsonc-parser@3.3.1 OK for: @angular/build@21.2.24 want: 3.3.1
595 silly placeDep ROOT listr2@9.0.5 OK for: @angular/build@21.2.24 want: 9.0.5
596 silly placeDep ROOT lmdb@3.5.1 OK for: @angular/build@21.2.24 want: 3.5.1
597 silly placeDep ROOT magic-string@0.30.21 OK for: @angular/build@21.2.24 want: 0.30.21
598 silly placeDep ROOT mrmime@2.0.1 OK for: @angular/build@21.2.24 want: 2.0.1
599 silly placeDep ROOT parse5-html-rewriting-stream@8.0.0 OK for: @angular/build@21.2.24 want: 8.0.0
600 silly placeDep ROOT picomatch@4.0.4 OK for: @angular/build@21.2.24 want: 4.0.4
601 silly placeDep ROOT piscina@5.2.0 OK for: @angular/build@21.2.24 want: 5.2.0
602 silly placeDep ROOT rolldown@1.0.0-rc.4 OK for: @angular/build@21.2.24 want: 1.0.0-rc.4
603 silly placeDep ROOT sass@1.97.3 OK for: @angular/build@21.2.24 want: 1.97.3
604 silly placeDep ROOT semver@7.7.4 OK for: @angular/build@21.2.24 want: 7.7.4
605 silly placeDep ROOT source-map-support@0.5.21 OK for: @angular/build@21.2.24 want: 0.5.21
606 silly placeDep ROOT tinyglobby@0.2.15 OK for: @angular/build@21.2.24 want: 0.2.15
607 silly placeDep ROOT undici@7.29.1 OK for: @angular/build@21.2.24 want: 7.29.1
608 silly placeDep ROOT watchpack@2.5.1 OK for: @angular/build@21.2.24 want: 2.5.1
609 silly fetch manifest @jridgewell/gen-mapping@^0.3.5
610 silly packumentCache full:https://registry.npmjs.org/@jridgewell%2fgen-mapping cache-miss
611 silly fetch manifest @jridgewell/trace-mapping@^0.3.24
612 silly packumentCache full:https://registry.npmjs.org/@jridgewell%2ftrace-mapping cache-miss
613 silly fetch manifest debug@^4.1.0
614 silly packumentCache full:https://registry.npmjs.org/debug cache-miss
615 silly fetch manifest json5@^2.2.3
616 silly packumentCache full:https://registry.npmjs.org/json5 cache-miss
617 silly fetch manifest semver@^6.3.1
618 silly packumentCache full:https://registry.npmjs.org/semver cache-hit
619 silly fetch manifest gensync@^1.0.0-beta.2
620 silly packumentCache full:https://registry.npmjs.org/gensync cache-miss
621 silly fetch manifest @babel/types@^7.29.7
622 silly packumentCache full:https://registry.npmjs.org/@babel%2ftypes cache-miss
623 silly fetch manifest @babel/parser@^7.29.7
624 silly packumentCache full:https://registry.npmjs.org/@babel%2fparser cache-miss
625 http fetch GET 200 https://registry.npmjs.org/json5 56ms (cache miss)
626 silly packumentCache full:https://registry.npmjs.org/json5 set size:undefined disposed:false
627 silly fetch manifest @babel/helpers@^7.29.7
628 silly packumentCache full:https://registry.npmjs.org/@babel%2fhelpers cache-miss
629 http fetch GET 200 https://registry.npmjs.org/debug 62ms (cache miss)
630 silly packumentCache full:https://registry.npmjs.org/debug set size:undefined disposed:false
631 silly fetch manifest @babel/template@^7.29.7
632 silly packumentCache full:https://registry.npmjs.org/@babel%2ftemplate cache-miss
633 http fetch GET 200 https://registry.npmjs.org/gensync 181ms (cache miss)
634 silly packumentCache full:https://registry.npmjs.org/gensync set size:undefined disposed:false
635 silly fetch manifest @babel/traverse@^7.29.7
636 silly packumentCache full:https://registry.npmjs.org/@babel%2ftraverse cache-miss
637 http fetch GET 200 https://registry.npmjs.org/@babel%2fparser 347ms (cache miss)
638 silly packumentCache full:https://registry.npmjs.org/@babel%2fparser set size:undefined disposed:false
639 silly fetch manifest @babel/generator@^7.29.7
640 silly packumentCache full:https://registry.npmjs.org/@babel%2fgenerator cache-miss
641 http fetch GET 200 https://registry.npmjs.org/@babel%2ftypes 381ms (cache miss)
642 silly packumentCache full:https://registry.npmjs.org/@babel%2ftypes set size:undefined disposed:false
643 silly fetch manifest @babel/code-frame@^7.29.7
644 silly packumentCache full:https://registry.npmjs.org/@babel%2fcode-frame cache-miss
645 http fetch GET 200 https://registry.npmjs.org/@babel%2ftemplate 494ms (cache miss)
646 silly packumentCache full:https://registry.npmjs.org/@babel%2ftemplate set size:undefined disposed:false
647 silly fetch manifest convert-source-map@^2.0.0
648 silly packumentCache full:https://registry.npmjs.org/convert-source-map cache-miss
649 http fetch GET 200 https://registry.npmjs.org/@babel%2fhelpers 516ms (cache miss)
650 silly packumentCache full:https://registry.npmjs.org/@babel%2fhelpers set size:undefined disposed:false
651 silly fetch manifest @jridgewell/remapping@^2.3.5
652 silly packumentCache full:https://registry.npmjs.org/@jridgewell%2fremapping cache-miss
653 http fetch GET 200 https://registry.npmjs.org/@jridgewell%2fgen-mapping 602ms (cache miss)
654 silly packumentCache full:https://registry.npmjs.org/@jridgewell%2fgen-mapping set size:undefined disposed:false
655 silly fetch manifest @babel/helper-module-transforms@^7.29.7
656 silly packumentCache full:https://registry.npmjs.org/@babel%2fhelper-module-transforms cache-miss
657 http cache https://registry.npmjs.org/convert-source-map 38ms (cache hit)
658 silly packumentCache full:https://registry.npmjs.org/convert-source-map set size:66997 disposed:false
659 silly fetch manifest @babel/helper-compilation-targets@^7.29.7
660 silly packumentCache full:https://registry.npmjs.org/@babel%2fhelper-compilation-targets cache-miss
661 http fetch GET 200 https://registry.npmjs.org/@jridgewell%2ftrace-mapping 617ms (cache miss)
662 silly packumentCache full:https://registry.npmjs.org/@jridgewell%2ftrace-mapping set size:undefined disposed:false
663 silly fetch manifest @babel/types@^7.27.3
664 silly packumentCache full:https://registry.npmjs.org/@babel%2ftypes cache-miss
665 http fetch GET 200 https://registry.npmjs.org/@babel%2ftraverse 448ms (cache miss)
666 silly packumentCache full:https://registry.npmjs.org/@babel%2ftraverse set size:undefined disposed:false
667 silly fetch manifest @babel/types@^7.24.7
668 silly packumentCache full:https://registry.npmjs.org/@babel%2ftypes cache-miss
669 http cache https://registry.npmjs.org/@babel%2ftypes 29ms (cache hit)
670 silly packumentCache full:https://registry.npmjs.org/@babel%2ftypes set size:505250 disposed:false
671 silly fetch manifest @inquirer/core@^10.3.2
672 silly packumentCache full:https://registry.npmjs.org/@inquirer%2fcore cache-miss
673 http cache https://registry.npmjs.org/@babel%2ftypes 57ms (cache hit)
674 silly packumentCache full:https://registry.npmjs.org/@babel%2ftypes set size:505250 disposed:false
675 silly packumentCache full:https://registry.npmjs.org/@babel%2ftypes dispose
676 silly fetch manifest @inquirer/type@^3.0.10
677 silly packumentCache full:https://registry.npmjs.org/@inquirer%2ftype cache-miss
678 http fetch GET 200 https://registry.npmjs.org/@babel%2fcode-frame 378ms (cache miss)
679 silly packumentCache full:https://registry.npmjs.org/@babel%2fcode-frame set size:undefined disposed:false
680 silly fetch manifest fdir@^6.5.0
681 silly packumentCache full:https://registry.npmjs.org/fdir cache-miss
682 http fetch GET 200 https://registry.npmjs.org/@babel%2fgenerator 426ms (cache miss)
683 silly packumentCache full:https://registry.npmjs.org/@babel%2fgenerator set size:undefined disposed:false
684 silly fetch manifest rollup@^4.43.0
685 silly packumentCache full:https://registry.npmjs.org/rollup cache-miss
686 http fetch GET 200 https://registry.npmjs.org/@babel%2fhelper-module-transforms 332ms (cache miss)
687 silly packumentCache full:https://registry.npmjs.org/@babel%2fhelper-module-transforms set size:undefined disposed:false
688 silly fetch manifest esbuild@^0.27.0 || ^0.28.0
689 silly packumentCache full:https://registry.npmjs.org/esbuild cache-miss
690 http fetch GET 200 https://registry.npmjs.org/@babel%2fhelper-compilation-targets 342ms (cache miss)
691 silly packumentCache full:https://registry.npmjs.org/@babel%2fhelper-compilation-targets set size:undefined disposed:false
692 silly fetch manifest postcss@^8.5.6
693 silly packumentCache full:https://registry.npmjs.org/postcss cache-miss
694 http cache https://registry.npmjs.org/esbuild 22ms (cache hit)
695 silly packumentCache full:https://registry.npmjs.org/esbuild set size:1264676 disposed:false
696 silly fetch manifest fsevents@~2.3.3
697 silly packumentCache full:https://registry.npmjs.org/fsevents cache-miss
698 http cache https://registry.npmjs.org/postcss 38ms (cache hit)
699 silly packumentCache full:https://registry.npmjs.org/postcss set size:766699 disposed:false
700 silly fetch manifest postcss@^8.4.49
701 silly packumentCache full:https://registry.npmjs.org/postcss cache-hit
702 silly fetch manifest css-what@^7.0.0
703 silly packumentCache full:https://registry.npmjs.org/css-what cache-miss
704 http fetch GET 200 https://registry.npmjs.org/@jridgewell%2fremapping 443ms (cache miss)
705 silly packumentCache full:https://registry.npmjs.org/@jridgewell%2fremapping set size:undefined disposed:false
706 silly fetch manifest css-select@^6.0.0
707 silly packumentCache full:https://registry.npmjs.org/css-select cache-miss
708 http fetch GET 200 https://registry.npmjs.org/fdir 250ms (cache miss)
709 silly packumentCache full:https://registry.npmjs.org/fdir set size:undefined disposed:false
710 silly fetch manifest domhandler@^5.0.3
711 silly packumentCache full:https://registry.npmjs.org/domhandler cache-miss
712 http fetch GET 200 https://registry.npmjs.org/css-what 67ms (cache miss)
713 silly packumentCache full:https://registry.npmjs.org/css-what set size:undefined disposed:false
714 silly fetch manifest picocolors@^1.1.1
715 silly packumentCache full:https://registry.npmjs.org/picocolors cache-miss
716 http fetch GET 200 https://registry.npmjs.org/@inquirer%2ftype 437ms (cache miss)
717 silly packumentCache full:https://registry.npmjs.org/@inquirer%2ftype set size:undefined disposed:false
718 silly fetch manifest htmlparser2@^10.0.0
719 silly packumentCache full:https://registry.npmjs.org/htmlparser2 cache-miss
720 http fetch GET 200 https://registry.npmjs.org/fsevents 200ms (cache miss)
721 silly packumentCache full:https://registry.npmjs.org/fsevents set size:undefined disposed:false
722 silly fetch manifest dom-serializer@^2.0.0
723 silly packumentCache full:https://registry.npmjs.org/dom-serializer cache-miss
724 http fetch GET 200 https://registry.npmjs.org/htmlparser2 84ms (cache miss)
725 silly packumentCache full:https://registry.npmjs.org/htmlparser2 set size:undefined disposed:false
726 silly fetch manifest postcss-safe-parser@^7.0.1
727 silly packumentCache full:https://registry.npmjs.org/postcss-safe-parser cache-miss
728 http fetch GET 200 https://registry.npmjs.org/css-select 237ms (cache miss)
729 silly packumentCache full:https://registry.npmjs.org/css-select set size:undefined disposed:false
730 silly fetch manifest postcss-media-query-parser@^0.2.3
731 silly packumentCache full:https://registry.npmjs.org/postcss-media-query-parser cache-miss
732 http fetch GET 200 https://registry.npmjs.org/@inquirer%2fcore 616ms (cache miss)
733 silly packumentCache full:https://registry.npmjs.org/@inquirer%2fcore set size:undefined disposed:false
734 silly fetch manifest caniuse-lite@^1.0.30001810
735 silly packumentCache full:https://registry.npmjs.org/caniuse-lite cache-miss
736 http fetch GET 200 https://registry.npmjs.org/domhandler 254ms (cache miss)
737 silly packumentCache full:https://registry.npmjs.org/domhandler set size:undefined disposed:false
738 silly fetch manifest node-releases@^2.0.55
739 silly packumentCache full:https://registry.npmjs.org/node-releases cache-miss
740 http fetch GET 200 https://registry.npmjs.org/picocolors 237ms (cache miss)
741 silly packumentCache full:https://registry.npmjs.org/picocolors set size:undefined disposed:false
742 silly fetch manifest electron-to-chromium@^1.5.427
743 silly packumentCache full:https://registry.npmjs.org/electron-to-chromium cache-miss
744 http fetch GET 200 https://registry.npmjs.org/rollup 526ms (cache miss)
745 silly packumentCache full:https://registry.npmjs.org/rollup set size:undefined disposed:false
746 silly fetch manifest update-browserslist-db@^1.3.3
747 silly packumentCache full:https://registry.npmjs.org/update-browserslist-db cache-miss
748 http fetch GET 200 https://registry.npmjs.org/postcss-media-query-parser 341ms (cache miss)
749 silly packumentCache full:https://registry.npmjs.org/postcss-media-query-parser set size:undefined disposed:false
750 silly fetch manifest baseline-browser-mapping@^2.11.23
751 silly packumentCache full:https://registry.npmjs.org/baseline-browser-mapping cache-miss
752 http fetch GET 200 https://registry.npmjs.org/dom-serializer 440ms (cache miss)
753 silly packumentCache full:https://registry.npmjs.org/dom-serializer set size:undefined disposed:false
754 silly fetch manifest @esbuild/aix-ppc64@0.28.1
755 silly packumentCache full:https://registry.npmjs.org/@esbuild%2faix-ppc64 cache-miss
756 http fetch GET 200 https://registry.npmjs.org/postcss-safe-parser 377ms (cache miss)
757 silly packumentCache full:https://registry.npmjs.org/postcss-safe-parser set size:undefined disposed:false
758 silly fetch manifest @esbuild/linux-arm@0.28.1
759 silly packumentCache full:https://registry.npmjs.org/@esbuild%2flinux-arm cache-miss
760 http fetch GET 200 https://registry.npmjs.org/node-releases 354ms (cache miss)
761 silly packumentCache full:https://registry.npmjs.org/node-releases set size:undefined disposed:false
762 silly fetch manifest @esbuild/linux-x64@0.28.1
763 silly packumentCache full:https://registry.npmjs.org/@esbuild%2flinux-x64 cache-miss
764 http fetch GET 200 https://registry.npmjs.org/update-browserslist-db 220ms (cache miss)
765 silly packumentCache full:https://registry.npmjs.org/update-browserslist-db set size:undefined disposed:false
766 silly fetch manifest @esbuild/sunos-x64@0.28.1
767 silly packumentCache full:https://registry.npmjs.org/@esbuild%2fsunos-x64 cache-miss
768 http fetch GET 200 https://registry.npmjs.org/caniuse-lite 471ms (cache miss)
769 silly packumentCache full:https://registry.npmjs.org/caniuse-lite set size:undefined disposed:false
770 silly fetch manifest @esbuild/win32-x64@0.28.1
771 silly packumentCache full:https://registry.npmjs.org/@esbuild%2fwin32-x64 cache-miss
772 http fetch GET 200 https://registry.npmjs.org/baseline-browser-mapping 216ms (cache miss)
773 silly packumentCache full:https://registry.npmjs.org/baseline-browser-mapping set size:undefined disposed:false
774 silly fetch manifest @esbuild/darwin-x64@0.28.1
775 silly packumentCache full:https://registry.npmjs.org/@esbuild%2fdarwin-x64 cache-miss
776 http fetch GET 200 https://registry.npmjs.org/electron-to-chromium 550ms (cache miss)
777 silly packumentCache full:https://registry.npmjs.org/electron-to-chromium set size:undefined disposed:false
778 silly fetch manifest @esbuild/linux-ia32@0.28.1
779 silly packumentCache full:https://registry.npmjs.org/@esbuild%2flinux-ia32 cache-miss
780 http fetch GET 200 https://registry.npmjs.org/@esbuild%2flinux-arm 414ms (cache miss)
781 silly packumentCache full:https://registry.npmjs.org/@esbuild%2flinux-arm set size:undefined disposed:false
782 silly fetch manifest @esbuild/netbsd-x64@0.28.1
783 silly packumentCache full:https://registry.npmjs.org/@esbuild%2fnetbsd-x64 cache-miss
784 http fetch GET 200 https://registry.npmjs.org/@esbuild%2flinux-x64 415ms (cache miss)
785 silly packumentCache full:https://registry.npmjs.org/@esbuild%2flinux-x64 set size:undefined disposed:false
786 silly fetch manifest @esbuild/win32-ia32@0.28.1
787 silly packumentCache full:https://registry.npmjs.org/@esbuild%2fwin32-ia32 cache-miss
788 http fetch GET 200 https://registry.npmjs.org/@esbuild%2faix-ppc64 507ms (cache miss)
789 silly packumentCache full:https://registry.npmjs.org/@esbuild%2faix-ppc64 set size:undefined disposed:false
790 silly fetch manifest @esbuild/android-arm@0.28.1
791 silly packumentCache full:https://registry.npmjs.org/@esbuild%2fandroid-arm cache-miss
792 http fetch GET 200 https://registry.npmjs.org/@esbuild%2fsunos-x64 495ms (cache miss)
793 silly packumentCache full:https://registry.npmjs.org/@esbuild%2fsunos-x64 set size:undefined disposed:false
794 silly fetch manifest @esbuild/android-x64@0.28.1
795 silly packumentCache full:https://registry.npmjs.org/@esbuild%2fandroid-x64 cache-miss
796 http fetch GET 200 https://registry.npmjs.org/@esbuild%2fwin32-x64 502ms (cache miss)
797 silly packumentCache full:https://registry.npmjs.org/@esbuild%2fwin32-x64 set size:undefined disposed:false
798 silly fetch manifest @esbuild/freebsd-x64@0.28.1
799 silly packumentCache full:https://registry.npmjs.org/@esbuild%2ffreebsd-x64 cache-miss
800 http fetch GET 200 https://registry.npmjs.org/@esbuild%2fdarwin-x64 493ms (cache miss)
801 silly packumentCache full:https://registry.npmjs.org/@esbuild%2fdarwin-x64 set size:undefined disposed:false
802 silly fetch manifest @esbuild/linux-arm64@0.28.1
803 silly packumentCache full:https://registry.npmjs.org/@esbuild%2flinux-arm64 cache-miss
804 http fetch GET 200 https://registry.npmjs.org/@esbuild%2fnetbsd-x64 420ms (cache miss)
805 silly packumentCache full:https://registry.npmjs.org/@esbuild%2fnetbsd-x64 set size:undefined disposed:false
806 silly fetch manifest @esbuild/linux-ppc64@0.28.1
807 silly packumentCache full:https://registry.npmjs.org/@esbuild%2flinux-ppc64 cache-miss
808 http fetch GET 200 https://registry.npmjs.org/@esbuild%2fwin32-ia32 413ms (cache miss)
809 silly packumentCache full:https://registry.npmjs.org/@esbuild%2fwin32-ia32 set size:undefined disposed:false
810 silly fetch manifest @esbuild/linux-s390x@0.28.1
811 silly packumentCache full:https://registry.npmjs.org/@esbuild%2flinux-s390x cache-miss
812 http fetch GET 200 https://registry.npmjs.org/@esbuild%2flinux-ia32 538ms (cache miss)
813 silly packumentCache full:https://registry.npmjs.org/@esbuild%2flinux-ia32 set size:undefined disposed:false
814 silly fetch manifest @esbuild/openbsd-x64@0.28.1
815 silly packumentCache full:https://registry.npmjs.org/@esbuild%2fopenbsd-x64 cache-miss
816 http fetch GET 200 https://registry.npmjs.org/@esbuild%2fandroid-x64 403ms (cache miss)
817 silly packumentCache full:https://registry.npmjs.org/@esbuild%2fandroid-x64 set size:undefined disposed:false
818 silly fetch manifest @esbuild/win32-arm64@0.28.1
819 silly packumentCache full:https://registry.npmjs.org/@esbuild%2fwin32-arm64 cache-miss
820 http fetch GET 200 https://registry.npmjs.org/@esbuild%2fandroid-arm 525ms (cache miss)
821 silly packumentCache full:https://registry.npmjs.org/@esbuild%2fandroid-arm set size:undefined disposed:false
822 silly fetch manifest @esbuild/darwin-arm64@0.28.1
823 silly packumentCache full:https://registry.npmjs.org/@esbuild%2fdarwin-arm64 cache-miss
824 http fetch GET 200 https://registry.npmjs.org/@esbuild%2ffreebsd-x64 410ms (cache miss)
825 silly packumentCache full:https://registry.npmjs.org/@esbuild%2ffreebsd-x64 set size:undefined disposed:false
826 silly fetch manifest @esbuild/netbsd-arm64@0.28.1
827 silly packumentCache full:https://registry.npmjs.org/@esbuild%2fnetbsd-arm64 cache-miss
828 http fetch GET 200 https://registry.npmjs.org/@esbuild%2flinux-arm64 427ms (cache miss)
829 silly packumentCache full:https://registry.npmjs.org/@esbuild%2flinux-arm64 set size:undefined disposed:false
830 silly fetch manifest @esbuild/android-arm64@0.28.1
831 silly packumentCache full:https://registry.npmjs.org/@esbuild%2fandroid-arm64 cache-miss
832 http fetch GET 200 https://registry.npmjs.org/@esbuild%2flinux-ppc64 422ms (cache miss)
833 silly packumentCache full:https://registry.npmjs.org/@esbuild%2flinux-ppc64 set size:undefined disposed:false
834 silly fetch manifest @esbuild/freebsd-arm64@0.28.1
835 silly packumentCache full:https://registry.npmjs.org/@esbuild%2ffreebsd-arm64 cache-miss
836 http fetch GET 200 https://registry.npmjs.org/@esbuild%2fopenbsd-x64 465ms (cache miss)
837 silly packumentCache full:https://registry.npmjs.org/@esbuild%2fopenbsd-x64 set size:undefined disposed:false
838 silly fetch manifest @esbuild/linux-loong64@0.28.1
839 silly packumentCache full:https://registry.npmjs.org/@esbuild%2flinux-loong64 cache-miss
840 http fetch GET 200 https://registry.npmjs.org/@esbuild%2flinux-s390x 522ms (cache miss)
841 silly packumentCache full:https://registry.npmjs.org/@esbuild%2flinux-s390x set size:undefined disposed:false
842 silly fetch manifest @esbuild/linux-riscv64@0.28.1
843 silly packumentCache full:https://registry.npmjs.org/@esbuild%2flinux-riscv64 cache-miss
844 http fetch GET 200 https://registry.npmjs.org/@esbuild%2fwin32-arm64 441ms (cache miss)
845 silly packumentCache full:https://registry.npmjs.org/@esbuild%2fwin32-arm64 set size:undefined disposed:false
846 silly fetch manifest @esbuild/openbsd-arm64@0.28.1
847 silly packumentCache full:https://registry.npmjs.org/@esbuild%2fopenbsd-arm64 cache-miss
848 http fetch GET 200 https://registry.npmjs.org/@esbuild%2fdarwin-arm64 410ms (cache miss)
849 silly packumentCache full:https://registry.npmjs.org/@esbuild%2fdarwin-arm64 set size:undefined disposed:false
850 silly fetch manifest @esbuild/linux-mips64el@0.28.1
851 silly packumentCache full:https://registry.npmjs.org/@esbuild%2flinux-mips64el cache-miss
852 http fetch GET 200 https://registry.npmjs.org/@esbuild%2fnetbsd-arm64 405ms (cache miss)
853 silly packumentCache full:https://registry.npmjs.org/@esbuild%2fnetbsd-arm64 set size:undefined disposed:false
854 silly fetch manifest @esbuild/openharmony-arm64@0.28.1
855 silly packumentCache full:https://registry.npmjs.org/@esbuild%2fopenharmony-arm64 cache-miss
856 http fetch GET 200 https://registry.npmjs.org/@esbuild%2fandroid-arm64 405ms (cache miss)
857 silly packumentCache full:https://registry.npmjs.org/@esbuild%2fandroid-arm64 set size:undefined disposed:false
858 silly fetch manifest debug@4
859 silly packumentCache full:https://registry.npmjs.org/debug cache-miss
860 http cache https://registry.npmjs.org/debug 9ms (cache hit)
861 silly packumentCache full:https://registry.npmjs.org/debug set size:195840 disposed:false
862 silly fetch manifest agent-base@^7.1.2
863 silly packumentCache full:https://registry.npmjs.org/agent-base cache-miss
864 http fetch GET 200 https://registry.npmjs.org/agent-base 35ms (cache miss)
865 silly packumentCache full:https://registry.npmjs.org/agent-base set size:undefined disposed:false
866 silly fetch manifest @babel/parser@^7.23.9
867 silly packumentCache full:https://registry.npmjs.org/@babel%2fparser cache-miss
868 http cache https://registry.npmjs.org/@babel%2fparser 11ms (cache hit)
869 silly packumentCache full:https://registry.npmjs.org/@babel%2fparser set size:740578 disposed:false
870 silly fetch manifest @istanbuljs/schema@^0.1.3
871 silly packumentCache full:https://registry.npmjs.org/@istanbuljs%2fschema cache-miss
872 http fetch GET 200 https://registry.npmjs.org/@esbuild%2ffreebsd-arm64 411ms (cache miss)
873 silly packumentCache full:https://registry.npmjs.org/@esbuild%2ffreebsd-arm64 set size:undefined disposed:false
874 silly fetch manifest istanbul-lib-coverage@^3.2.0
875 silly packumentCache full:https://registry.npmjs.org/istanbul-lib-coverage cache-miss
876 http fetch GET 200 https://registry.npmjs.org/@esbuild%2flinux-loong64 409ms (cache miss)
877 silly packumentCache full:https://registry.npmjs.org/@esbuild%2flinux-loong64 set size:undefined disposed:false
878 silly fetch manifest semver@^7.5.4
879 silly packumentCache full:https://registry.npmjs.org/semver cache-hit
880 silly fetch manifest rfdc@^1.4.1
881 silly packumentCache full:https://registry.npmjs.org/rfdc cache-miss
882 http fetch GET 200 https://registry.npmjs.org/@esbuild%2flinux-riscv64 436ms (cache miss)
883 silly packumentCache full:https://registry.npmjs.org/@esbuild%2flinux-riscv64 set size:undefined disposed:false
884 silly fetch manifest colorette@^2.0.20
885 silly packumentCache full:https://registry.npmjs.org/colorette cache-miss
886 http fetch GET 200 https://registry.npmjs.org/istanbul-lib-coverage 186ms (cache miss)
887 silly packumentCache full:https://registry.npmjs.org/istanbul-lib-coverage set size:undefined disposed:false
888 silly fetch manifest wrap-ansi@^9.0.0
889 silly packumentCache full:https://registry.npmjs.org/wrap-ansi cache-miss
890 http fetch GET 200 https://registry.npmjs.org/@esbuild%2flinux-mips64el 441ms (cache miss)
891 silly packumentCache full:https://registry.npmjs.org/@esbuild%2flinux-mips64el set size:undefined disposed:false
892 silly fetch manifest log-update@^6.1.0
893 silly packumentCache full:https://registry.npmjs.org/log-update cache-miss
894 http fetch GET 200 https://registry.npmjs.org/@esbuild%2fopenbsd-arm64 528ms (cache miss)
895 silly packumentCache full:https://registry.npmjs.org/@esbuild%2fopenbsd-arm64 set size:undefined disposed:false
896 silly fetch manifest cli-truncate@^5.0.0
897 silly packumentCache full:https://registry.npmjs.org/cli-truncate cache-miss
898 http fetch GET 200 https://registry.npmjs.org/rfdc 175ms (cache miss)
899 silly packumentCache full:https://registry.npmjs.org/rfdc set size:undefined disposed:false
900 silly fetch manifest eventemitter3@^5.0.1
901 silly packumentCache full:https://registry.npmjs.org/eventemitter3 cache-miss
902 http fetch GET 200 https://registry.npmjs.org/colorette 178ms (cache miss)
903 silly packumentCache full:https://registry.npmjs.org/colorette set size:undefined disposed:false
904 silly fetch manifest msgpackr@^1.11.2
905 silly packumentCache full:https://registry.npmjs.org/msgpackr cache-miss
906 http fetch GET 200 https://registry.npmjs.org/@esbuild%2fopenharmony-arm64 533ms (cache miss)
907 silly packumentCache full:https://registry.npmjs.org/@esbuild%2fopenharmony-arm64 set size:undefined disposed:false
908 silly fetch manifest node-addon-api@^6.1.0
909 silly packumentCache full:https://registry.npmjs.org/node-addon-api cache-miss
910 http fetch GET 200 https://registry.npmjs.org/@istanbuljs%2fschema 411ms (cache miss)
911 silly packumentCache full:https://registry.npmjs.org/@istanbuljs%2fschema set size:undefined disposed:false
912 silly fetch manifest ordered-binary@^1.5.3
913 silly packumentCache full:https://registry.npmjs.org/ordered-binary cache-miss
914 http fetch GET 200 https://registry.npmjs.org/wrap-ansi 188ms (cache miss)
915 silly packumentCache full:https://registry.npmjs.org/wrap-ansi set size:undefined disposed:false
916 silly fetch manifest weak-lru-cache@^1.2.2
917 silly packumentCache full:https://registry.npmjs.org/weak-lru-cache cache-miss
918 http fetch GET 200 https://registry.npmjs.org/node-addon-api 62ms (cache miss)
919 silly packumentCache full:https://registry.npmjs.org/node-addon-api set size:undefined disposed:false
920 silly fetch manifest @harperfast/extended-iterable@^1.0.3
921 silly packumentCache full:https://registry.npmjs.org/@harperfast%2fextended-iterable cache-miss
922 http fetch GET 200 https://registry.npmjs.org/log-update 202ms (cache miss)
923 silly packumentCache full:https://registry.npmjs.org/log-update set size:undefined disposed:false
924 silly fetch manifest node-gyp-build-optional-packages@5.2.2
925 silly packumentCache full:https://registry.npmjs.org/node-gyp-build-optional-packages cache-miss
926 http fetch GET 200 https://registry.npmjs.org/cli-truncate 191ms (cache miss)
927 silly packumentCache full:https://registry.npmjs.org/cli-truncate set size:undefined disposed:false
928 silly fetch manifest @lmdb/lmdb-linux-arm@3.5.1
929 silly packumentCache full:https://registry.npmjs.org/@lmdb%2flmdb-linux-arm cache-miss
930 http fetch GET 200 https://registry.npmjs.org/eventemitter3 183ms (cache miss)
931 silly packumentCache full:https://registry.npmjs.org/eventemitter3 set size:undefined disposed:false
932 silly fetch manifest @lmdb/lmdb-linux-x64@3.5.1
933 silly packumentCache full:https://registry.npmjs.org/@lmdb%2flmdb-linux-x64 cache-miss
934 http fetch GET 200 https://registry.npmjs.org/msgpackr 182ms (cache miss)
935 silly packumentCache full:https://registry.npmjs.org/msgpackr set size:undefined disposed:false
936 silly fetch manifest @lmdb/lmdb-win32-x64@3.5.1
937 silly packumentCache full:https://registry.npmjs.org/@lmdb%2flmdb-win32-x64 cache-miss
938 http fetch GET 200 https://registry.npmjs.org/ordered-binary 188ms (cache miss)
939 silly packumentCache full:https://registry.npmjs.org/ordered-binary set size:undefined disposed:false
940 silly fetch manifest @lmdb/lmdb-darwin-x64@3.5.1
941 silly packumentCache full:https://registry.npmjs.org/@lmdb%2flmdb-darwin-x64 cache-miss
942 http fetch GET 200 https://registry.npmjs.org/weak-lru-cache 186ms (cache miss)
943 silly packumentCache full:https://registry.npmjs.org/weak-lru-cache set size:undefined disposed:false
944 silly fetch manifest @lmdb/lmdb-linux-arm64@3.5.1
945 silly packumentCache full:https://registry.npmjs.org/@lmdb%2flmdb-linux-arm64 cache-miss
946 http fetch GET 200 https://registry.npmjs.org/node-gyp-build-optional-packages 185ms (cache miss)
947 silly packumentCache full:https://registry.npmjs.org/node-gyp-build-optional-packages set size:undefined disposed:false
948 silly fetch manifest @lmdb/lmdb-win32-arm64@3.5.1
949 silly packumentCache full:https://registry.npmjs.org/@lmdb%2flmdb-win32-arm64 cache-miss
950 http fetch GET 200 https://registry.npmjs.org/@harperfast%2fextended-iterable 416ms (cache miss)
951 silly packumentCache full:https://registry.npmjs.org/@harperfast%2fextended-iterable set size:undefined disposed:false
952 silly fetch manifest @lmdb/lmdb-darwin-arm64@3.5.1
953 silly packumentCache full:https://registry.npmjs.org/@lmdb%2flmdb-darwin-arm64 cache-miss
954 http fetch GET 200 https://registry.npmjs.org/@lmdb%2flmdb-linux-arm 402ms (cache miss)
955 silly packumentCache full:https://registry.npmjs.org/@lmdb%2flmdb-linux-arm set size:undefined disposed:false
956 silly fetch manifest @jridgewell/sourcemap-codec@^1.5.5
957 silly packumentCache full:https://registry.npmjs.org/@jridgewell%2fsourcemap-codec cache-miss
958 http cache https://registry.npmjs.org/@jridgewell%2fsourcemap-codec 7ms (cache hit)
959 silly packumentCache full:https://registry.npmjs.org/@jridgewell%2fsourcemap-codec set size:65255 disposed:false
960 silly fetch manifest entities@^6.0.0
961 silly packumentCache full:https://registry.npmjs.org/entities cache-miss
962 http fetch GET 200 https://registry.npmjs.org/@lmdb%2flmdb-linux-x64 432ms (cache miss)
963 silly packumentCache full:https://registry.npmjs.org/@lmdb%2flmdb-linux-x64 set size:undefined disposed:false
964 silly fetch manifest parse5-sax-parser@^8.0.0
965 silly packumentCache full:https://registry.npmjs.org/parse5-sax-parser cache-miss
966 http fetch GET 200 https://registry.npmjs.org/@lmdb%2flmdb-win32-x64 429ms (cache miss)
967 silly packumentCache full:https://registry.npmjs.org/@lmdb%2flmdb-win32-x64 set size:undefined disposed:false
968 silly fetch manifest @napi-rs/nice@^1.0.4
969 silly packumentCache full:https://registry.npmjs.org/@napi-rs%2fnice cache-miss
970 http fetch GET 200 https://registry.npmjs.org/@lmdb%2flmdb-darwin-x64 443ms (cache miss)
971 silly packumentCache full:https://registry.npmjs.org/@lmdb%2flmdb-darwin-x64 set size:undefined disposed:false
972 silly fetch manifest @oxc-project/types@=0.113.0
973 silly packumentCache full:https://registry.npmjs.org/@oxc-project%2ftypes cache-miss
974 http fetch GET 200 https://registry.npmjs.org/@lmdb%2flmdb-linux-arm64 430ms (cache miss)
975 silly packumentCache full:https://registry.npmjs.org/@lmdb%2flmdb-linux-arm64 set size:undefined disposed:false
976 silly fetch manifest @rolldown/pluginutils@1.0.0-rc.4
977 silly packumentCache full:https://registry.npmjs.org/@rolldown%2fpluginutils cache-miss
978 http fetch GET 200 https://registry.npmjs.org/entities 184ms (cache miss)
979 silly packumentCache full:https://registry.npmjs.org/entities set size:undefined disposed:false
980 silly fetch manifest @rolldown/binding-darwin-x64@1.0.0-rc.4
981 silly packumentCache full:https://registry.npmjs.org/@rolldown%2fbinding-darwin-x64 cache-miss
982 http fetch GET 200 https://registry.npmjs.org/parse5-sax-parser 182ms (cache miss)
983 silly packumentCache full:https://registry.npmjs.org/parse5-sax-parser set size:undefined disposed:false
984 silly fetch manifest @rolldown/binding-freebsd-x64@1.0.0-rc.4
985 silly packumentCache full:https://registry.npmjs.org/@rolldown%2fbinding-freebsd-x64 cache-miss
986 http fetch GET 200 https://registry.npmjs.org/@lmdb%2flmdb-win32-arm64 569ms (cache miss)
987 silly packumentCache full:https://registry.npmjs.org/@lmdb%2flmdb-win32-arm64 set size:undefined disposed:false
988 silly fetch manifest @rolldown/binding-wasm32-wasi@1.0.0-rc.4
989 silly packumentCache full:https://registry.npmjs.org/@rolldown%2fbinding-wasm32-wasi cache-miss
990 http fetch GET 200 https://registry.npmjs.org/@lmdb%2flmdb-darwin-arm64 415ms (cache miss)
991 silly packumentCache full:https://registry.npmjs.org/@lmdb%2flmdb-darwin-arm64 set size:undefined disposed:false
992 silly fetch manifest @rolldown/binding-darwin-arm64@1.0.0-rc.4
993 silly packumentCache full:https://registry.npmjs.org/@rolldown%2fbinding-darwin-arm64 cache-miss
994 http fetch GET 200 https://registry.npmjs.org/@oxc-project%2ftypes 435ms (cache miss)
995 silly packumentCache full:https://registry.npmjs.org/@oxc-project%2ftypes set size:undefined disposed:false
996 silly fetch manifest @rolldown/binding-android-arm64@1.0.0-rc.4
997 silly packumentCache full:https://registry.npmjs.org/@rolldown%2fbinding-android-arm64 cache-miss
998 http fetch GET 200 https://registry.npmjs.org/@napi-rs%2fnice 501ms (cache miss)
999 silly packumentCache full:https://registry.npmjs.org/@napi-rs%2fnice set size:undefined disposed:false
1000 silly fetch manifest @rolldown/binding-linux-x64-gnu@1.0.0-rc.4
1001 silly packumentCache full:https://registry.npmjs.org/@rolldown%2fbinding-linux-x64-gnu cache-miss
1002 http fetch GET 200 https://registry.npmjs.org/@rolldown%2fbinding-darwin-x64 450ms (cache miss)
1003 silly packumentCache full:https://registry.npmjs.org/@rolldown%2fbinding-darwin-x64 set size:undefined disposed:false
1004 silly fetch manifest @rolldown/binding-linux-x64-musl@1.0.0-rc.4
1005 silly packumentCache full:https://registry.npmjs.org/@rolldown%2fbinding-linux-x64-musl cache-miss
1006 http fetch GET 200 https://registry.npmjs.org/@rolldown%2fpluginutils 539ms (cache miss)
1007 silly packumentCache full:https://registry.npmjs.org/@rolldown%2fpluginutils set size:undefined disposed:false
1008 silly fetch manifest @rolldown/binding-win32-x64-msvc@1.0.0-rc.4
1009 silly packumentCache full:https://registry.npmjs.org/@rolldown%2fbinding-win32-x64-msvc cache-miss
1010 http fetch GET 200 https://registry.npmjs.org/@rolldown%2fbinding-freebsd-x64 491ms (cache miss)
1011 silly packumentCache full:https://registry.npmjs.org/@rolldown%2fbinding-freebsd-x64 set size:undefined disposed:false
1012 silly fetch manifest @rolldown/binding-linux-arm64-gnu@1.0.0-rc.4
1013 silly packumentCache full:https://registry.npmjs.org/@rolldown%2fbinding-linux-arm64-gnu cache-miss
1014 http fetch GET 200 https://registry.npmjs.org/@rolldown%2fbinding-wasm32-wasi 478ms (cache miss)
1015 silly packumentCache full:https://registry.npmjs.org/@rolldown%2fbinding-wasm32-wasi set size:undefined disposed:false
1016 silly fetch manifest @rolldown/binding-linux-arm64-musl@1.0.0-rc.4
1017 silly packumentCache full:https://registry.npmjs.org/@rolldown%2fbinding-linux-arm64-musl cache-miss
1018 http fetch GET 200 https://registry.npmjs.org/@rolldown%2fbinding-darwin-arm64 552ms (cache miss)
1019 silly packumentCache full:https://registry.npmjs.org/@rolldown%2fbinding-darwin-arm64 set size:undefined disposed:false
1020 silly fetch manifest @rolldown/binding-win32-arm64-msvc@1.0.0-rc.4
1021 silly packumentCache full:https://registry.npmjs.org/@rolldown%2fbinding-win32-arm64-msvc cache-miss
1022 http fetch GET 200 https://registry.npmjs.org/@rolldown%2fbinding-android-arm64 414ms (cache miss)
1023 silly packumentCache full:https://registry.npmjs.org/@rolldown%2fbinding-android-arm64 set size:undefined disposed:false
1024 silly fetch manifest @rolldown/binding-openharmony-arm64@1.0.0-rc.4
1025 silly packumentCache full:https://registry.npmjs.org/@rolldown%2fbinding-openharmony-arm64 cache-miss
1026 http fetch GET 200 https://registry.npmjs.org/@rolldown%2fbinding-linux-x64-musl 491ms (cache miss)
1027 silly packumentCache full:https://registry.npmjs.org/@rolldown%2fbinding-linux-x64-musl set size:undefined disposed:false
1028 silly fetch manifest @rolldown/binding-linux-arm-gnueabihf@1.0.0-rc.4
1029 silly packumentCache full:https://registry.npmjs.org/@rolldown%2fbinding-linux-arm-gnueabihf cache-miss
1030 http fetch GET 200 https://registry.npmjs.org/@rolldown%2fbinding-linux-x64-gnu 574ms (cache miss)
1031 silly packumentCache full:https://registry.npmjs.org/@rolldown%2fbinding-linux-x64-gnu set size:undefined disposed:false
1032 silly fetch manifest chokidar@^4.0.0
1033 silly packumentCache full:https://registry.npmjs.org/chokidar cache-miss
1034 http cache https://registry.npmjs.org/chokidar 26ms (cache hit)
1035 silly packumentCache full:https://registry.npmjs.org/chokidar set size:255902 disposed:false
1036 silly fetch manifest immutable@^5.0.2
1037 silly packumentCache full:https://registry.npmjs.org/immutable cache-miss
1038 http fetch GET 200 https://registry.npmjs.org/@rolldown%2fbinding-win32-x64-msvc 577ms (cache miss)
1039 silly packumentCache full:https://registry.npmjs.org/@rolldown%2fbinding-win32-x64-msvc set size:undefined disposed:false
1040 silly fetch manifest source-map-js@>=0.6.2 <2.0.0
1041 silly packumentCache full:https://registry.npmjs.org/source-map-js cache-miss
1042 http fetch GET 200 https://registry.npmjs.org/@rolldown%2fbinding-linux-arm64-gnu 567ms (cache miss)
1043 silly packumentCache full:https://registry.npmjs.org/@rolldown%2fbinding-linux-arm64-gnu set size:undefined disposed:false
1044 silly fetch manifest @parcel/watcher@^2.4.1
1045 silly packumentCache full:https://registry.npmjs.org/@parcel%2fwatcher cache-miss
1046 http fetch GET 200 https://registry.npmjs.org/@rolldown%2fbinding-linux-arm64-musl 538ms (cache miss)
1047 silly packumentCache full:https://registry.npmjs.org/@rolldown%2fbinding-linux-arm64-musl set size:undefined disposed:false
1048 silly fetch manifest buffer-from@^1.0.0
1049 silly packumentCache full:https://registry.npmjs.org/buffer-from cache-miss
1050 http fetch GET 200 https://registry.npmjs.org/@rolldown%2fbinding-openharmony-arm64 417ms (cache miss)
1051 silly packumentCache full:https://registry.npmjs.org/@rolldown%2fbinding-openharmony-arm64 set size:undefined disposed:false
1052 silly fetch manifest source-map@^0.6.0
1053 silly packumentCache full:https://registry.npmjs.org/source-map cache-miss
1054 http fetch GET 200 https://registry.npmjs.org/buffer-from 59ms (cache miss)
1055 silly packumentCache full:https://registry.npmjs.org/buffer-from set size:undefined disposed:false
1056 silly fetch manifest graceful-fs@^4.1.2
1057 silly packumentCache full:https://registry.npmjs.org/graceful-fs cache-miss
1058 http fetch GET 200 https://registry.npmjs.org/immutable 206ms (cache miss)
1059 silly packumentCache full:https://registry.npmjs.org/immutable set size:undefined disposed:false
1060 silly fetch manifest glob-to-regexp@^0.4.1
1061 silly packumentCache full:https://registry.npmjs.org/glob-to-regexp cache-miss
1062 http fetch GET 200 https://registry.npmjs.org/source-map-js 178ms (cache miss)
1063 silly packumentCache full:https://registry.npmjs.org/source-map-js set size:undefined disposed:false
1064 http fetch GET 200 https://registry.npmjs.org/@rolldown%2fbinding-win32-arm64-msvc 545ms (cache miss)
1065 silly packumentCache full:https://registry.npmjs.org/@rolldown%2fbinding-win32-arm64-msvc set size:undefined disposed:false
1066 http fetch GET 200 https://registry.npmjs.org/source-map 187ms (cache miss)
1067 silly packumentCache full:https://registry.npmjs.org/source-map set size:undefined disposed:false
1068 http fetch GET 200 https://registry.npmjs.org/graceful-fs 183ms (cache miss)
1069 silly packumentCache full:https://registry.npmjs.org/graceful-fs set size:undefined disposed:false
1070 http fetch GET 200 https://registry.npmjs.org/glob-to-regexp 185ms (cache miss)
1071 silly packumentCache full:https://registry.npmjs.org/glob-to-regexp set size:undefined disposed:false
1072 http fetch GET 200 https://registry.npmjs.org/@rolldown%2fbinding-linux-arm-gnueabihf 532ms (cache miss)
1073 silly packumentCache full:https://registry.npmjs.org/@rolldown%2fbinding-linux-arm-gnueabihf set size:undefined disposed:false
1074 http fetch GET 200 https://registry.npmjs.org/@parcel%2fwatcher 413ms (cache miss)
1075 silly packumentCache full:https://registry.npmjs.org/@parcel%2fwatcher set size:undefined disposed:false
1076 silly placeDep ROOT @jridgewell/gen-mapping@0.3.13 OK for: @ampproject/remapping@2.3.0 want: ^0.3.5
1077 silly placeDep ROOT @jridgewell/trace-mapping@0.3.31 OK for: @ampproject/remapping@2.3.0 want: ^0.3.24
1078 silly fetch manifest @jridgewell/sourcemap-codec@^1.5.0
1079 silly packumentCache full:https://registry.npmjs.org/@jridgewell%2fsourcemap-codec cache-hit
1080 silly fetch manifest @jridgewell/resolve-uri@^3.1.0
1081 silly packumentCache full:https://registry.npmjs.org/@jridgewell%2fresolve-uri cache-miss
1082 http fetch GET 200 https://registry.npmjs.org/@jridgewell%2fresolve-uri 401ms (cache miss)
1083 silly packumentCache full:https://registry.npmjs.org/@jridgewell%2fresolve-uri set size:undefined disposed:false
1084 silly placeDep ROOT @angular-devkit/core@21.2.24 OK for: @angular-devkit/architect@0.2102.24 want: 21.2.24
1085 silly fetch manifest ajv@8.18.0
1086 silly packumentCache full:https://registry.npmjs.org/ajv cache-miss
1087 silly fetch manifest source-map@0.7.6
1088 silly packumentCache full:https://registry.npmjs.org/source-map cache-miss
1089 silly fetch manifest ajv-formats@3.0.1
1090 silly packumentCache full:https://registry.npmjs.org/ajv-formats cache-miss
1091 http cache https://registry.npmjs.org/source-map 13ms (cache hit)
1092 silly packumentCache full:https://registry.npmjs.org/source-map set size:231637 disposed:false
1093 http fetch GET 200 https://registry.npmjs.org/ajv-formats 192ms (cache miss)
1094 silly packumentCache full:https://registry.npmjs.org/ajv-formats set size:undefined disposed:false
1095 http fetch GET 200 https://registry.npmjs.org/ajv 213ms (cache miss)
1096 silly packumentCache full:https://registry.npmjs.org/ajv set size:undefined disposed:false
1097 silly placeDep ROOT ajv@8.18.0 OK for: @angular-devkit/core@21.2.24 want: 8.18.0
1098 silly placeDep ROOT ajv-formats@3.0.1 OK for: @angular-devkit/core@21.2.24 want: 3.0.1
1099 silly placeDep ROOT source-map@0.7.6 OK for: @angular-devkit/core@21.2.24 want: 0.7.6
1100 silly fetch manifest fast-uri@^3.0.1
1101 silly packumentCache full:https://registry.npmjs.org/fast-uri cache-miss
1102 silly fetch manifest fast-deep-equal@^3.1.3
1103 silly packumentCache full:https://registry.npmjs.org/fast-deep-equal cache-miss
1104 silly fetch manifest require-from-string@^2.0.2
1105 silly packumentCache full:https://registry.npmjs.org/require-from-string cache-miss
1106 silly fetch manifest json-schema-traverse@^1.0.0
1107 silly packumentCache full:https://registry.npmjs.org/json-schema-traverse cache-miss
1108 http fetch GET 200 https://registry.npmjs.org/fast-deep-equal 42ms (cache miss)
1109 silly packumentCache full:https://registry.npmjs.org/fast-deep-equal set size:undefined disposed:false
1110 http fetch GET 200 https://registry.npmjs.org/fast-uri 51ms (cache miss)
1111 silly packumentCache full:https://registry.npmjs.org/fast-uri set size:undefined disposed:false
1112 http fetch GET 200 https://registry.npmjs.org/json-schema-traverse 52ms (cache miss)
1113 silly packumentCache full:https://registry.npmjs.org/json-schema-traverse set size:undefined disposed:false
1114 http fetch GET 200 https://registry.npmjs.org/require-from-string 176ms (cache miss)
1115 silly packumentCache full:https://registry.npmjs.org/require-from-string set size:undefined disposed:false
1116 silly fetch manifest @cfworker/json-schema@^4.1.1
1117 silly packumentCache full:https://registry.npmjs.org/@cfworker%2fjson-schema cache-miss
1118 http fetch GET 200 https://registry.npmjs.org/@cfworker%2fjson-schema 288ms (cache miss)
1119 silly packumentCache full:https://registry.npmjs.org/@cfworker%2fjson-schema set size:undefined disposed:false
1120 silly placeDep ROOT @angular-devkit/schematics@21.2.24 OK for: @angular/cli@21.2.24 want: 21.2.24
1121 silly placeDep ROOT @inquirer/prompts@7.10.1 OK for: @angular/cli@21.2.24 want: 7.10.1
1122 silly placeDep ROOT @listr2/prompt-adapter-inquirer@3.0.5 OK for: @angular/cli@21.2.24 want: 3.0.5
1123 silly placeDep ROOT @modelcontextprotocol/sdk@1.30.0 OK for: @angular/cli@21.2.24 want: 1.30.0
1124 silly placeDep ROOT @schematics/angular@21.2.24 OK for: @angular/cli@21.2.24 want: 21.2.24
1125 silly placeDep ROOT @yarnpkg/lockfile@1.1.0 OK for: @angular/cli@21.2.24 want: 1.1.0
1126 silly placeDep ROOT algoliasearch@5.48.1 OK for: @angular/cli@21.2.24 want: 5.48.1
1127 silly placeDep ROOT ini@6.0.0 OK for: @angular/cli@21.2.24 want: 6.0.0
1128 silly placeDep ROOT npm-package-arg@13.0.2 OK for: @angular/cli@21.2.24 want: 13.0.2
1129 silly placeDep ROOT pacote@21.5.1 OK for: @angular/cli@21.2.24 want: 21.5.1
1130 silly placeDep ROOT yargs@18.0.0 OK for: @angular/cli@21.2.24 want: 18.0.0
1131 silly placeDep ROOT zod@4.3.6 OK for: @angular/cli@21.2.24 want: 4.3.6
1132 silly fetch manifest ora@9.3.0
1133 silly packumentCache full:https://registry.npmjs.org/ora cache-miss
1134 silly fetch manifest @inquirer/input@^4.3.1
1135 silly packumentCache full:https://registry.npmjs.org/@inquirer%2finput cache-miss
1136 silly fetch manifest @inquirer/editor@^4.2.23
1137 silly packumentCache full:https://registry.npmjs.org/@inquirer%2feditor cache-miss
1138 silly fetch manifest @inquirer/expand@^4.0.23
1139 silly packumentCache full:https://registry.npmjs.org/@inquirer%2fexpand cache-miss
1140 silly fetch manifest @inquirer/number@^3.0.23
1141 silly packumentCache full:https://registry.npmjs.org/@inquirer%2fnumber cache-miss
1142 silly fetch manifest @inquirer/search@^3.2.2
1143 silly packumentCache full:https://registry.npmjs.org/@inquirer%2fsearch cache-miss
1144 silly fetch manifest @inquirer/select@^4.4.2
1145 silly packumentCache full:https://registry.npmjs.org/@inquirer%2fselect cache-miss
1146 http fetch GET 200 https://registry.npmjs.org/ora 180ms (cache miss)
1147 silly packumentCache full:https://registry.npmjs.org/ora set size:undefined disposed:false
1148 silly fetch manifest @inquirer/rawlist@^4.1.11
1149 silly packumentCache full:https://registry.npmjs.org/@inquirer%2frawlist cache-miss
1150 http fetch GET 200 https://registry.npmjs.org/@inquirer%2fsearch 420ms (cache miss)
1151 silly packumentCache full:https://registry.npmjs.org/@inquirer%2fsearch set size:undefined disposed:false
1152 silly fetch manifest @inquirer/checkbox@^4.3.2
1153 silly packumentCache full:https://registry.npmjs.org/@inquirer%2fcheckbox cache-miss
1154 http fetch GET 200 https://registry.npmjs.org/@inquirer%2finput 435ms (cache miss)
1155 silly packumentCache full:https://registry.npmjs.org/@inquirer%2finput set size:undefined disposed:false
1156 silly fetch manifest @inquirer/password@^4.0.23
1157 silly packumentCache full:https://registry.npmjs.org/@inquirer%2fpassword cache-miss
1158 http fetch GET 200 https://registry.npmjs.org/@inquirer%2fselect 460ms (cache miss)
1159 silly packumentCache full:https://registry.npmjs.org/@inquirer%2fselect set size:undefined disposed:false
1160 silly fetch manifest @inquirer/type@^3.0.8
1161 silly packumentCache full:https://registry.npmjs.org/@inquirer%2ftype cache-miss
1162 http fetch GET 200 https://registry.npmjs.org/@inquirer%2fexpand 480ms (cache miss)
1163 silly packumentCache full:https://registry.npmjs.org/@inquirer%2fexpand set size:undefined disposed:false
1164 silly fetch manifest zod@^3.25 || ^4.0
1165 silly packumentCache full:https://registry.npmjs.org/zod cache-miss
1166 http cache https://registry.npmjs.org/@inquirer%2ftype 21ms (cache hit)
1167 silly packumentCache full:https://registry.npmjs.org/@inquirer%2ftype set size:125095 disposed:false
1168 silly fetch manifest cors@^2.8.5
1169 silly packumentCache full:https://registry.npmjs.org/cors cache-miss
1170 http cache https://registry.npmjs.org/zod 36ms (cache hit)
1171 silly packumentCache full:https://registry.npmjs.org/zod set size:4166672 disposed:false
1172 silly fetch manifest hono@^4.11.4
1173 silly packumentCache full:https://registry.npmjs.org/hono cache-miss
1174 http fetch GET 200 https://registry.npmjs.org/@inquirer%2feditor 587ms (cache miss)
1175 silly packumentCache full:https://registry.npmjs.org/@inquirer%2feditor set size:undefined disposed:false
1176 silly fetch manifest jose@^6.1.3
1177 silly packumentCache full:https://registry.npmjs.org/jose cache-miss
1178 http fetch GET 200 https://registry.npmjs.org/@inquirer%2fnumber 610ms (cache miss)
1179 silly packumentCache full:https://registry.npmjs.org/@inquirer%2fnumber set size:undefined disposed:false
1180 silly fetch manifest express@^5.2.1
1181 silly packumentCache full:https://registry.npmjs.org/express cache-miss
1182 http fetch GET 200 https://registry.npmjs.org/@inquirer%2frawlist 480ms (cache miss)
1183 silly packumentCache full:https://registry.npmjs.org/@inquirer%2frawlist set size:undefined disposed:false
1184 silly fetch manifest raw-body@^3.0.0
1185 silly packumentCache full:https://registry.npmjs.org/raw-body cache-miss
1186 http fetch GET 200 https://registry.npmjs.org/cors 184ms (cache miss)
1187 silly packumentCache full:https://registry.npmjs.org/cors set size:undefined disposed:false
1188 silly fetch manifest cross-spawn@^7.0.5
1189 silly packumentCache full:https://registry.npmjs.org/cross-spawn cache-miss
1190 http fetch GET 200 https://registry.npmjs.org/raw-body 57ms (cache miss)
1191 silly packumentCache full:https://registry.npmjs.org/raw-body set size:undefined disposed:false
1192 silly fetch manifest eventsource@^3.0.2
1193 silly packumentCache full:https://registry.npmjs.org/eventsource cache-miss
1194 http fetch GET 200 https://registry.npmjs.org/cross-spawn 52ms (cache miss)
1195 silly packumentCache full:https://registry.npmjs.org/cross-spawn set size:undefined disposed:false
1196 silly fetch manifest content-type@^1.0.5
1197 silly packumentCache full:https://registry.npmjs.org/content-type cache-miss
1198 http fetch GET 200 https://registry.npmjs.org/eventsource 71ms (cache miss)
1199 silly packumentCache full:https://registry.npmjs.org/eventsource set size:undefined disposed:false
1200 silly fetch manifest pkce-challenge@^5.0.0
1201 silly packumentCache full:https://registry.npmjs.org/pkce-challenge cache-miss
1202 http fetch GET 200 https://registry.npmjs.org/pkce-challenge 136ms (cache miss)
1203 silly packumentCache full:https://registry.npmjs.org/pkce-challenge set size:undefined disposed:false
1204 silly fetch manifest @hono/node-server@^1.19.9 || ^2.0.5
1205 silly packumentCache full:https://registry.npmjs.org/@hono%2fnode-server cache-miss
1206 http fetch GET 200 https://registry.npmjs.org/content-type 256ms (cache miss)
1207 silly packumentCache full:https://registry.npmjs.org/content-type set size:undefined disposed:false
1208 silly fetch manifest json-schema-typed@^8.0.2
1209 silly packumentCache full:https://registry.npmjs.org/json-schema-typed cache-miss
1210 http fetch GET 200 https://registry.npmjs.org/@inquirer%2fpassword 575ms (cache miss)
1211 silly packumentCache full:https://registry.npmjs.org/@inquirer%2fpassword set size:undefined disposed:false
1212 silly fetch manifest eventsource-parser@^3.0.0
1213 silly packumentCache full:https://registry.npmjs.org/eventsource-parser cache-miss
1214 http fetch GET 200 https://registry.npmjs.org/@inquirer%2fcheckbox 600ms (cache miss)
1215 silly packumentCache full:https://registry.npmjs.org/@inquirer%2fcheckbox set size:undefined disposed:false
1216 silly fetch manifest express-rate-limit@^8.2.1
1217 silly packumentCache full:https://registry.npmjs.org/express-rate-limit cache-miss
1218 http fetch GET 200 https://registry.npmjs.org/express 421ms (cache miss)
1219 silly packumentCache full:https://registry.npmjs.org/express set size:undefined disposed:false
1220 silly fetch manifest zod-to-json-schema@^3.25.1
1221 silly packumentCache full:https://registry.npmjs.org/zod-to-json-schema cache-miss
1222 http fetch GET 200 https://registry.npmjs.org/jose 468ms (cache miss)
1223 silly packumentCache full:https://registry.npmjs.org/jose set size:undefined disposed:false
1224 silly fetch manifest @algolia/abtesting@1.14.1
1225 silly packumentCache full:https://registry.npmjs.org/@algolia%2fabtesting cache-miss
1226 http fetch GET 200 https://registry.npmjs.org/zod-to-json-schema 75ms (cache miss)
1227 silly packumentCache full:https://registry.npmjs.org/zod-to-json-schema set size:undefined disposed:false
1228 silly fetch manifest @algolia/ingestion@1.48.1
1229 silly packumentCache full:https://registry.npmjs.org/@algolia%2fingestion cache-miss
1230 http fetch GET 200 https://registry.npmjs.org/json-schema-typed 184ms (cache miss)
1231 silly packumentCache full:https://registry.npmjs.org/json-schema-typed set size:undefined disposed:false
1232 silly fetch manifest @algolia/recommend@5.48.1
1233 silly packumentCache full:https://registry.npmjs.org/@algolia%2frecommend cache-miss
1234 http fetch GET 200 https://registry.npmjs.org/eventsource-parser 232ms (cache miss)
1235 silly packumentCache full:https://registry.npmjs.org/eventsource-parser set size:undefined disposed:false
1236 silly fetch manifest @algolia/monitoring@1.48.1
1237 silly packumentCache full:https://registry.npmjs.org/@algolia%2fmonitoring cache-miss
1238 http fetch GET 200 https://registry.npmjs.org/@hono%2fnode-server 320ms (cache miss)
1239 silly packumentCache full:https://registry.npmjs.org/@hono%2fnode-server set size:undefined disposed:false
1240 silly fetch manifest @algolia/client-common@5.48.1
1241 silly packumentCache full:https://registry.npmjs.org/@algolia%2fclient-common cache-miss
1242 http fetch GET 200 https://registry.npmjs.org/hono 733ms (cache miss)
1243 silly packumentCache full:https://registry.npmjs.org/hono set size:undefined disposed:false
1244 silly fetch manifest @algolia/client-search@5.48.1
1245 silly packumentCache full:https://registry.npmjs.org/@algolia%2fclient-search cache-miss
1246 http fetch GET 200 https://registry.npmjs.org/express-rate-limit 394ms (cache miss)
1247 silly packumentCache full:https://registry.npmjs.org/express-rate-limit set size:undefined disposed:false
1248 silly fetch manifest @algolia/client-insights@5.48.1
1249 silly packumentCache full:https://registry.npmjs.org/@algolia%2fclient-insights cache-miss
1250 http fetch GET 200 https://registry.npmjs.org/@algolia%2fabtesting 446ms (cache miss)
1251 silly packumentCache full:https://registry.npmjs.org/@algolia%2fabtesting set size:undefined disposed:false
1252 silly fetch manifest @algolia/requester-fetch@5.48.1
1253 silly packumentCache full:https://registry.npmjs.org/@algolia%2frequester-fetch cache-miss
1254 http fetch GET 200 https://registry.npmjs.org/@algolia%2frecommend 437ms (cache miss)
1255 silly packumentCache full:https://registry.npmjs.org/@algolia%2frecommend set size:undefined disposed:false
1256 silly fetch manifest @algolia/client-abtesting@5.48.1
1257 silly packumentCache full:https://registry.npmjs.org/@algolia%2fclient-abtesting cache-miss
1258 http fetch GET 200 https://registry.npmjs.org/@algolia%2fingestion 558ms (cache miss)
1259 silly packumentCache full:https://registry.npmjs.org/@algolia%2fingestion set size:undefined disposed:false
1260 silly fetch manifest @algolia/client-analytics@5.48.1
1261 silly packumentCache full:https://registry.npmjs.org/@algolia%2fclient-analytics cache-miss
1262 http fetch GET 200 https://registry.npmjs.org/@algolia%2fmonitoring 544ms (cache miss)
1263 silly packumentCache full:https://registry.npmjs.org/@algolia%2fmonitoring set size:undefined disposed:false
1264 silly fetch manifest @algolia/requester-node-http@5.48.1
1265 silly packumentCache full:https://registry.npmjs.org/@algolia%2frequester-node-http cache-miss
1266 http fetch GET 200 https://registry.npmjs.org/@algolia%2fclient-common 581ms (cache miss)
1267 silly packumentCache full:https://registry.npmjs.org/@algolia%2fclient-common set size:undefined disposed:false
1268 silly fetch manifest @algolia/requester-browser-xhr@5.48.1
1269 silly packumentCache full:https://registry.npmjs.org/@algolia%2frequester-browser-xhr cache-miss
1270 http fetch GET 200 https://registry.npmjs.org/@algolia%2fclient-insights 465ms (cache miss)
1271 silly packumentCache full:https://registry.npmjs.org/@algolia%2fclient-insights set size:undefined disposed:false
1272 silly fetch manifest @algolia/client-personalization@5.48.1
1273 silly packumentCache full:https://registry.npmjs.org/@algolia%2fclient-personalization cache-miss
1274 http fetch GET 200 https://registry.npmjs.org/@algolia%2fclient-search 528ms (cache miss)
1275 silly packumentCache full:https://registry.npmjs.org/@algolia%2fclient-search set size:undefined disposed:false
1276 silly fetch manifest @algolia/client-query-suggestions@5.48.1
1277 silly packumentCache full:https://registry.npmjs.org/@algolia%2fclient-query-suggestions cache-miss
1278 http fetch GET 200 https://registry.npmjs.org/@algolia%2frequester-fetch 473ms (cache miss)
1279 silly packumentCache full:https://registry.npmjs.org/@algolia%2frequester-fetch set size:undefined disposed:false
1280 silly fetch manifest proc-log@^6.0.0
1281 silly packumentCache full:https://registry.npmjs.org/proc-log cache-miss
1282 http fetch GET 200 https://registry.npmjs.org/@algolia%2fclient-analytics 444ms (cache miss)
1283 silly packumentCache full:https://registry.npmjs.org/@algolia%2fclient-analytics set size:undefined disposed:false
1284 silly fetch manifest hosted-git-info@^9.0.0
1285 silly packumentCache full:https://registry.npmjs.org/hosted-git-info cache-miss
1286 http fetch GET 200 https://registry.npmjs.org/proc-log 205ms (cache miss)
1287 silly packumentCache full:https://registry.npmjs.org/proc-log set size:undefined disposed:false
1288 silly fetch manifest validate-npm-package-name@^7.0.0
1289 silly packumentCache full:https://registry.npmjs.org/validate-npm-package-name cache-miss
1290 http fetch GET 200 https://registry.npmjs.org/hosted-git-info 77ms (cache miss)
1291 silly packumentCache full:https://registry.npmjs.org/hosted-git-info set size:undefined disposed:false
1292 silly fetch manifest tar@^7.4.3
1293 silly packumentCache full:https://registry.npmjs.org/tar cache-miss
1294 http fetch GET 200 https://registry.npmjs.org/@algolia%2fclient-abtesting 629ms (cache miss)
1295 silly packumentCache full:https://registry.npmjs.org/@algolia%2fclient-abtesting set size:undefined disposed:false
1296 silly fetch manifest ssri@^13.0.0
1297 silly packumentCache full:https://registry.npmjs.org/ssri cache-miss
1298 http fetch GET 200 https://registry.npmjs.org/tar 195ms (cache miss)
1299 silly packumentCache full:https://registry.npmjs.org/tar set size:undefined disposed:false
1300 silly fetch manifest cacache@^20.0.0
1301 silly packumentCache full:https://registry.npmjs.org/cacache cache-miss
1302 http fetch GET 200 https://registry.npmjs.org/validate-npm-package-name 238ms (cache miss)
1303 silly packumentCache full:https://registry.npmjs.org/validate-npm-package-name set size:undefined disposed:false
1304 silly fetch manifest minipass@^7.0.2
1305 silly packumentCache full:https://registry.npmjs.org/minipass cache-miss
1306 http fetch GET 200 https://registry.npmjs.org/@algolia%2frequester-browser-xhr 701ms (cache miss)
1307 silly packumentCache full:https://registry.npmjs.org/@algolia%2frequester-browser-xhr set size:undefined disposed:false
1308 silly fetch manifest sigstore@^4.0.0
1309 silly packumentCache full:https://registry.npmjs.org/sigstore cache-miss
1310 http fetch GET 200 https://registry.npmjs.org/@algolia%2frequester-node-http 784ms (cache miss)
1311 silly packumentCache full:https://registry.npmjs.org/@algolia%2frequester-node-http set size:undefined disposed:false
1312 silly fetch manifest @npmcli/git@^7.0.0
1313 silly packumentCache full:https://registry.npmjs.org/@npmcli%2fgit cache-miss
1314 http fetch GET 200 https://registry.npmjs.org/ssri 313ms (cache miss)
1315 silly packumentCache full:https://registry.npmjs.org/ssri set size:undefined disposed:false
1316 silly fetch manifest fs-minipass@^3.0.0
1317 silly packumentCache full:https://registry.npmjs.org/fs-minipass cache-miss
1318 http fetch GET 200 https://registry.npmjs.org/minipass 270ms (cache miss)
1319 silly packumentCache full:https://registry.npmjs.org/minipass set size:undefined disposed:false
1320 silly fetch manifest npm-packlist@^10.0.1
1321 silly packumentCache full:https://registry.npmjs.org/npm-packlist cache-miss
1322 http fetch GET 200 https://registry.npmjs.org/@algolia%2fclient-personalization 886ms (cache miss)
1323 silly packumentCache full:https://registry.npmjs.org/@algolia%2fclient-personalization set size:undefined disposed:false
1324 silly fetch manifest npm-pick-manifest@^11.0.1
1325 silly packumentCache full:https://registry.npmjs.org/npm-pick-manifest cache-miss
1326 http fetch GET 200 https://registry.npmjs.org/@algolia%2fclient-query-suggestions 878ms (cache miss)
1327 silly packumentCache full:https://registry.npmjs.org/@algolia%2fclient-query-suggestions set size:undefined disposed:false
1328 silly fetch manifest @gar/promise-retry@^1.0.0
1329 silly packumentCache full:https://registry.npmjs.org/@gar%2fpromise-retry cache-miss
1330 http fetch GET 200 https://registry.npmjs.org/cacache 398ms (cache miss)
1331 silly packumentCache full:https://registry.npmjs.org/cacache set size:undefined disposed:false
1332 silly fetch manifest @npmcli/run-script@^10.0.0
1333 silly packumentCache full:https://registry.npmjs.org/@npmcli%2frun-script cache-miss
1334 http fetch GET 200 https://registry.npmjs.org/fs-minipass 280ms (cache miss)
1335 silly packumentCache full:https://registry.npmjs.org/fs-minipass set size:undefined disposed:false
1336 silly fetch manifest npm-registry-fetch@^19.0.0
1337 silly packumentCache full:https://registry.npmjs.org/npm-registry-fetch cache-miss
1338 http fetch GET 200 https://registry.npmjs.org/sigstore 339ms (cache miss)
1339 silly packumentCache full:https://registry.npmjs.org/sigstore set size:undefined disposed:false
1340 silly fetch manifest @npmcli/package-json@^7.0.0
1341 silly packumentCache full:https://registry.npmjs.org/@npmcli%2fpackage-json cache-miss
1342 http fetch GET 200 https://registry.npmjs.org/npm-packlist 188ms (cache miss)
1343 silly packumentCache full:https://registry.npmjs.org/npm-packlist set size:undefined disposed:false
1344 silly fetch manifest @npmcli/promise-spawn@^9.0.0
1345 silly packumentCache full:https://registry.npmjs.org/@npmcli%2fpromise-spawn cache-miss
1346 http fetch GET 200 https://registry.npmjs.org/npm-pick-manifest 185ms (cache miss)
1347 silly packumentCache full:https://registry.npmjs.org/npm-pick-manifest set size:undefined disposed:false
1348 silly fetch manifest @npmcli/installed-package-contents@^4.0.0
1349 silly packumentCache full:https://registry.npmjs.org/@npmcli%2finstalled-package-contents cache-miss
1350 http fetch GET 200 https://registry.npmjs.org/@npmcli%2fgit 420ms (cache miss)
1351 silly packumentCache full:https://registry.npmjs.org/@npmcli%2fgit set size:undefined disposed:false
1352 silly fetch manifest y18n@^5.0.5
1353 silly packumentCache full:https://registry.npmjs.org/y18n cache-miss
1354 http fetch GET 200 https://registry.npmjs.org/npm-registry-fetch 201ms (cache miss)
1355 silly packumentCache full:https://registry.npmjs.org/npm-registry-fetch set size:undefined disposed:false
1356 silly fetch manifest cliui@^9.0.1
1357 silly packumentCache full:https://registry.npmjs.org/cliui cache-miss
1358 http fetch GET 200 https://registry.npmjs.org/cliui 40ms (cache miss)
1359 silly packumentCache full:https://registry.npmjs.org/cliui set size:undefined disposed:false
1360 silly fetch manifest escalade@^3.1.1
1361 silly packumentCache full:https://registry.npmjs.org/escalade cache-miss
1362 http fetch GET 200 https://registry.npmjs.org/y18n 174ms (cache miss)
1363 silly packumentCache full:https://registry.npmjs.org/y18n set size:undefined disposed:false
1364 silly fetch manifest string-width@^7.2.0
1365 silly packumentCache full:https://registry.npmjs.org/string-width cache-miss
1366 http fetch GET 200 https://registry.npmjs.org/string-width 37ms (cache miss)
1367 silly packumentCache full:https://registry.npmjs.org/string-width set size:undefined disposed:false
1368 silly fetch manifest yargs-parser@^22.0.0
1369 silly packumentCache full:https://registry.npmjs.org/yargs-parser cache-miss
1370 http fetch GET 200 https://registry.npmjs.org/@npmcli%2frun-script 408ms (cache miss)
1371 silly packumentCache full:https://registry.npmjs.org/@npmcli%2frun-script set size:undefined disposed:false
1372 silly fetch manifest get-caller-file@^2.0.5
1373 silly packumentCache full:https://registry.npmjs.org/get-caller-file cache-miss
1374 http fetch GET 200 https://registry.npmjs.org/@gar%2fpromise-retry 455ms (cache miss)
1375 silly packumentCache full:https://registry.npmjs.org/@gar%2fpromise-retry set size:undefined disposed:false
1376 http fetch GET 200 https://registry.npmjs.org/get-caller-file 39ms (cache miss)
1377 silly packumentCache full:https://registry.npmjs.org/get-caller-file set size:undefined disposed:false
1378 http fetch GET 200 https://registry.npmjs.org/escalade 200ms (cache miss)
1379 silly packumentCache full:https://registry.npmjs.org/escalade set size:undefined disposed:false
1380 http fetch GET 200 https://registry.npmjs.org/@npmcli%2fpackage-json 446ms (cache miss)
1381 silly packumentCache full:https://registry.npmjs.org/@npmcli%2fpackage-json set size:undefined disposed:false
1382 http fetch GET 200 https://registry.npmjs.org/@npmcli%2fpromise-spawn 478ms (cache miss)
1383 silly packumentCache full:https://registry.npmjs.org/@npmcli%2fpromise-spawn set size:undefined disposed:false
1384 http fetch GET 200 https://registry.npmjs.org/@npmcli%2finstalled-package-contents 436ms (cache miss)
1385 silly packumentCache full:https://registry.npmjs.org/@npmcli%2finstalled-package-contents set size:undefined disposed:false
1386 http fetch GET 200 https://registry.npmjs.org/yargs-parser 199ms (cache miss)
1387 silly packumentCache full:https://registry.npmjs.org/yargs-parser set size:undefined disposed:false
1388 silly placeDep ROOT ora@9.3.0 OK for: @angular-devkit/schematics@21.2.24 want: 9.3.0
1389 silly fetch manifest chalk@^5.6.2
1390 silly packumentCache full:https://registry.npmjs.org/chalk cache-miss
1391 silly fetch manifest cli-cursor@^5.0.0
1392 silly packumentCache full:https://registry.npmjs.org/cli-cursor cache-miss
1393 silly fetch manifest log-symbols@^7.0.1
1394 silly packumentCache full:https://registry.npmjs.org/log-symbols cache-miss
1395 silly fetch manifest cli-spinners@^3.2.0
1396 silly packumentCache full:https://registry.npmjs.org/cli-spinners cache-miss
1397 silly fetch manifest string-width@^8.1.0
1398 silly packumentCache full:https://registry.npmjs.org/string-width cache-miss
1399 silly fetch manifest is-interactive@^2.0.0
1400 silly packumentCache full:https://registry.npmjs.org/is-interactive cache-miss
1401 silly fetch manifest stdin-discarder@^0.3.1
1402 silly packumentCache full:https://registry.npmjs.org/stdin-discarder cache-miss
1403 http cache https://registry.npmjs.org/string-width 22ms (cache hit)
1404 silly packumentCache full:https://registry.npmjs.org/string-width set size:72458 disposed:false
1405 silly fetch manifest is-unicode-supported@^2.1.0
1406 silly packumentCache full:https://registry.npmjs.org/is-unicode-supported cache-miss
1407 http fetch GET 200 https://registry.npmjs.org/chalk 45ms (cache miss)
1408 silly packumentCache full:https://registry.npmjs.org/chalk set size:undefined disposed:false
1409 http fetch GET 200 https://registry.npmjs.org/is-unicode-supported 31ms (cache miss)
1410 silly packumentCache full:https://registry.npmjs.org/is-unicode-supported set size:undefined disposed:false
1411 http fetch GET 200 https://registry.npmjs.org/cli-cursor 184ms (cache miss)
1412 silly packumentCache full:https://registry.npmjs.org/cli-cursor set size:undefined disposed:false
1413 http fetch GET 200 https://registry.npmjs.org/log-symbols 190ms (cache miss)
1414 silly packumentCache full:https://registry.npmjs.org/log-symbols set size:undefined disposed:false
1415 http fetch GET 200 https://registry.npmjs.org/stdin-discarder 189ms (cache miss)
1416 silly packumentCache full:https://registry.npmjs.org/stdin-discarder set size:undefined disposed:false
1417 http fetch GET 200 https://registry.npmjs.org/cli-spinners 197ms (cache miss)
1418 silly packumentCache full:https://registry.npmjs.org/cli-spinners set size:undefined disposed:false
1419 http fetch GET 200 https://registry.npmjs.org/is-interactive 199ms (cache miss)
1420 silly packumentCache full:https://registry.npmjs.org/is-interactive set size:undefined disposed:false
1421 silly placeDep ROOT @jridgewell/sourcemap-codec@1.6.0 OK for: @angular/compiler-cli@21.2.23 want: ^1.4.14
1422 silly placeDep ROOT chokidar@5.0.0 OK for: @angular/compiler-cli@21.2.23 want: ^5.0.0
1423 silly placeDep ROOT convert-source-map@1.9.0 OK for: @angular/compiler-cli@21.2.23 want: ^1.5.1
1424 silly placeDep ROOT reflect-metadata@0.2.2 OK for: @angular/compiler-cli@21.2.23 want: ^0.2.0
1425 silly fetch manifest readdirp@^5.0.0
1426 silly packumentCache full:https://registry.npmjs.org/readdirp cache-miss
1427 http fetch GET 200 https://registry.npmjs.org/readdirp 185ms (cache miss)
1428 silly packumentCache full:https://registry.npmjs.org/readdirp set size:undefined disposed:false
1429 silly placeDep ROOT @standard-schema/spec@1.1.0 OK for: @angular/forms@21.2.23 want: ^1.0.0
1430 silly fetch manifest @babel/core@^7.0.0
1431 silly packumentCache full:https://registry.npmjs.org/@babel%2fcore cache-miss
1432 http cache https://registry.npmjs.org/@babel%2fcore 11ms (cache hit)
1433 silly packumentCache full:https://registry.npmjs.org/@babel%2fcore set size:792733 disposed:false
1434 silly placeDep ROOT @babel/code-frame@7.29.7 OK for: @babel/core@7.29.7 want: ^7.29.7
1435 silly placeDep ROOT @babel/generator@7.29.8 OK for: @babel/core@7.29.7 want: ^7.29.7
1436 silly placeDep ROOT @babel/helper-compilation-targets@7.29.7 OK for: @babel/core@7.29.7 want: ^7.29.7
1437 silly placeDep ROOT @babel/helper-module-transforms@7.29.7 OK for: @babel/core@7.29.7 want: ^7.29.7
1438 silly placeDep ROOT @babel/helpers@7.29.7 OK for: @babel/core@7.29.7 want: ^7.29.7
1439 silly placeDep ROOT @babel/parser@7.29.8 OK for: @babel/core@7.29.7 want: ^7.29.7
1440 silly placeDep ROOT @babel/template@7.29.7 OK for: @babel/core@7.29.7 want: ^7.29.7
1441 silly placeDep ROOT @babel/traverse@7.29.8 OK for: @babel/core@7.29.7 want: ^7.29.7
1442 silly placeDep ROOT @babel/types@7.29.8 OK for: @babel/core@7.29.7 want: ^7.29.7
1443 silly placeDep ROOT @jridgewell/remapping@2.3.5 OK for: @babel/core@7.29.7 want: ^2.3.5
1444 silly placeDep node_modules/@babel/core convert-source-map@2.0.0 OK for: @babel/core@7.29.7 want: ^2.0.0
1445 silly placeDep ROOT debug@4.4.3 OK for: @babel/core@7.29.7 want: ^4.1.0
1446 silly placeDep ROOT gensync@1.0.0-beta.2 OK for: @babel/core@7.29.7 want: ^1.0.0-beta.2
1447 silly placeDep ROOT json5@2.2.3 OK for: @babel/core@7.29.7 want: ^2.2.3
1448 silly placeDep node_modules/@babel/core semver@6.3.1 OK for: @babel/core@7.29.7 want: ^6.3.1
1449 silly fetch manifest js-tokens@^4.0.0
1450 silly packumentCache full:https://registry.npmjs.org/js-tokens cache-miss
1451 silly fetch manifest @babel/helper-validator-identifier@^7.29.7
1452 silly packumentCache full:https://registry.npmjs.org/@babel%2fhelper-validator-identifier cache-miss
1453 silly fetch manifest jsesc@^3.0.2
1454 silly packumentCache full:https://registry.npmjs.org/jsesc cache-miss
1455 silly fetch manifest @babel/types@^7.29.8
1456 silly packumentCache full:https://registry.npmjs.org/@babel%2ftypes cache-hit
1457 silly fetch manifest @babel/parser@^7.29.8
1458 silly packumentCache full:https://registry.npmjs.org/@babel%2fparser cache-hit
1459 silly fetch manifest lru-cache@^5.1.1
1460 silly packumentCache full:https://registry.npmjs.org/lru-cache cache-miss
1461 silly fetch manifest @babel/compat-data@^7.29.7
1462 silly packumentCache full:https://registry.npmjs.org/@babel%2fcompat-data cache-miss
1463 silly fetch manifest @babel/helper-validator-option@^7.29.7
1464 silly packumentCache full:https://registry.npmjs.org/@babel%2fhelper-validator-option cache-miss
1465 silly fetch manifest @babel/helper-module-imports@^7.29.7
1466 silly packumentCache full:https://registry.npmjs.org/@babel%2fhelper-module-imports cache-miss
1467 http fetch GET 200 https://registry.npmjs.org/lru-cache 61ms (cache miss)
1468 silly packumentCache full:https://registry.npmjs.org/lru-cache set size:undefined disposed:false
1469 silly fetch manifest @babel/helper-validator-identifier@^7.29.7
1470 silly packumentCache full:https://registry.npmjs.org/@babel%2fhelper-validator-identifier cache-miss
1471 http fetch GET 200 https://registry.npmjs.org/js-tokens 182ms (cache miss)
1472 silly packumentCache full:https://registry.npmjs.org/js-tokens set size:undefined disposed:false
1473 silly fetch manifest debug@^4.3.1
1474 silly packumentCache full:https://registry.npmjs.org/debug cache-hit
1475 silly fetch manifest @babel/helper-globals@^7.29.7
1476 silly packumentCache full:https://registry.npmjs.org/@babel%2fhelper-globals cache-miss
1477 http fetch GET 200 https://registry.npmjs.org/jsesc 192ms (cache miss)
1478 silly packumentCache full:https://registry.npmjs.org/jsesc set size:undefined disposed:false
1479 silly fetch manifest @babel/helper-string-parser@^7.29.7
1480 silly packumentCache full:https://registry.npmjs.org/@babel%2fhelper-string-parser cache-miss
1481 http fetch GET 200 https://registry.npmjs.org/@babel%2fhelper-validator-identifier 343ms (cache miss)
1482 silly packumentCache full:https://registry.npmjs.org/@babel%2fhelper-validator-identifier set size:undefined disposed:false
1483 silly fetch manifest ms@^2.1.3
1484 silly packumentCache full:https://registry.npmjs.org/ms cache-miss
1485 http fetch GET 200 https://registry.npmjs.org/@babel%2fhelper-validator-identifier 272ms (cache miss)
1486 silly packumentCache full:https://registry.npmjs.org/@babel%2fhelper-validator-identifier set size:undefined disposed:false
1487 http fetch GET 200 https://registry.npmjs.org/@babel%2fhelper-validator-option 346ms (cache miss)
1488 silly packumentCache full:https://registry.npmjs.org/@babel%2fhelper-validator-option set size:undefined disposed:false
1489 http fetch GET 200 https://registry.npmjs.org/@babel%2fhelper-module-imports 351ms (cache miss)
1490 silly packumentCache full:https://registry.npmjs.org/@babel%2fhelper-module-imports set size:undefined disposed:false
1491 http fetch GET 200 https://registry.npmjs.org/@babel%2fcompat-data 369ms (cache miss)
1492 silly packumentCache full:https://registry.npmjs.org/@babel%2fcompat-data set size:undefined disposed:false
1493 http fetch GET 200 https://registry.npmjs.org/ms 48ms (cache miss)
1494 silly packumentCache full:https://registry.npmjs.org/ms set size:undefined disposed:false
1495 http fetch GET 200 https://registry.npmjs.org/@babel%2fhelper-globals 322ms (cache miss)
1496 silly packumentCache full:https://registry.npmjs.org/@babel%2fhelper-globals set size:undefined disposed:false
1497 http fetch GET 200 https://registry.npmjs.org/@babel%2fhelper-string-parser 332ms (cache miss)
1498 silly packumentCache full:https://registry.npmjs.org/@babel%2fhelper-string-parser set size:undefined disposed:false
1499 silly placeDep ROOT @babel/helper-validator-identifier@7.29.7 OK for: @babel/code-frame@7.29.7 want: ^7.29.7
1500 silly placeDep ROOT js-tokens@4.0.0 OK for: @babel/code-frame@7.29.7 want: ^4.0.0
1501 silly placeDep ROOT picocolors@1.1.1 OK for: @babel/code-frame@7.29.7 want: ^1.1.1
1502 silly placeDep ROOT jsesc@3.1.0 OK for: @babel/generator@7.29.8 want: ^3.0.2
1503 silly placeDep ROOT @babel/compat-data@7.29.7 OK for: @babel/helper-compilation-targets@7.29.7 want: ^7.29.7
1504 silly placeDep ROOT @babel/helper-validator-option@7.29.7 OK for: @babel/helper-compilation-targets@7.29.7 want: ^7.29.7
1505 silly placeDep ROOT lru-cache@5.1.1 OK for: @babel/helper-compilation-targets@7.29.7 want: ^5.1.1
1506 silly placeDep node_modules/@babel/helper-compilation-targets semver@6.3.1 OK for: @babel/helper-compilation-targets@7.29.7 want: ^6.3.1
1507 silly fetch manifest yallist@^3.0.2
1508 silly packumentCache full:https://registry.npmjs.org/yallist cache-miss
1509 http fetch GET 200 https://registry.npmjs.org/yallist 34ms (cache miss)
1510 silly packumentCache full:https://registry.npmjs.org/yallist set size:undefined disposed:false
1511 silly placeDep ROOT @babel/helper-module-imports@7.29.7 OK for: @babel/helper-module-transforms@7.29.7 want: ^7.29.7
1512 silly placeDep ROOT @babel/helper-globals@7.29.7 OK for: @babel/traverse@7.29.8 want: ^7.29.7
1513 silly placeDep ROOT @babel/helper-string-parser@7.29.7 OK for: @babel/types@7.29.8 want: ^7.29.7
1514 silly placeDep ROOT @inquirer/core@10.3.2 OK for: @inquirer/confirm@5.1.21 want: ^10.3.2
1515 silly placeDep ROOT @inquirer/type@3.0.10 OK for: @inquirer/confirm@5.1.21 want: ^3.0.10
1516 silly fetch manifest cli-width@^4.1.0
1517 silly packumentCache full:https://registry.npmjs.org/cli-width cache-miss
1518 silly fetch manifest wrap-ansi@^6.2.0
1519 silly packumentCache full:https://registry.npmjs.org/wrap-ansi cache-miss
1520 silly fetch manifest mute-stream@^2.0.0
1521 silly packumentCache full:https://registry.npmjs.org/mute-stream cache-miss
1522 silly fetch manifest signal-exit@^4.1.0
1523 silly packumentCache full:https://registry.npmjs.org/signal-exit cache-miss
1524 silly fetch manifest @inquirer/ansi@^1.0.2
1525 silly packumentCache full:https://registry.npmjs.org/@inquirer%2fansi cache-miss
1526 silly fetch manifest yoctocolors-cjs@^2.1.3
1527 silly packumentCache full:https://registry.npmjs.org/yoctocolors-cjs cache-miss
1528 silly fetch manifest @inquirer/figures@^1.0.15
1529 silly packumentCache full:https://registry.npmjs.org/@inquirer%2ffigures cache-miss
1530 http cache https://registry.npmjs.org/wrap-ansi 19ms (cache hit)
1531 silly packumentCache full:https://registry.npmjs.org/wrap-ansi set size:57461 disposed:false
1532 http fetch GET 200 https://registry.npmjs.org/signal-exit 43ms (cache miss)
1533 silly packumentCache full:https://registry.npmjs.org/signal-exit set size:undefined disposed:false
1534 http fetch GET 200 https://registry.npmjs.org/mute-stream 179ms (cache miss)
1535 silly packumentCache full:https://registry.npmjs.org/mute-stream set size:undefined disposed:false
1536 http fetch GET 200 https://registry.npmjs.org/cli-width 187ms (cache miss)
1537 silly packumentCache full:https://registry.npmjs.org/cli-width set size:undefined disposed:false
1538 http fetch GET 200 https://registry.npmjs.org/yoctocolors-cjs 189ms (cache miss)
1539 silly packumentCache full:https://registry.npmjs.org/yoctocolors-cjs set size:undefined disposed:false
1540 http fetch GET 200 https://registry.npmjs.org/@inquirer%2fansi 399ms (cache miss)
1541 silly packumentCache full:https://registry.npmjs.org/@inquirer%2fansi set size:undefined disposed:false
1542 http fetch GET 200 https://registry.npmjs.org/@inquirer%2ffigures 497ms (cache miss)
1543 silly packumentCache full:https://registry.npmjs.org/@inquirer%2ffigures set size:undefined disposed:false
1544 silly placeDep ROOT @inquirer/ansi@1.0.2 OK for: @inquirer/core@10.3.2 want: ^1.0.2
1545 silly placeDep ROOT @inquirer/figures@1.0.15 OK for: @inquirer/core@10.3.2 want: ^1.0.15
1546 silly placeDep ROOT cli-width@4.1.0 OK for: @inquirer/core@10.3.2 want: ^4.1.0
1547 silly placeDep ROOT mute-stream@2.0.0 OK for: @inquirer/core@10.3.2 want: ^2.0.0
1548 silly placeDep ROOT signal-exit@4.1.0 OK for: @inquirer/core@10.3.2 want: ^4.1.0
1549 silly placeDep ROOT wrap-ansi@6.2.0 OK for: @inquirer/core@10.3.2 want: ^6.2.0
1550 silly placeDep ROOT yoctocolors-cjs@2.1.3 OK for: @inquirer/core@10.3.2 want: ^2.1.3
1551 silly fetch manifest strip-ansi@^6.0.0
1552 silly packumentCache full:https://registry.npmjs.org/strip-ansi cache-miss
1553 silly fetch manifest ansi-styles@^4.0.0
1554 silly packumentCache full:https://registry.npmjs.org/ansi-styles cache-miss
1555 silly fetch manifest string-width@^4.1.0
1556 silly packumentCache full:https://registry.npmjs.org/string-width cache-hit
1557 http fetch GET 200 https://registry.npmjs.org/strip-ansi 178ms (cache miss)
1558 silly packumentCache full:https://registry.npmjs.org/strip-ansi set size:undefined disposed:false
1559 http fetch GET 200 https://registry.npmjs.org/ansi-styles 180ms (cache miss)
1560 silly packumentCache full:https://registry.npmjs.org/ansi-styles set size:undefined disposed:false
1561 silly placeDep ROOT @inquirer/checkbox@4.3.2 OK for: @inquirer/prompts@7.10.1 want: ^4.3.2
1562 silly placeDep ROOT @inquirer/editor@4.2.23 OK for: @inquirer/prompts@7.10.1 want: ^4.2.23
1563 silly placeDep ROOT @inquirer/expand@4.0.23 OK for: @inquirer/prompts@7.10.1 want: ^4.0.23
1564 silly placeDep ROOT @inquirer/input@4.3.1 OK for: @inquirer/prompts@7.10.1 want: ^4.3.1
1565 silly placeDep ROOT @inquirer/number@3.0.23 OK for: @inquirer/prompts@7.10.1 want: ^3.0.23
1566 silly placeDep ROOT @inquirer/password@4.0.23 OK for: @inquirer/prompts@7.10.1 want: ^4.0.23
1567 silly placeDep ROOT @inquirer/rawlist@4.1.11 OK for: @inquirer/prompts@7.10.1 want: ^4.1.11
1568 silly placeDep ROOT @inquirer/search@3.2.2 OK for: @inquirer/prompts@7.10.1 want: ^3.2.2
1569 silly placeDep ROOT @inquirer/select@4.4.2 OK for: @inquirer/prompts@7.10.1 want: ^4.4.2
1570 silly fetch manifest @inquirer/external-editor@^1.0.3
1571 silly packumentCache full:https://registry.npmjs.org/@inquirer%2fexternal-editor cache-miss
1572 http fetch GET 200 https://registry.npmjs.org/@inquirer%2fexternal-editor 401ms (cache miss)
1573 silly packumentCache full:https://registry.npmjs.org/@inquirer%2fexternal-editor set size:undefined disposed:false
1574 silly placeDep ROOT @inquirer/external-editor@1.0.3 OK for: @inquirer/editor@4.2.23 want: ^1.0.3
1575 silly fetch manifest chardet@^2.1.1
1576 silly packumentCache full:https://registry.npmjs.org/chardet cache-miss
1577 silly fetch manifest iconv-lite@^0.7.0
1578 silly packumentCache full:https://registry.npmjs.org/iconv-lite cache-miss
1579 http fetch GET 200 https://registry.npmjs.org/iconv-lite 36ms (cache miss)
1580 silly packumentCache full:https://registry.npmjs.org/iconv-lite set size:undefined disposed:false
1581 http fetch GET 200 https://registry.npmjs.org/chardet 173ms (cache miss)
1582 silly packumentCache full:https://registry.npmjs.org/chardet set size:undefined disposed:false
1583 silly placeDep ROOT chardet@2.2.0 OK for: @inquirer/external-editor@1.0.3 want: ^2.1.1
1584 silly placeDep ROOT iconv-lite@0.7.3 OK for: @inquirer/external-editor@1.0.3 want: ^0.7.0
1585 silly fetch manifest safer-buffer@>= 2.1.2 < 3.0.0
1586 silly packumentCache full:https://registry.npmjs.org/safer-buffer cache-miss
1587 http fetch GET 200 https://registry.npmjs.org/safer-buffer 32ms (cache miss)
1588 silly packumentCache full:https://registry.npmjs.org/safer-buffer set size:undefined disposed:false
1589 silly placeDep ROOT @jridgewell/resolve-uri@3.1.2 OK for: @jridgewell/trace-mapping@0.3.31 want: ^3.1.0
1590 silly placeDep ROOT @hono/node-server@2.1.1 OK for: @modelcontextprotocol/sdk@1.30.0 want: ^1.19.9 || ^2.0.5
1591 silly placeDep ROOT hono@4.13.8 OK for: @hono/node-server@2.1.1 want: ^4
1592 silly placeDep ROOT content-type@1.0.5 OK for: @modelcontextprotocol/sdk@1.30.0 want: ^1.0.5
1593 silly placeDep ROOT cors@2.8.6 OK for: @modelcontextprotocol/sdk@1.30.0 want: ^2.8.5
1594 silly placeDep ROOT cross-spawn@7.0.6 OK for: @modelcontextprotocol/sdk@1.30.0 want: ^7.0.5
1595 silly placeDep ROOT eventsource@3.0.7 OK for: @modelcontextprotocol/sdk@1.30.0 want: ^3.0.2
1596 silly placeDep ROOT eventsource-parser@3.1.1 OK for: @modelcontextprotocol/sdk@1.30.0 want: ^3.0.0
1597 silly placeDep ROOT express@5.2.1 OK for: @modelcontextprotocol/sdk@1.30.0 want: ^5.2.1
1598 silly placeDep ROOT express-rate-limit@8.7.0 OK for: @modelcontextprotocol/sdk@1.30.0 want: ^8.2.1
1599 silly placeDep ROOT jose@6.2.12 OK for: @modelcontextprotocol/sdk@1.30.0 want: ^6.1.3
1600 silly placeDep ROOT json-schema-typed@8.0.2 OK for: @modelcontextprotocol/sdk@1.30.0 want: ^8.0.2
1601 silly placeDep ROOT pkce-challenge@5.0.1 OK for: @modelcontextprotocol/sdk@1.30.0 want: ^5.0.0
1602 silly placeDep ROOT raw-body@3.0.2 OK for: @modelcontextprotocol/sdk@1.30.0 want: ^3.0.0
1603 silly placeDep ROOT zod-to-json-schema@3.25.2 OK for: @modelcontextprotocol/sdk@1.30.0 want: ^3.25.1
1604 silly fetch manifest object-assign@^4
1605 silly packumentCache full:https://registry.npmjs.org/object-assign cache-miss
1606 silly fetch manifest vary@^1
1607 silly packumentCache full:https://registry.npmjs.org/vary cache-miss
1608 silly fetch manifest which@^2.0.1
1609 silly packumentCache full:https://registry.npmjs.org/which cache-miss
1610 silly fetch manifest path-key@^3.1.0
1611 silly packumentCache full:https://registry.npmjs.org/path-key cache-miss
1612 silly fetch manifest shebang-command@^2.0.0
1613 silly packumentCache full:https://registry.npmjs.org/shebang-command cache-miss
1614 silly fetch manifest eventsource-parser@^3.0.1
1615 silly packumentCache full:https://registry.npmjs.org/eventsource-parser cache-miss
1616 silly fetch manifest qs@^6.14.0
1617 silly packumentCache full:https://registry.npmjs.org/qs cache-miss
1618 http cache https://registry.npmjs.org/eventsource-parser 20ms (cache hit)
1619 silly packumentCache full:https://registry.npmjs.org/eventsource-parser set size:93083 disposed:false
1620 silly fetch manifest depd@^2.0.0
1621 silly packumentCache full:https://registry.npmjs.org/depd cache-miss
1622 http fetch GET 200 https://registry.npmjs.org/object-assign 64ms (cache miss)
1623 silly packumentCache full:https://registry.npmjs.org/object-assign set size:undefined disposed:false
1624 silly fetch manifest etag@^1.8.1
1625 silly packumentCache full:https://registry.npmjs.org/etag cache-miss
1626 http fetch GET 200 https://registry.npmjs.org/shebang-command 75ms (cache miss)
1627 silly packumentCache full:https://registry.npmjs.org/shebang-command set size:undefined disposed:false
1628 silly fetch manifest once@^1.4.0
1629 silly packumentCache full:https://registry.npmjs.org/once cache-miss
1630 http fetch GET 200 https://registry.npmjs.org/which 90ms (cache miss)
1631 silly packumentCache full:https://registry.npmjs.org/which set size:undefined disposed:false
1632 silly fetch manifest send@^1.1.0
1633 silly packumentCache full:https://registry.npmjs.org/send cache-miss
1634 http fetch GET 200 https://registry.npmjs.org/qs 106ms (cache miss)
1635 silly packumentCache full:https://registry.npmjs.org/qs set size:undefined disposed:false
1636 silly fetch manifest vary@^1.1.2
1637 silly packumentCache full:https://registry.npmjs.org/vary cache-miss
1638 http fetch GET 200 https://registry.npmjs.org/once 58ms (cache miss)
1639 silly packumentCache full:https://registry.npmjs.org/once set size:undefined disposed:false
1640 silly fetch manifest fresh@^2.0.0
1641 silly packumentCache full:https://registry.npmjs.org/fresh cache-miss
1642 http fetch GET 200 https://registry.npmjs.org/vary 191ms (cache miss)
1643 silly packumentCache full:https://registry.npmjs.org/vary set size:undefined disposed:false
1644 silly fetch manifest cookie@^0.7.1
1645 silly packumentCache full:https://registry.npmjs.org/cookie cache-miss
1646 http fetch GET 200 https://registry.npmjs.org/vary 71ms (cache miss)
1647 silly packumentCache full:https://registry.npmjs.org/vary set size:undefined disposed:false
1648 silly fetch manifest router@^2.2.0
1649 silly packumentCache full:https://registry.npmjs.org/router cache-miss
1650 http fetch GET 200 https://registry.npmjs.org/path-key 197ms (cache miss)
1651 silly packumentCache full:https://registry.npmjs.org/path-key set size:undefined disposed:false
1652 silly fetch manifest accepts@^2.0.0
1653 silly packumentCache full:https://registry.npmjs.org/accepts cache-miss
1654 http fetch GET 200 https://registry.npmjs.org/fresh 60ms (cache miss)
1655 silly packumentCache full:https://registry.npmjs.org/fresh set size:undefined disposed:false
1656 silly fetch manifest type-is@^2.0.1
1657 silly packumentCache full:https://registry.npmjs.org/type-is cache-miss
1658 http fetch GET 200 https://registry.npmjs.org/depd 189ms (cache miss)
1659 silly packumentCache full:https://registry.npmjs.org/depd set size:undefined disposed:false
1660 silly fetch manifest parseurl@^1.3.3
1661 silly packumentCache full:https://registry.npmjs.org/parseurl cache-miss
1662 http fetch GET 200 https://registry.npmjs.org/accepts 51ms (cache miss)
1663 silly packumentCache full:https://registry.npmjs.org/accepts set size:undefined disposed:false
1664 silly fetch manifest statuses@^2.0.1
1665 silly packumentCache full:https://registry.npmjs.org/statuses cache-miss
1666 http fetch GET 200 https://registry.npmjs.org/etag 190ms (cache miss)
1667 silly packumentCache full:https://registry.npmjs.org/etag set size:undefined disposed:false
1668 silly fetch manifest encodeurl@^2.0.0
1669 silly packumentCache full:https://registry.npmjs.org/encodeurl cache-miss
1670 http fetch GET 200 https://registry.npmjs.org/type-is 54ms (cache miss)
1671 silly packumentCache full:https://registry.npmjs.org/type-is set size:undefined disposed:false
1672 silly fetch manifest mime-types@^3.0.0
1673 silly packumentCache full:https://registry.npmjs.org/mime-types cache-miss
1674 http fetch GET 200 https://registry.npmjs.org/parseurl 42ms (cache miss)
1675 silly packumentCache full:https://registry.npmjs.org/parseurl set size:undefined disposed:false
1676 silly fetch manifest proxy-addr@^2.0.7
1677 silly packumentCache full:https://registry.npmjs.org/proxy-addr cache-miss
1678 http fetch GET 200 https://registry.npmjs.org/send 196ms (cache miss)
1679 silly packumentCache full:https://registry.npmjs.org/send set size:undefined disposed:false
1680 silly fetch manifest body-parser@^2.2.1
1681 silly packumentCache full:https://registry.npmjs.org/body-parser cache-miss
1682 http fetch GET 200 https://registry.npmjs.org/encodeurl 62ms (cache miss)
1683 silly packumentCache full:https://registry.npmjs.org/encodeurl set size:undefined disposed:false
1684 silly fetch manifest escape-html@^1.0.3
1685 silly packumentCache full:https://registry.npmjs.org/escape-html cache-miss
1686 http fetch GET 200 https://registry.npmjs.org/mime-types 65ms (cache miss)
1687 silly packumentCache full:https://registry.npmjs.org/mime-types set size:undefined disposed:false
1688 silly fetch manifest http-errors@^2.0.0
1689 silly packumentCache full:https://registry.npmjs.org/http-errors cache-miss
1690 http fetch GET 200 https://registry.npmjs.org/proxy-addr 77ms (cache miss)
1691 silly packumentCache full:https://registry.npmjs.org/proxy-addr set size:undefined disposed:false
1692 silly fetch manifest on-finished@^2.4.1
1693 silly packumentCache full:https://registry.npmjs.org/on-finished cache-miss
1694 http fetch GET 200 https://registry.npmjs.org/escape-html 79ms (cache miss)
1695 silly packumentCache full:https://registry.npmjs.org/escape-html set size:undefined disposed:false
1696 silly fetch manifest finalhandler@^2.1.0
1697 silly packumentCache full:https://registry.npmjs.org/finalhandler cache-miss
1698 http fetch GET 200 https://registry.npmjs.org/cookie 220ms (cache miss)
1699 silly packumentCache full:https://registry.npmjs.org/cookie set size:undefined disposed:false
1700 silly fetch manifest range-parser@^1.2.1
1701 silly packumentCache full:https://registry.npmjs.org/range-parser cache-miss
1702 http fetch GET 200 https://registry.npmjs.org/router 249ms (cache miss)
1703 silly packumentCache full:https://registry.npmjs.org/router set size:undefined disposed:false
1704 silly fetch manifest serve-static@^2.2.0
1705 silly packumentCache full:https://registry.npmjs.org/serve-static cache-miss
1706 http fetch GET 200 https://registry.npmjs.org/body-parser 164ms (cache miss)
1707 silly packumentCache full:https://registry.npmjs.org/body-parser set size:undefined disposed:false
1708 silly fetch manifest cookie-signature@^1.2.1
1709 silly packumentCache full:https://registry.npmjs.org/cookie-signature cache-miss
1710 http fetch GET 200 https://registry.npmjs.org/on-finished 129ms (cache miss)
1711 silly packumentCache full:https://registry.npmjs.org/on-finished set size:undefined disposed:false
1712 silly fetch manifest merge-descriptors@^2.0.0
1713 silly packumentCache full:https://registry.npmjs.org/merge-descriptors cache-miss
1714 http fetch GET 200 https://registry.npmjs.org/http-errors 181ms (cache miss)
1715 silly packumentCache full:https://registry.npmjs.org/http-errors set size:undefined disposed:false
1716 silly fetch manifest content-disposition@^1.0.0
1717 silly packumentCache full:https://registry.npmjs.org/content-disposition cache-miss
1718 http fetch GET 200 https://registry.npmjs.org/statuses 276ms (cache miss)
1719 silly packumentCache full:https://registry.npmjs.org/statuses set size:undefined disposed:false
1720 silly fetch manifest ip-address@^10.2.0
1721 silly packumentCache full:https://registry.npmjs.org/ip-address cache-miss
1722 http fetch GET 200 https://registry.npmjs.org/finalhandler 161ms (cache miss)
1723 silly packumentCache full:https://registry.npmjs.org/finalhandler set size:undefined disposed:false
1724 silly fetch manifest bytes@~3.1.2
1725 silly packumentCache full:https://registry.npmjs.org/bytes cache-miss
1726 http fetch GET 200 https://registry.npmjs.org/range-parser 154ms (cache miss)
1727 silly packumentCache full:https://registry.npmjs.org/range-parser set size:undefined disposed:false
1728 silly fetch manifest unpipe@~1.0.0
1729 silly packumentCache full:https://registry.npmjs.org/unpipe cache-miss
1730 http fetch GET 200 https://registry.npmjs.org/cookie-signature 115ms (cache miss)
1731 silly packumentCache full:https://registry.npmjs.org/cookie-signature set size:undefined disposed:false
1732 silly fetch manifest http-errors@~2.0.1
1733 silly packumentCache full:https://registry.npmjs.org/http-errors cache-miss
1734 http fetch GET 200 https://registry.npmjs.org/serve-static 142ms (cache miss)
1735 silly packumentCache full:https://registry.npmjs.org/serve-static set size:undefined disposed:false
1736 http fetch GET 200 https://registry.npmjs.org/content-disposition 95ms (cache miss)
1737 silly packumentCache full:https://registry.npmjs.org/content-disposition set size:undefined disposed:false
1738 http cache https://registry.npmjs.org/http-errors 64ms (cache hit)
1739 silly packumentCache full:https://registry.npmjs.org/http-errors set size:71987 disposed:false
1740 http fetch GET 200 https://registry.npmjs.org/bytes 88ms (cache miss)
1741 silly packumentCache full:https://registry.npmjs.org/bytes set size:undefined disposed:false
1742 http fetch GET 200 https://registry.npmjs.org/unpipe 97ms (cache miss)
1743 silly packumentCache full:https://registry.npmjs.org/unpipe set size:undefined disposed:false
1744 http fetch GET 200 https://registry.npmjs.org/merge-descriptors 201ms (cache miss)
1745 silly packumentCache full:https://registry.npmjs.org/merge-descriptors set size:undefined disposed:false
1746 http fetch GET 200 https://registry.npmjs.org/ip-address 182ms (cache miss)
1747 silly packumentCache full:https://registry.npmjs.org/ip-address set size:undefined disposed:false
1748 silly placeDep ROOT fast-deep-equal@3.1.3 OK for: ajv@8.18.0 want: ^3.1.3
1749 silly placeDep ROOT fast-uri@3.1.8 OK for: ajv@8.18.0 want: ^3.0.1
1750 silly placeDep ROOT json-schema-traverse@1.0.0 OK for: ajv@8.18.0 want: ^1.0.0
1751 silly placeDep ROOT require-from-string@2.0.2 OK for: ajv@8.18.0 want: ^2.0.2
1752 silly placeDep ROOT @algolia/abtesting@1.14.1 OK for: algoliasearch@5.48.1 want: 1.14.1
1753 silly placeDep ROOT @algolia/client-abtesting@5.48.1 OK for: algoliasearch@5.48.1 want: 5.48.1
1754 silly placeDep ROOT @algolia/client-analytics@5.48.1 OK for: algoliasearch@5.48.1 want: 5.48.1
1755 silly placeDep ROOT @algolia/client-common@5.48.1 OK for: algoliasearch@5.48.1 want: 5.48.1
1756 silly placeDep ROOT @algolia/client-insights@5.48.1 OK for: algoliasearch@5.48.1 want: 5.48.1
1757 silly placeDep ROOT @algolia/client-personalization@5.48.1 OK for: algoliasearch@5.48.1 want: 5.48.1
1758 silly placeDep ROOT @algolia/client-query-suggestions@5.48.1 OK for: algoliasearch@5.48.1 want: 5.48.1
1759 silly placeDep ROOT @algolia/client-search@5.48.1 OK for: algoliasearch@5.48.1 want: 5.48.1
1760 silly placeDep ROOT @algolia/ingestion@1.48.1 OK for: algoliasearch@5.48.1 want: 1.48.1
1761 silly placeDep ROOT @algolia/monitoring@1.48.1 OK for: algoliasearch@5.48.1 want: 1.48.1
1762 silly placeDep ROOT @algolia/recommend@5.48.1 OK for: algoliasearch@5.48.1 want: 5.48.1
1763 silly placeDep ROOT @algolia/requester-browser-xhr@5.48.1 OK for: algoliasearch@5.48.1 want: 5.48.1
1764 silly placeDep ROOT @algolia/requester-fetch@5.48.1 OK for: algoliasearch@5.48.1 want: 5.48.1
1765 silly placeDep ROOT @algolia/requester-node-http@5.48.1 OK for: algoliasearch@5.48.1 want: 5.48.1
1766 silly placeDep ROOT css-select@6.0.0 OK for: beasties@0.4.1 want: ^6.0.0
1767 silly placeDep ROOT css-what@7.0.0 OK for: beasties@0.4.1 want: ^7.0.0
1768 silly placeDep ROOT dom-serializer@2.0.0 OK for: beasties@0.4.1 want: ^2.0.0
1769 silly placeDep ROOT domhandler@5.0.3 OK for: beasties@0.4.1 want: ^5.0.3
1770 silly placeDep ROOT htmlparser2@10.1.0 OK for: beasties@0.4.1 want: ^10.0.0
1771 silly placeDep ROOT postcss@8.5.28 OK for: beasties@0.4.1 want: ^8.4.49
1772 silly placeDep ROOT postcss-media-query-parser@0.2.3 OK for: beasties@0.4.1 want: ^0.2.3
1773 silly placeDep ROOT postcss-safe-parser@7.1.0 OK for: beasties@0.4.1 want: ^7.0.1
1774 silly fetch manifest boolbase@^1.0.0
1775 silly packumentCache full:https://registry.npmjs.org/boolbase cache-miss
1776 silly fetch manifest domutils@^3.2.2
1777 silly packumentCache full:https://registry.npmjs.org/domutils cache-miss
1778 silly fetch manifest nth-check@^2.1.1
1779 silly packumentCache full:https://registry.npmjs.org/nth-check cache-miss
1780 silly fetch manifest entities@^4.2.0
1781 silly packumentCache full:https://registry.npmjs.org/entities cache-miss
1782 silly fetch manifest domhandler@^5.0.2
1783 silly packumentCache full:https://registry.npmjs.org/domhandler cache-miss
1784 silly fetch manifest domelementtype@^2.3.0
1785 silly packumentCache full:https://registry.npmjs.org/domelementtype cache-miss
1786 silly fetch manifest domelementtype@^2.3.0
1787 silly packumentCache full:https://registry.npmjs.org/domelementtype cache-miss
1788 http cache https://registry.npmjs.org/entities 46ms (cache hit)
1789 silly packumentCache full:https://registry.npmjs.org/entities set size:104868 disposed:false
1790 silly fetch manifest domutils@^3.2.2
1791 silly packumentCache full:https://registry.npmjs.org/domutils cache-miss
1792 http cache https://registry.npmjs.org/domhandler 53ms (cache hit)
1793 silly packumentCache full:https://registry.npmjs.org/domhandler set size:78187 disposed:false
1794 silly fetch manifest entities@^7.0.1
1795 silly packumentCache full:https://registry.npmjs.org/entities cache-hit
1796 silly fetch manifest domelementtype@^2.3.0
1797 silly packumentCache full:https://registry.npmjs.org/domelementtype cache-miss
1798 http fetch GET 200 https://registry.npmjs.org/nth-check 67ms (cache miss)
1799 silly packumentCache full:https://registry.npmjs.org/nth-check set size:undefined disposed:false
1800 silly fetch manifest nanoid@^3.3.18
1801 silly packumentCache full:https://registry.npmjs.org/nanoid cache-miss
1802 http fetch GET 200 https://registry.npmjs.org/domelementtype 78ms (cache miss)
1803 silly packumentCache full:https://registry.npmjs.org/domelementtype set size:undefined disposed:false
1804 silly fetch manifest source-map-js@^1.2.1
1805 silly packumentCache full:https://registry.npmjs.org/source-map-js cache-miss
1806 http fetch GET 200 https://registry.npmjs.org/domelementtype 93ms (cache miss)
1807 silly packumentCache full:https://registry.npmjs.org/domelementtype set size:undefined disposed:false
1808 http fetch GET 200 https://registry.npmjs.org/domutils 104ms (cache miss)
1809 silly packumentCache full:https://registry.npmjs.org/domutils set size:undefined disposed:false
1810 http fetch GET 200 https://registry.npmjs.org/domutils 77ms (cache miss)
1811 silly packumentCache full:https://registry.npmjs.org/domutils set size:undefined disposed:false
1812 http cache https://registry.npmjs.org/source-map-js 46ms (cache hit)
1813 silly packumentCache full:https://registry.npmjs.org/source-map-js set size:62640 disposed:false
1814 http fetch GET 200 https://registry.npmjs.org/domelementtype 77ms (cache miss)
1815 silly packumentCache full:https://registry.npmjs.org/domelementtype set size:undefined disposed:false
1816 http fetch GET 200 https://registry.npmjs.org/boolbase 183ms (cache miss)
1817 silly packumentCache full:https://registry.npmjs.org/boolbase set size:undefined disposed:false
1818 http fetch GET 200 https://registry.npmjs.org/nanoid 175ms (cache miss)
1819 silly packumentCache full:https://registry.npmjs.org/nanoid set size:undefined disposed:false
1820 silly fetch manifest browserslist@>= 4.21.0
1821 silly packumentCache full:https://registry.npmjs.org/browserslist cache-miss
1822 http cache https://registry.npmjs.org/browserslist 12ms (cache hit)
1823 silly packumentCache full:https://registry.npmjs.org/browserslist set size:523370 disposed:false
1824 silly placeDep ROOT baseline-browser-mapping@2.11.24 OK for: browserslist@4.29.0 want: ^2.11.23
1825 silly placeDep ROOT caniuse-lite@1.0.30001810 OK for: browserslist@4.29.0 want: ^1.0.30001810
1826 silly placeDep ROOT electron-to-chromium@1.5.430 OK for: browserslist@4.29.0 want: ^1.5.427
1827 silly placeDep ROOT node-releases@2.0.55 OK for: browserslist@4.29.0 want: ^2.0.55
1828 silly placeDep ROOT update-browserslist-db@1.3.3 OK for: browserslist@4.29.0 want: ^1.3.3
1829 silly fetch manifest escalade@^3.2.0
1830 silly packumentCache full:https://registry.npmjs.org/escalade cache-miss
1831 http cache https://registry.npmjs.org/escalade 10ms (cache hit)
1832 silly packumentCache full:https://registry.npmjs.org/escalade set size:33724 disposed:false
1833 silly placeDep ROOT readdirp@5.1.1 OK for: chokidar@5.0.0 want: ^5.0.0
1834 silly placeDep ROOT object-assign@4.1.1 OK for: cors@2.8.6 want: ^4
1835 silly placeDep ROOT vary@1.1.2 OK for: cors@2.8.6 want: ^1
1836 silly placeDep ROOT path-key@3.1.1 OK for: cross-spawn@7.0.6 want: ^3.1.0
1837 silly placeDep ROOT shebang-command@2.0.0 OK for: cross-spawn@7.0.6 want: ^2.0.0
1838 silly placeDep ROOT which@2.0.2 OK for: cross-spawn@7.0.6 want: ^2.0.1
1839 silly fetch manifest shebang-regex@^3.0.0
1840 silly packumentCache full:https://registry.npmjs.org/shebang-regex cache-miss
1841 silly fetch manifest isexe@^2.0.0
1842 silly packumentCache full:https://registry.npmjs.org/isexe cache-miss
1843 http fetch GET 200 https://registry.npmjs.org/shebang-regex 34ms (cache miss)
1844 silly packumentCache full:https://registry.npmjs.org/shebang-regex set size:undefined disposed:false
1845 http fetch GET 200 https://registry.npmjs.org/isexe 176ms (cache miss)
1846 silly packumentCache full:https://registry.npmjs.org/isexe set size:undefined disposed:false
1847 silly placeDep ROOT boolbase@1.0.0 OK for: css-select@6.0.0 want: ^1.0.0
1848 silly placeDep ROOT domutils@3.2.2 OK for: css-select@6.0.0 want: ^3.2.2
1849 silly placeDep ROOT nth-check@2.1.1 OK for: css-select@6.0.0 want: ^2.1.1
1850 silly placeDep ROOT ms@2.1.3 OK for: debug@4.4.3 want: ^2.1.3
1851 silly placeDep ROOT domelementtype@2.3.0 OK for: dom-serializer@2.0.0 want: ^2.3.0
1852 silly placeDep ROOT entities@4.5.0 OK for: dom-serializer@2.0.0 want: ^4.2.0
1853 silly placeDep ROOT @esbuild/aix-ppc64@0.28.1 OK for: esbuild@0.28.1 want: 0.28.1
1854 silly placeDep ROOT @esbuild/android-arm@0.28.1 OK for: esbuild@0.28.1 want: 0.28.1
1855 silly placeDep ROOT @esbuild/android-arm64@0.28.1 OK for: esbuild@0.28.1 want: 0.28.1
1856 silly placeDep ROOT @esbuild/android-x64@0.28.1 OK for: esbuild@0.28.1 want: 0.28.1
1857 silly placeDep ROOT @esbuild/darwin-arm64@0.28.1 OK for: esbuild@0.28.1 want: 0.28.1
1858 silly placeDep ROOT @esbuild/darwin-x64@0.28.1 OK for: esbuild@0.28.1 want: 0.28.1
1859 silly placeDep ROOT @esbuild/freebsd-arm64@0.28.1 OK for: esbuild@0.28.1 want: 0.28.1
1860 silly placeDep ROOT @esbuild/freebsd-x64@0.28.1 OK for: esbuild@0.28.1 want: 0.28.1
1861 silly placeDep ROOT @esbuild/linux-arm@0.28.1 OK for: esbuild@0.28.1 want: 0.28.1
1862 silly placeDep ROOT @esbuild/linux-arm64@0.28.1 OK for: esbuild@0.28.1 want: 0.28.1
1863 silly placeDep ROOT @esbuild/linux-ia32@0.28.1 OK for: esbuild@0.28.1 want: 0.28.1
1864 silly placeDep ROOT @esbuild/linux-loong64@0.28.1 OK for: esbuild@0.28.1 want: 0.28.1
1865 silly placeDep ROOT @esbuild/linux-mips64el@0.28.1 OK for: esbuild@0.28.1 want: 0.28.1
1866 silly placeDep ROOT @esbuild/linux-ppc64@0.28.1 OK for: esbuild@0.28.1 want: 0.28.1
1867 silly placeDep ROOT @esbuild/linux-riscv64@0.28.1 OK for: esbuild@0.28.1 want: 0.28.1
1868 silly placeDep ROOT @esbuild/linux-s390x@0.28.1 OK for: esbuild@0.28.1 want: 0.28.1
1869 silly placeDep ROOT @esbuild/linux-x64@0.28.1 OK for: esbuild@0.28.1 want: 0.28.1
1870 silly placeDep ROOT @esbuild/netbsd-arm64@0.28.1 OK for: esbuild@0.28.1 want: 0.28.1
1871 silly placeDep ROOT @esbuild/netbsd-x64@0.28.1 OK for: esbuild@0.28.1 want: 0.28.1
1872 silly placeDep ROOT @esbuild/openbsd-arm64@0.28.1 OK for: esbuild@0.28.1 want: 0.28.1
1873 silly placeDep ROOT @esbuild/openbsd-x64@0.28.1 OK for: esbuild@0.28.1 want: 0.28.1
1874 silly placeDep ROOT @esbuild/openharmony-arm64@0.28.1 OK for: esbuild@0.28.1 want: 0.28.1
1875 silly placeDep ROOT @esbuild/sunos-x64@0.28.1 OK for: esbuild@0.28.1 want: 0.28.1
1876 silly placeDep ROOT @esbuild/win32-arm64@0.28.1 OK for: esbuild@0.28.1 want: 0.28.1
1877 silly placeDep ROOT @esbuild/win32-ia32@0.28.1 OK for: esbuild@0.28.1 want: 0.28.1
1878 silly placeDep ROOT @esbuild/win32-x64@0.28.1 OK for: esbuild@0.28.1 want: 0.28.1
1879 silly placeDep ROOT accepts@2.0.0 OK for: express@5.2.1 want: ^2.0.0
1880 silly placeDep ROOT body-parser@2.3.0 OK for: express@5.2.1 want: ^2.2.1
1881 silly placeDep ROOT content-disposition@1.1.0 OK for: express@5.2.1 want: ^1.0.0
1882 silly placeDep ROOT cookie@0.7.2 OK for: express@5.2.1 want: ^0.7.1
1883 silly placeDep ROOT cookie-signature@1.2.2 OK for: express@5.2.1 want: ^1.2.1
1884 silly placeDep ROOT depd@2.0.0 OK for: express@5.2.1 want: ^2.0.0
1885 silly placeDep ROOT encodeurl@2.0.0 OK for: express@5.2.1 want: ^2.0.0
1886 silly placeDep ROOT escape-html@1.0.3 OK for: express@5.2.1 want: ^1.0.3
1887 silly placeDep ROOT etag@1.8.1 OK for: express@5.2.1 want: ^1.8.1
1888 silly placeDep ROOT finalhandler@2.1.1 OK for: express@5.2.1 want: ^2.1.0
1889 silly placeDep ROOT fresh@2.0.0 OK for: express@5.2.1 want: ^2.0.0
1890 silly placeDep ROOT http-errors@2.0.1 OK for: express@5.2.1 want: ^2.0.0
1891 silly placeDep ROOT merge-descriptors@2.0.0 OK for: express@5.2.1 want: ^2.0.0
1892 silly placeDep ROOT mime-types@3.0.2 OK for: express@5.2.1 want: ^3.0.0
1893 silly placeDep ROOT on-finished@2.4.1 OK for: express@5.2.1 want: ^2.4.1
1894 silly placeDep ROOT once@1.4.0 OK for: express@5.2.1 want: ^1.4.0
1895 silly placeDep ROOT parseurl@1.3.3 OK for: express@5.2.1 want: ^1.3.3
1896 silly placeDep ROOT proxy-addr@2.0.8 OK for: express@5.2.1 want: ^2.0.7
1897 silly placeDep ROOT qs@6.16.0 OK for: express@5.2.1 want: ^6.14.0
1898 silly placeDep ROOT range-parser@1.3.0 OK for: express@5.2.1 want: ^1.2.1
1899 silly placeDep ROOT router@2.2.0 OK for: express@5.2.1 want: ^2.2.0
1900 silly placeDep ROOT send@1.2.1 OK for: express@5.2.1 want: ^1.1.0
1901 silly placeDep ROOT serve-static@2.2.1 OK for: express@5.2.1 want: ^2.2.0
1902 silly placeDep ROOT statuses@2.0.2 OK for: express@5.2.1 want: ^2.0.1
1903 silly placeDep ROOT type-is@2.1.0 OK for: express@5.2.1 want: ^2.0.1
1904 silly fetch manifest negotiator@^1.0.0
1905 silly packumentCache full:https://registry.npmjs.org/negotiator cache-miss
1906 silly fetch manifest qs@^6.15.2
1907 silly packumentCache full:https://registry.npmjs.org/qs cache-miss
1908 silly fetch manifest bytes@^3.1.2
1909 silly packumentCache full:https://registry.npmjs.org/bytes cache-miss
1910 silly fetch manifest type-is@^2.1.0
1911 silly packumentCache full:https://registry.npmjs.org/type-is cache-miss
1912 silly fetch manifest http-errors@^2.0.1
1913 silly packumentCache full:https://registry.npmjs.org/http-errors cache-hit
1914 silly fetch manifest content-type@^2.0.0
1915 silly packumentCache full:https://registry.npmjs.org/content-type cache-miss
1916 silly fetch manifest inherits@~2.0.4
1917 silly packumentCache full:https://registry.npmjs.org/inherits cache-miss
1918 silly fetch manifest setprototypeof@~1.2.0
1919 silly packumentCache full:https://registry.npmjs.org/setprototypeof cache-miss
1920 http cache https://registry.npmjs.org/type-is 41ms (cache hit)
1921 silly packumentCache full:https://registry.npmjs.org/type-is set size:88614 disposed:false
1922 silly fetch manifest statuses@~2.0.2
1923 silly packumentCache full:https://registry.npmjs.org/statuses cache-miss
1924 http cache https://registry.npmjs.org/bytes 46ms (cache hit)
1925 silly packumentCache full:https://registry.npmjs.org/bytes set size:37018 disposed:false
1926 silly fetch manifest toidentifier@~1.0.1
1927 silly packumentCache full:https://registry.npmjs.org/toidentifier cache-miss
1928 http cache https://registry.npmjs.org/qs 52ms (cache hit)
1929 silly packumentCache full:https://registry.npmjs.org/qs set size:365613 disposed:false
1930 silly fetch manifest mime-db@^1.54.0
1931 silly packumentCache full:https://registry.npmjs.org/mime-db cache-miss
1932 http cache https://registry.npmjs.org/content-type 57ms (cache hit)
1933 silly packumentCache full:https://registry.npmjs.org/content-type set size:26824 disposed:false
1934 silly fetch manifest ee-first@1.1.1
1935 silly packumentCache full:https://registry.npmjs.org/ee-first cache-miss
1936 http cache https://registry.npmjs.org/statuses 65ms (cache hit)
1937 silly packumentCache full:https://registry.npmjs.org/statuses set size:37117 disposed:false
1938 silly fetch manifest wrappy@1
1939 silly packumentCache full:https://registry.npmjs.org/wrappy cache-miss
1940 http fetch GET 200 https://registry.npmjs.org/setprototypeof 110ms (cache miss)
1941 silly packumentCache full:https://registry.npmjs.org/setprototypeof set size:undefined disposed:false
1942 silly fetch manifest forwarded@0.2.0
1943 silly packumentCache full:https://registry.npmjs.org/forwarded cache-miss
1944 http fetch GET 200 https://registry.npmjs.org/negotiator 125ms (cache miss)
1945 silly packumentCache full:https://registry.npmjs.org/negotiator set size:undefined disposed:false
1946 silly fetch manifest ipaddr.js@1.9.1
1947 silly packumentCache full:https://registry.npmjs.org/ipaddr.js cache-miss
1948 http fetch GET 200 https://registry.npmjs.org/inherits 128ms (cache miss)
1949 silly packumentCache full:https://registry.npmjs.org/inherits set size:undefined disposed:false
1950 silly fetch manifest side-channel@^1.1.1
1951 silly packumentCache full:https://registry.npmjs.org/side-channel cache-miss
1952 http fetch GET 200 https://registry.npmjs.org/wrappy 41ms (cache miss)
1953 silly packumentCache full:https://registry.npmjs.org/wrappy set size:undefined disposed:false
1954 silly fetch manifest es-define-property@^1.0.1
1955 silly packumentCache full:https://registry.npmjs.org/es-define-property cache-miss
1956 http fetch GET 200 https://registry.npmjs.org/ipaddr.js 58ms (cache miss)
1957 silly packumentCache full:https://registry.npmjs.org/ipaddr.js set size:undefined disposed:false
1958 silly fetch manifest is-promise@^4.0.0
1959 silly packumentCache full:https://registry.npmjs.org/is-promise cache-miss
1960 http fetch GET 200 https://registry.npmjs.org/es-define-property 51ms (cache miss)
1961 silly packumentCache full:https://registry.npmjs.org/es-define-property set size:undefined disposed:false
1962 silly fetch manifest path-to-regexp@^8.0.0
1963 silly packumentCache full:https://registry.npmjs.org/path-to-regexp cache-miss
1964 http fetch GET 200 https://registry.npmjs.org/toidentifier 183ms (cache miss)
1965 silly packumentCache full:https://registry.npmjs.org/toidentifier set size:undefined disposed:false
1966 silly fetch manifest statuses@^2.0.2
1967 silly packumentCache full:https://registry.npmjs.org/statuses cache-hit
1968 silly fetch manifest media-typer@^1.1.0
1969 silly packumentCache full:https://registry.npmjs.org/media-typer cache-miss
1970 http fetch GET 200 https://registry.npmjs.org/is-promise 49ms (cache miss)
1971 silly packumentCache full:https://registry.npmjs.org/is-promise set size:undefined disposed:false
1972 http fetch GET 200 https://registry.npmjs.org/ee-first 189ms (cache miss)
1973 silly packumentCache full:https://registry.npmjs.org/ee-first set size:undefined disposed:false
1974 http fetch GET 200 https://registry.npmjs.org/mime-db 211ms (cache miss)
1975 silly packumentCache full:https://registry.npmjs.org/mime-db set size:undefined disposed:false
1976 http fetch GET 200 https://registry.npmjs.org/media-typer 48ms (cache miss)
1977 silly packumentCache full:https://registry.npmjs.org/media-typer set size:undefined disposed:false
1978 http fetch GET 200 https://registry.npmjs.org/forwarded 184ms (cache miss)
1979 silly packumentCache full:https://registry.npmjs.org/forwarded set size:undefined disposed:false
1980 http fetch GET 200 https://registry.npmjs.org/side-channel 172ms (cache miss)
1981 silly packumentCache full:https://registry.npmjs.org/side-channel set size:undefined disposed:false
1982 http fetch GET 200 https://registry.npmjs.org/path-to-regexp 179ms (cache miss)
1983 silly packumentCache full:https://registry.npmjs.org/path-to-regexp set size:undefined disposed:false
1984 silly placeDep ROOT negotiator@1.1.0 OK for: accepts@2.0.0 want: ^1.0.0
1985 silly fetch manifest content-type@^2.1.0
1986 silly packumentCache full:https://registry.npmjs.org/content-type cache-hit
1987 silly placeDep ROOT bytes@3.1.2 OK for: body-parser@2.3.0 want: ^3.1.2
1988 silly placeDep node_modules/body-parser content-type@2.1.0 OK for: body-parser@2.3.0 want: ^2.0.0
1989 silly placeDep ROOT ip-address@10.7.2 OK for: express-rate-limit@8.7.0 want: ^10.2.0
1990 silly placeDep node_modules/htmlparser2 entities@7.0.1 OK for: htmlparser2@10.1.0 want: ^7.0.1
1991 silly placeDep ROOT inherits@2.0.4 OK for: http-errors@2.0.1 want: ~2.0.4
1992 silly placeDep ROOT setprototypeof@1.2.0 OK for: http-errors@2.0.1 want: ~1.2.0
1993 silly placeDep ROOT toidentifier@1.0.1 OK for: http-errors@2.0.1 want: ~1.0.1
1994 silly placeDep ROOT agent-base@7.1.4 OK for: https-proxy-agent@7.0.6 want: ^7.1.2
1995 silly placeDep ROOT safer-buffer@2.1.2 OK for: iconv-lite@0.7.3 want: >= 2.1.2 < 3.0.0
1996 silly placeDep ROOT @istanbuljs/schema@0.1.6 OK for: istanbul-lib-instrument@6.0.3 want: ^0.1.3
1997 silly placeDep ROOT istanbul-lib-coverage@3.2.2 OK for: istanbul-lib-instrument@6.0.3 want: ^3.2.0
1998 silly fetch manifest bufferutil@^4.0.1
1999 silly packumentCache full:https://registry.npmjs.org/bufferutil cache-miss
2000 http fetch GET 200 https://registry.npmjs.org/bufferutil 36ms (cache miss)
2001 silly packumentCache full:https://registry.npmjs.org/bufferutil set size:undefined disposed:false
2002 silly fetch manifest utf-8-validate@>=5.0.2
2003 silly packumentCache full:https://registry.npmjs.org/utf-8-validate cache-miss
2004 http fetch GET 200 https://registry.npmjs.org/utf-8-validate 37ms (cache miss)
2005 silly packumentCache full:https://registry.npmjs.org/utf-8-validate set size:undefined disposed:false
2006 silly fetch manifest @noble/hashes@^1.8.0 || ^2.0.0
2007 silly packumentCache full:https://registry.npmjs.org/@noble%2fhashes cache-miss
2008 http fetch GET 200 https://registry.npmjs.org/@noble%2fhashes 509ms (cache miss)
2009 silly packumentCache full:https://registry.npmjs.org/@noble%2fhashes set size:undefined disposed:false
2010 silly placeDep ROOT @acemir/cssom@0.9.31 OK for: jsdom@27.4.0 want: ^0.9.28
2011 silly placeDep ROOT @asamuzakjp/dom-selector@6.8.1 OK for: jsdom@27.4.0 want: ^6.7.6
2012 silly placeDep ROOT @exodus/bytes@1.15.1 OK for: jsdom@27.4.0 want: ^1.6.0
2013 silly placeDep ROOT cssstyle@5.3.7 OK for: jsdom@27.4.0 want: ^5.3.4
2014 silly placeDep ROOT data-urls@6.0.1 OK for: jsdom@27.4.0 want: ^6.0.0
2015 silly placeDep ROOT decimal.js@10.6.0 OK for: jsdom@27.4.0 want: ^10.6.0
2016 silly placeDep ROOT html-encoding-sniffer@6.0.0 OK for: jsdom@27.4.0 want: ^6.0.0
2017 silly placeDep ROOT http-proxy-agent@7.0.2 OK for: jsdom@27.4.0 want: ^7.0.2
2018 silly placeDep ROOT is-potential-custom-element-name@1.0.1 OK for: jsdom@27.4.0 want: ^1.0.1
2019 silly placeDep ROOT parse5@8.0.1 OK for: jsdom@27.4.0 want: ^8.0.0
2020 silly placeDep ROOT saxes@6.0.0 OK for: jsdom@27.4.0 want: ^6.0.0
2021 silly placeDep ROOT symbol-tree@3.2.4 OK for: jsdom@27.4.0 want: ^3.2.4
2022 silly placeDep ROOT tough-cookie@6.0.2 OK for: jsdom@27.4.0 want: ^6.0.0
2023 silly placeDep ROOT w3c-xmlserializer@5.0.0 OK for: jsdom@27.4.0 want: ^5.0.0
2024 silly placeDep ROOT webidl-conversions@8.0.1 OK for: jsdom@27.4.0 want: ^8.0.0
2025 silly placeDep ROOT whatwg-mimetype@4.0.0 OK for: jsdom@27.4.0 want: ^4.0.0
2026 silly placeDep ROOT whatwg-url@15.1.0 OK for: jsdom@27.4.0 want: ^15.1.0
2027 silly placeDep ROOT ws@8.21.3 OK for: jsdom@27.4.0 want: ^8.18.3
2028 silly placeDep ROOT xml-name-validator@5.0.0 OK for: jsdom@27.4.0 want: ^5.0.0
2029 silly fetch manifest bidi-js@^1.0.3
2030 silly packumentCache full:https://registry.npmjs.org/bidi-js cache-miss
2031 silly fetch manifest css-tree@^3.1.0
2032 silly packumentCache full:https://registry.npmjs.org/css-tree cache-miss
2033 silly fetch manifest lru-cache@^11.2.6
2034 silly packumentCache full:https://registry.npmjs.org/lru-cache cache-miss
2035 silly fetch manifest @asamuzakjp/nwsapi@^2.3.9
2036 silly packumentCache full:https://registry.npmjs.org/@asamuzakjp%2fnwsapi cache-miss
2037 silly fetch manifest css-tree@^3.1.0
2038 silly packumentCache full:https://registry.npmjs.org/css-tree cache-miss
2039 silly fetch manifest lru-cache@^11.2.4
2040 silly packumentCache full:https://registry.npmjs.org/lru-cache cache-miss
2041 silly fetch manifest @asamuzakjp/css-color@^4.1.1
2042 silly packumentCache full:https://registry.npmjs.org/@asamuzakjp%2fcss-color cache-miss
2043 http cache https://registry.npmjs.org/lru-cache 85ms (cache hit)
2044 silly packumentCache full:https://registry.npmjs.org/lru-cache set size:460407 disposed:false
2045 silly fetch manifest @csstools/css-syntax-patches-for-csstree@^1.0.21
2046 silly packumentCache full:https://registry.npmjs.org/@csstools%2fcss-syntax-patches-for-csstree cache-miss
2047 http cache https://registry.npmjs.org/lru-cache 96ms (cache hit)
2048 silly packumentCache full:https://registry.npmjs.org/lru-cache set size:460407 disposed:false
2049 silly packumentCache full:https://registry.npmjs.org/lru-cache dispose
2050 silly fetch manifest whatwg-mimetype@^5.0.0
2051 silly packumentCache full:https://registry.npmjs.org/whatwg-mimetype cache-miss
2052 http cache https://registry.npmjs.org/whatwg-mimetype 15ms (cache hit)
2053 silly packumentCache full:https://registry.npmjs.org/whatwg-mimetype set size:28179 disposed:false
2054 silly fetch manifest entities@^8.0.0
2055 silly packumentCache full:https://registry.npmjs.org/entities cache-hit
2056 silly fetch manifest xmlchars@^2.2.0
2057 silly packumentCache full:https://registry.npmjs.org/xmlchars cache-miss
2058 http fetch GET 200 https://registry.npmjs.org/bidi-js 184ms (cache miss)
2059 silly packumentCache full:https://registry.npmjs.org/bidi-js set size:undefined disposed:false
2060 silly fetch manifest tldts@^7.0.5
2061 silly packumentCache full:https://registry.npmjs.org/tldts cache-miss
2062 http fetch GET 200 https://registry.npmjs.org/css-tree 198ms (cache miss)
2063 silly packumentCache full:https://registry.npmjs.org/css-tree set size:undefined disposed:false
2064 silly fetch manifest tr46@^6.0.0
2065 silly packumentCache full:https://registry.npmjs.org/tr46 cache-miss
2066 http fetch GET 200 https://registry.npmjs.org/css-tree 208ms (cache miss)
2067 silly packumentCache full:https://registry.npmjs.org/css-tree set size:undefined disposed:false
2068 http fetch GET 200 https://registry.npmjs.org/tr46 36ms (cache miss)
2069 silly packumentCache full:https://registry.npmjs.org/tr46 set size:undefined disposed:false
2070 http fetch GET 200 https://registry.npmjs.org/xmlchars 171ms (cache miss)
2071 silly packumentCache full:https://registry.npmjs.org/xmlchars set size:undefined disposed:false
2072 http fetch GET 200 https://registry.npmjs.org/@asamuzakjp%2fnwsapi 410ms (cache miss)
2073 silly packumentCache full:https://registry.npmjs.org/@asamuzakjp%2fnwsapi set size:undefined disposed:false
2074 http fetch GET 200 https://registry.npmjs.org/@asamuzakjp%2fcss-color 428ms (cache miss)
2075 silly packumentCache full:https://registry.npmjs.org/@asamuzakjp%2fcss-color set size:undefined disposed:false
2076 http fetch GET 200 https://registry.npmjs.org/tldts 295ms (cache miss)
2077 silly packumentCache full:https://registry.npmjs.org/tldts set size:undefined disposed:false
2078 http fetch GET 200 https://registry.npmjs.org/@csstools%2fcss-syntax-patches-for-csstree 458ms (cache miss)
2079 silly packumentCache full:https://registry.npmjs.org/@csstools%2fcss-syntax-patches-for-csstree set size:undefined disposed:false
2080 silly placeDep ROOT @asamuzakjp/nwsapi@2.3.9 OK for: @asamuzakjp/dom-selector@6.8.1 want: ^2.3.9
2081 silly placeDep ROOT bidi-js@1.1.0 OK for: @asamuzakjp/dom-selector@6.8.1 want: ^1.0.3
2082 silly placeDep ROOT css-tree@3.2.1 OK for: @asamuzakjp/dom-selector@6.8.1 want: ^3.1.0
2083 silly placeDep node_modules/@asamuzakjp/dom-selector lru-cache@11.5.2 OK for: @asamuzakjp/dom-selector@6.8.1 want: ^11.2.6
2084 silly fetch manifest mdn-data@2.27.1
2085 silly packumentCache full:https://registry.npmjs.org/mdn-data cache-miss
2086 http fetch GET 200 https://registry.npmjs.org/mdn-data 183ms (cache miss)
2087 silly packumentCache full:https://registry.npmjs.org/mdn-data set size:undefined disposed:false
2088 silly placeDep ROOT mdn-data@2.27.1 OK for: css-tree@3.2.1 want: 2.27.1
2089 silly placeDep ROOT source-map-js@1.2.1 OK for: css-tree@3.2.1 want: ^1.2.1
2090 silly placeDep ROOT @asamuzakjp/css-color@4.1.2 OK for: cssstyle@5.3.7 want: ^4.1.1
2091 silly placeDep ROOT @csstools/css-syntax-patches-for-csstree@1.1.14 OK for: cssstyle@5.3.7 want: ^1.0.21
2092 silly placeDep node_modules/cssstyle lru-cache@11.5.2 OK for: cssstyle@5.3.7 want: ^11.2.4
2093 silly fetch manifest lru-cache@^11.2.5
2094 silly packumentCache full:https://registry.npmjs.org/lru-cache cache-hit
2095 silly fetch manifest @csstools/css-calc@^3.0.0
2096 silly packumentCache full:https://registry.npmjs.org/@csstools%2fcss-calc cache-miss
2097 silly fetch manifest @csstools/css-tokenizer@^4.0.0
2098 silly packumentCache full:https://registry.npmjs.org/@csstools%2fcss-tokenizer cache-miss
2099 silly fetch manifest @csstools/css-color-parser@^4.0.1
2100 silly packumentCache full:https://registry.npmjs.org/@csstools%2fcss-color-parser cache-miss
2101 silly fetch manifest @csstools/css-parser-algorithms@^4.0.0
2102 silly packumentCache full:https://registry.npmjs.org/@csstools%2fcss-parser-algorithms cache-miss
2103 http fetch GET 200 https://registry.npmjs.org/@csstools%2fcss-tokenizer 423ms (cache miss)
2104 silly packumentCache full:https://registry.npmjs.org/@csstools%2fcss-tokenizer set size:undefined disposed:false
2105 http fetch GET 200 https://registry.npmjs.org/@csstools%2fcss-parser-algorithms 424ms (cache miss)
2106 silly packumentCache full:https://registry.npmjs.org/@csstools%2fcss-parser-algorithms set size:undefined disposed:false
2107 http fetch GET 200 https://registry.npmjs.org/@csstools%2fcss-calc 429ms (cache miss)
2108 silly packumentCache full:https://registry.npmjs.org/@csstools%2fcss-calc set size:undefined disposed:false
2109 http fetch GET 200 https://registry.npmjs.org/@csstools%2fcss-color-parser 442ms (cache miss)
2110 silly packumentCache full:https://registry.npmjs.org/@csstools%2fcss-color-parser set size:undefined disposed:false
2111 silly placeDep ROOT @csstools/css-calc@3.4.0 OK for: @asamuzakjp/css-color@4.1.2 want: ^3.0.0
2112 silly placeDep ROOT @csstools/css-tokenizer@4.0.0 OK for: @csstools/css-calc@3.4.0 want: ^4.0.0
2113 silly placeDep ROOT @csstools/css-parser-algorithms@4.0.0 OK for: @csstools/css-calc@3.4.0 want: ^4.0.0
2114 silly placeDep ROOT @csstools/css-color-parser@4.2.3 OK for: @asamuzakjp/css-color@4.1.2 want: ^4.0.1
2115 silly placeDep node_modules/@asamuzakjp/css-color lru-cache@11.5.2 OK for: @asamuzakjp/css-color@4.1.2 want: ^11.2.5
2116 silly fetch manifest @csstools/color-helpers@^6.1.1
2117 silly packumentCache full:https://registry.npmjs.org/@csstools%2fcolor-helpers cache-miss
2118 http fetch GET 200 https://registry.npmjs.org/@csstools%2fcolor-helpers 405ms (cache miss)
2119 silly packumentCache full:https://registry.npmjs.org/@csstools%2fcolor-helpers set size:undefined disposed:false
2120 silly placeDep ROOT @csstools/color-helpers@6.1.1 OK for: @csstools/css-color-parser@4.2.3 want: ^6.1.1
2121 silly placeDep node_modules/data-urls whatwg-mimetype@5.0.0 OK for: data-urls@6.0.1 want: ^5.0.0
2122 silly placeDep ROOT cli-truncate@5.2.0 OK for: listr2@9.0.5 want: ^5.0.0
2123 silly placeDep ROOT colorette@2.0.20 OK for: listr2@9.0.5 want: ^2.0.20
2124 silly placeDep ROOT eventemitter3@5.0.4 OK for: listr2@9.0.5 want: ^5.0.1
2125 silly placeDep ROOT log-update@6.1.0 OK for: listr2@9.0.5 want: ^6.1.0
2126 silly placeDep ROOT rfdc@1.4.1 OK for: listr2@9.0.5 want: ^1.4.1
2127 silly placeDep node_modules/listr2 wrap-ansi@9.0.2 OK for: listr2@9.0.5 want: ^9.0.0
2128 silly fetch manifest slice-ansi@^8.0.0
2129 silly packumentCache full:https://registry.npmjs.org/slice-ansi cache-miss
2130 silly fetch manifest string-width@^8.2.0
2131 silly packumentCache full:https://registry.npmjs.org/string-width cache-hit
2132 silly fetch manifest slice-ansi@^7.1.0
2133 silly packumentCache full:https://registry.npmjs.org/slice-ansi cache-miss
2134 silly fetch manifest strip-ansi@^7.1.0
2135 silly packumentCache full:https://registry.npmjs.org/strip-ansi cache-miss
2136 silly fetch manifest ansi-escapes@^7.0.0
2137 silly packumentCache full:https://registry.npmjs.org/ansi-escapes cache-miss
2138 silly fetch manifest strip-ansi@^7.1.0
2139 silly packumentCache full:https://registry.npmjs.org/strip-ansi cache-miss
2140 silly fetch manifest ansi-styles@^6.2.1
2141 silly packumentCache full:https://registry.npmjs.org/ansi-styles cache-miss
2142 silly fetch manifest string-width@^7.0.0
2143 silly packumentCache full:https://registry.npmjs.org/string-width cache-hit
2144 http cache https://registry.npmjs.org/strip-ansi 28ms (cache hit)
2145 silly packumentCache full:https://registry.npmjs.org/strip-ansi set size:44998 disposed:false
2146 http cache https://registry.npmjs.org/ansi-styles 31ms (cache hit)
2147 silly packumentCache full:https://registry.npmjs.org/ansi-styles set size:71772 disposed:false
2148 http cache https://registry.npmjs.org/strip-ansi 35ms (cache hit)
2149 silly packumentCache full:https://registry.npmjs.org/strip-ansi set size:44998 disposed:false
2150 silly packumentCache full:https://registry.npmjs.org/strip-ansi dispose
2151 http fetch GET 200 https://registry.npmjs.org/slice-ansi 180ms (cache miss)
2152 silly packumentCache full:https://registry.npmjs.org/slice-ansi set size:undefined disposed:false
2153 http fetch GET 200 https://registry.npmjs.org/slice-ansi 180ms (cache miss)
2154 silly packumentCache full:https://registry.npmjs.org/slice-ansi set size:undefined disposed:false
2155 http fetch GET 200 https://registry.npmjs.org/ansi-escapes 184ms (cache miss)
2156 silly packumentCache full:https://registry.npmjs.org/ansi-escapes set size:undefined disposed:false
2157 silly placeDep ROOT slice-ansi@8.0.0 OK for: cli-truncate@5.2.0 want: ^8.0.0
2158 silly placeDep ROOT string-width@8.2.2 OK for: cli-truncate@5.2.0 want: ^8.2.0
2159 silly fetch manifest ansi-styles@^6.2.3
2160 silly packumentCache full:https://registry.npmjs.org/ansi-styles cache-hit
2161 silly fetch manifest is-fullwidth-code-point@^5.1.0
2162 silly packumentCache full:https://registry.npmjs.org/is-fullwidth-code-point cache-miss
2163 silly fetch manifest get-east-asian-width@^1.5.0
2164 silly packumentCache full:https://registry.npmjs.org/get-east-asian-width cache-miss
2165 silly fetch manifest strip-ansi@^7.1.2
2166 silly packumentCache full:https://registry.npmjs.org/strip-ansi cache-hit
2167 http fetch GET 200 https://registry.npmjs.org/get-east-asian-width 77ms (cache miss)
2168 silly packumentCache full:https://registry.npmjs.org/get-east-asian-width set size:undefined disposed:false
2169 http fetch GET 200 https://registry.npmjs.org/is-fullwidth-code-point 175ms (cache miss)
2170 silly packumentCache full:https://registry.npmjs.org/is-fullwidth-code-point set size:undefined disposed:false
2171 silly placeDep ROOT @harperfast/extended-iterable@1.0.3 OK for: lmdb@3.5.1 want: ^1.0.3
2172 silly placeDep ROOT @lmdb/lmdb-darwin-arm64@3.5.1 OK for: lmdb@3.5.1 want: 3.5.1
2173 silly placeDep ROOT @lmdb/lmdb-darwin-x64@3.5.1 OK for: lmdb@3.5.1 want: 3.5.1
2174 silly placeDep ROOT @lmdb/lmdb-linux-arm@3.5.1 OK for: lmdb@3.5.1 want: 3.5.1
2175 silly placeDep ROOT @lmdb/lmdb-linux-arm64@3.5.1 OK for: lmdb@3.5.1 want: 3.5.1
2176 silly placeDep ROOT @lmdb/lmdb-linux-x64@3.5.1 OK for: lmdb@3.5.1 want: 3.5.1
2177 silly placeDep ROOT @lmdb/lmdb-win32-arm64@3.5.1 OK for: lmdb@3.5.1 want: 3.5.1
2178 silly placeDep ROOT @lmdb/lmdb-win32-x64@3.5.1 OK for: lmdb@3.5.1 want: 3.5.1
2179 silly placeDep ROOT msgpackr@1.12.1 OK for: lmdb@3.5.1 want: ^1.11.2
2180 silly placeDep ROOT node-addon-api@6.1.0 OK for: lmdb@3.5.1 want: ^6.1.0
2181 silly placeDep ROOT node-gyp-build-optional-packages@5.2.2 OK for: lmdb@3.5.1 want: 5.2.2
2182 silly placeDep ROOT ordered-binary@1.6.1 OK for: lmdb@3.5.1 want: ^1.5.3
2183 silly placeDep ROOT weak-lru-cache@1.2.2 OK for: lmdb@3.5.1 want: ^1.2.2
2184 silly fetch manifest msgpackr-extract@^3.0.2
2185 silly packumentCache full:https://registry.npmjs.org/msgpackr-extract cache-miss
2186 silly fetch manifest detect-libc@^2.0.1
2187 silly packumentCache full:https://registry.npmjs.org/detect-libc cache-miss
2188 http fetch GET 200 https://registry.npmjs.org/detect-libc 176ms (cache miss)
2189 silly packumentCache full:https://registry.npmjs.org/detect-libc set size:undefined disposed:false
2190 http fetch GET 200 https://registry.npmjs.org/msgpackr-extract 191ms (cache miss)
2191 silly packumentCache full:https://registry.npmjs.org/msgpackr-extract set size:undefined disposed:false
2192 silly placeDep ROOT ansi-escapes@7.3.0 OK for: log-update@6.1.0 want: ^7.0.0
2193 silly placeDep ROOT cli-cursor@5.0.0 OK for: log-update@6.1.0 want: ^5.0.0
2194 silly placeDep node_modules/log-update slice-ansi@7.1.2 OK for: log-update@6.1.0 want: ^7.1.0
2195 silly placeDep ROOT strip-ansi@7.2.0 OK for: log-update@6.1.0 want: ^7.1.0
2196 silly placeDep node_modules/log-update wrap-ansi@9.0.2 OK for: log-update@6.1.0 want: ^9.0.0
2197 silly fetch manifest environment@^1.0.0
2198 silly packumentCache full:https://registry.npmjs.org/environment cache-miss
2199 silly fetch manifest restore-cursor@^5.0.0
2200 silly packumentCache full:https://registry.npmjs.org/restore-cursor cache-miss
2201 silly fetch manifest is-fullwidth-code-point@^5.0.0
2202 silly packumentCache full:https://registry.npmjs.org/is-fullwidth-code-point cache-miss
2203 silly fetch manifest ansi-regex@^6.2.2
2204 silly packumentCache full:https://registry.npmjs.org/ansi-regex cache-miss
2205 http cache https://registry.npmjs.org/is-fullwidth-code-point 14ms (cache hit)
2206 silly packumentCache full:https://registry.npmjs.org/is-fullwidth-code-point set size:14578 disposed:false
2207 http fetch GET 200 https://registry.npmjs.org/environment 168ms (cache miss)
2208 silly packumentCache full:https://registry.npmjs.org/environment set size:undefined disposed:false
2209 http fetch GET 200 https://registry.npmjs.org/ansi-regex 190ms (cache miss)
2210 silly packumentCache full:https://registry.npmjs.org/ansi-regex set size:undefined disposed:false
2211 http fetch GET 200 https://registry.npmjs.org/restore-cursor 195ms (cache miss)
2212 silly packumentCache full:https://registry.npmjs.org/restore-cursor set size:undefined disposed:false
2213 silly placeDep ROOT environment@1.1.0 OK for: ansi-escapes@7.3.0 want: ^1.0.0
2214 silly placeDep ROOT restore-cursor@5.1.0 OK for: cli-cursor@5.0.0 want: ^5.0.0
2215 silly fetch manifest onetime@^7.0.0
2216 silly packumentCache full:https://registry.npmjs.org/onetime cache-miss
2217 http fetch GET 200 https://registry.npmjs.org/onetime 174ms (cache miss)
2218 silly packumentCache full:https://registry.npmjs.org/onetime set size:undefined disposed:false
2219 silly placeDep ROOT yallist@3.1.1 OK for: lru-cache@5.1.1 want: ^3.0.2
2220 silly placeDep ROOT mime-db@1.54.0 OK for: mime-types@3.0.2 want: ^1.54.0
2221 silly placeDep ROOT msgpackr-extract@3.0.4 OK for: msgpackr@1.12.1 want: ^3.0.2
2222 silly fetch manifest @msgpackr-extract/msgpackr-extract-darwin-arm64@3.0.4
2223 silly packumentCache full:https://registry.npmjs.org/@msgpackr-extract%2fmsgpackr-extract-darwin-arm64 cache-miss
2224 silly fetch manifest @msgpackr-extract/msgpackr-extract-darwin-x64@3.0.4
2225 silly packumentCache full:https://registry.npmjs.org/@msgpackr-extract%2fmsgpackr-extract-darwin-x64 cache-miss
2226 silly fetch manifest @msgpackr-extract/msgpackr-extract-linux-arm@3.0.4
2227 silly packumentCache full:https://registry.npmjs.org/@msgpackr-extract%2fmsgpackr-extract-linux-arm cache-miss
2228 silly fetch manifest @msgpackr-extract/msgpackr-extract-linux-arm64@3.0.4
2229 silly packumentCache full:https://registry.npmjs.org/@msgpackr-extract%2fmsgpackr-extract-linux-arm64 cache-miss
2230 silly fetch manifest @msgpackr-extract/msgpackr-extract-linux-x64@3.0.4
2231 silly packumentCache full:https://registry.npmjs.org/@msgpackr-extract%2fmsgpackr-extract-linux-x64 cache-miss
2232 silly fetch manifest @msgpackr-extract/msgpackr-extract-win32-x64@3.0.4
2233 silly packumentCache full:https://registry.npmjs.org/@msgpackr-extract%2fmsgpackr-extract-win32-x64 cache-miss
2234 http fetch GET 200 https://registry.npmjs.org/@msgpackr-extract%2fmsgpackr-extract-darwin-x64 400ms (cache miss)
2235 silly packumentCache full:https://registry.npmjs.org/@msgpackr-extract%2fmsgpackr-extract-darwin-x64 set size:undefined disposed:false
2236 http fetch GET 200 https://registry.npmjs.org/@msgpackr-extract%2fmsgpackr-extract-win32-x64 406ms (cache miss)
2237 silly packumentCache full:https://registry.npmjs.org/@msgpackr-extract%2fmsgpackr-extract-win32-x64 set size:undefined disposed:false
2238 http fetch GET 200 https://registry.npmjs.org/@msgpackr-extract%2fmsgpackr-extract-linux-arm 414ms (cache miss)
2239 silly packumentCache full:https://registry.npmjs.org/@msgpackr-extract%2fmsgpackr-extract-linux-arm set size:undefined disposed:false
2240 http fetch GET 200 https://registry.npmjs.org/@msgpackr-extract%2fmsgpackr-extract-darwin-arm64 430ms (cache miss)
2241 silly packumentCache full:https://registry.npmjs.org/@msgpackr-extract%2fmsgpackr-extract-darwin-arm64 set size:undefined disposed:false
2242 http fetch GET 200 https://registry.npmjs.org/@msgpackr-extract%2fmsgpackr-extract-linux-x64 436ms (cache miss)
2243 silly packumentCache full:https://registry.npmjs.org/@msgpackr-extract%2fmsgpackr-extract-linux-x64 set size:undefined disposed:false
2244 http fetch GET 200 https://registry.npmjs.org/@msgpackr-extract%2fmsgpackr-extract-linux-arm64 517ms (cache miss)
2245 silly packumentCache full:https://registry.npmjs.org/@msgpackr-extract%2fmsgpackr-extract-linux-arm64 set size:undefined disposed:false
2246 silly placeDep ROOT @msgpackr-extract/msgpackr-extract-darwin-arm64@3.0.4 OK for: msgpackr-extract@3.0.4 want: 3.0.4
2247 silly placeDep ROOT @msgpackr-extract/msgpackr-extract-darwin-x64@3.0.4 OK for: msgpackr-extract@3.0.4 want: 3.0.4
2248 silly placeDep ROOT @msgpackr-extract/msgpackr-extract-linux-arm@3.0.4 OK for: msgpackr-extract@3.0.4 want: 3.0.4
2249 silly placeDep ROOT @msgpackr-extract/msgpackr-extract-linux-arm64@3.0.4 OK for: msgpackr-extract@3.0.4 want: 3.0.4
2250 silly placeDep ROOT @msgpackr-extract/msgpackr-extract-linux-x64@3.0.4 OK for: msgpackr-extract@3.0.4 want: 3.0.4
2251 silly placeDep ROOT @msgpackr-extract/msgpackr-extract-win32-x64@3.0.4 OK for: msgpackr-extract@3.0.4 want: 3.0.4
2252 silly placeDep node_modules/negotiator content-type@2.1.0 OK for: negotiator@1.1.0 want: ^2.1.0
2253 silly placeDep ROOT detect-libc@2.1.2 OK for: node-gyp-build-optional-packages@5.2.2 want: ^2.0.1
2254 silly placeDep ROOT hosted-git-info@9.0.3 OK for: npm-package-arg@13.0.2 want: ^9.0.0
2255 silly placeDep ROOT proc-log@6.1.0 OK for: npm-package-arg@13.0.2 want: ^6.0.0
2256 silly placeDep ROOT validate-npm-package-name@7.0.2 OK for: npm-package-arg@13.0.2 want: ^7.0.0
2257 silly fetch manifest lru-cache@^11.1.0
2258 silly packumentCache full:https://registry.npmjs.org/lru-cache cache-hit
2259 silly placeDep node_modules/hosted-git-info lru-cache@11.5.2 OK for: hosted-git-info@9.0.3 want: ^11.1.0
2260 silly placeDep ROOT ee-first@1.1.1 OK for: on-finished@2.4.1 want: 1.1.1
2261 silly placeDep ROOT wrappy@1.0.2 OK for: once@1.4.0 want: 1
2262 silly placeDep ROOT chalk@5.6.2 OK for: ora@9.3.0 want: ^5.6.2
2263 silly placeDep ROOT cli-spinners@3.4.0 OK for: ora@9.3.0 want: ^3.2.0
2264 silly placeDep ROOT is-interactive@2.0.0 OK for: ora@9.3.0 want: ^2.0.0
2265 silly placeDep ROOT is-unicode-supported@2.1.0 OK for: ora@9.3.0 want: ^2.1.0
2266 silly placeDep ROOT log-symbols@7.0.1 OK for: ora@9.3.0 want: ^7.0.1
2267 silly placeDep ROOT stdin-discarder@0.3.2 OK for: ora@9.3.0 want: ^0.3.1
2268 silly fetch manifest yoctocolors@^2.1.1
2269 silly packumentCache full:https://registry.npmjs.org/yoctocolors cache-miss
2270 http fetch GET 200 https://registry.npmjs.org/yoctocolors 169ms (cache miss)
2271 silly packumentCache full:https://registry.npmjs.org/yoctocolors set size:undefined disposed:false
2272 silly placeDep ROOT yoctocolors@2.2.0 OK for: log-symbols@7.0.1 want: ^2.1.1
2273 silly placeDep ROOT @gar/promise-retry@1.0.3 OK for: pacote@21.5.1 want: ^1.0.0
2274 silly placeDep ROOT @npmcli/git@7.0.2 OK for: pacote@21.5.1 want: ^7.0.0
2275 silly placeDep ROOT @npmcli/installed-package-contents@4.0.0 OK for: pacote@21.5.1 want: ^4.0.0
2276 silly placeDep ROOT @npmcli/package-json@7.0.5 OK for: pacote@21.5.1 want: ^7.0.0
2277 silly placeDep ROOT @npmcli/promise-spawn@9.0.1 OK for: pacote@21.5.1 want: ^9.0.0
2278 silly placeDep ROOT @npmcli/run-script@10.0.4 OK for: pacote@21.5.1 want: ^10.0.0
2279 silly placeDep ROOT cacache@20.0.4 OK for: pacote@21.5.1 want: ^20.0.0
2280 silly placeDep ROOT fs-minipass@3.0.3 OK for: pacote@21.5.1 want: ^3.0.0
2281 silly placeDep ROOT minipass@7.1.3 OK for: pacote@21.5.1 want: ^7.0.2
2282 silly placeDep ROOT npm-packlist@10.0.4 OK for: pacote@21.5.1 want: ^10.0.1
2283 silly placeDep ROOT npm-pick-manifest@11.0.3 OK for: pacote@21.5.1 want: ^11.0.1
2284 silly placeDep ROOT npm-registry-fetch@19.1.1 OK for: pacote@21.5.1 want: ^19.0.0
2285 silly placeDep ROOT sigstore@4.1.1 OK for: pacote@21.5.1 want: ^4.0.0
2286 silly placeDep ROOT ssri@13.0.1 OK for: pacote@21.5.1 want: ^13.0.0
2287 silly placeDep ROOT tar@7.5.22 OK for: pacote@21.5.1 want: ^7.4.3
2288 silly fetch manifest which@^6.0.0
2289 silly packumentCache full:https://registry.npmjs.org/which cache-miss
2290 silly fetch manifest lru-cache@^11.2.1
2291 silly packumentCache full:https://registry.npmjs.org/lru-cache cache-hit
2292 silly fetch manifest npm-bundled@^5.0.0
2293 silly packumentCache full:https://registry.npmjs.org/npm-bundled cache-miss
2294 silly fetch manifest npm-normalize-package-bin@^5.0.0
2295 silly packumentCache full:https://registry.npmjs.org/npm-normalize-package-bin cache-miss
2296 silly fetch manifest glob@^13.0.0
2297 silly packumentCache full:https://registry.npmjs.org/glob cache-miss
2298 silly fetch manifest spdx-expression-parse@^4.0.0
2299 silly packumentCache full:https://registry.npmjs.org/spdx-expression-parse cache-miss
2300 silly fetch manifest json-parse-even-better-errors@^5.0.0
2301 silly packumentCache full:https://registry.npmjs.org/json-parse-even-better-errors cache-miss
2302 silly fetch manifest which@^6.0.0
2303 silly packumentCache full:https://registry.npmjs.org/which cache-miss
2304 http cache https://registry.npmjs.org/which 20ms (cache hit)
2305 silly packumentCache full:https://registry.npmjs.org/which set size:70147 disposed:false
2306 silly fetch manifest node-gyp@^12.1.0
2307 silly packumentCache full:https://registry.npmjs.org/node-gyp cache-miss
2308 http cache https://registry.npmjs.org/which 42ms (cache hit)
2309 silly packumentCache full:https://registry.npmjs.org/which set size:70147 disposed:false
2310 silly packumentCache full:https://registry.npmjs.org/which dispose
2311 silly fetch manifest @npmcli/node-gyp@^5.0.0
2312 silly packumentCache full:https://registry.npmjs.org/@npmcli%2fnode-gyp cache-miss
2313 http fetch GET 200 https://registry.npmjs.org/npm-bundled 194ms (cache miss)
2314 silly packumentCache full:https://registry.npmjs.org/npm-bundled set size:undefined disposed:false
2315 silly fetch manifest glob@^13.0.0
2316 silly packumentCache full:https://registry.npmjs.org/glob cache-miss
2317 http fetch GET 200 https://registry.npmjs.org/spdx-expression-parse 195ms (cache miss)
2318 silly packumentCache full:https://registry.npmjs.org/spdx-expression-parse set size:undefined disposed:false
2319 silly fetch manifest p-map@^7.0.2
2320 silly packumentCache full:https://registry.npmjs.org/p-map cache-miss
2321 http fetch GET 200 https://registry.npmjs.org/npm-normalize-package-bin 208ms (cache miss)
2322 silly packumentCache full:https://registry.npmjs.org/npm-normalize-package-bin set size:undefined disposed:false
2323 silly fetch manifest minipass@^7.0.3
2324 silly packumentCache full:https://registry.npmjs.org/minipass cache-miss
2325 http fetch GET 200 https://registry.npmjs.org/json-parse-even-better-errors 208ms (cache miss)
2326 silly packumentCache full:https://registry.npmjs.org/json-parse-even-better-errors set size:undefined disposed:false
2327 silly fetch manifest @npmcli/fs@^5.0.0
2328 silly packumentCache full:https://registry.npmjs.org/@npmcli%2ffs cache-miss
2329 http fetch GET 200 https://registry.npmjs.org/glob 228ms (cache miss)
2330 silly packumentCache full:https://registry.npmjs.org/glob set size:undefined disposed:false
2331 silly fetch manifest minipass-flush@^1.0.5
2332 silly packumentCache full:https://registry.npmjs.org/minipass-flush cache-miss
2333 http cache https://registry.npmjs.org/minipass 86ms (cache hit)
2334 silly packumentCache full:https://registry.npmjs.org/minipass set size:276925 disposed:false
2335 silly fetch manifest minipass-collect@^2.0.1
2336 silly packumentCache full:https://registry.npmjs.org/minipass-collect cache-miss
2337 http fetch GET 200 https://registry.npmjs.org/p-map 135ms (cache miss)
2338 silly packumentCache full:https://registry.npmjs.org/p-map set size:undefined disposed:false
2339 silly fetch manifest minipass-pipeline@^1.2.4
2340 silly packumentCache full:https://registry.npmjs.org/minipass-pipeline cache-miss
2341 http fetch GET 200 https://registry.npmjs.org/node-gyp 321ms (cache miss)
2342 silly packumentCache full:https://registry.npmjs.org/node-gyp set size:undefined disposed:false
2343 silly fetch manifest ignore-walk@^8.0.0
2344 silly packumentCache full:https://registry.npmjs.org/ignore-walk cache-miss
2345 http fetch GET 200 https://registry.npmjs.org/glob 203ms (cache miss)
2346 silly packumentCache full:https://registry.npmjs.org/glob set size:undefined disposed:false
2347 silly fetch manifest npm-install-checks@^8.0.0
2348 silly packumentCache full:https://registry.npmjs.org/npm-install-checks cache-miss
2349 http fetch GET 200 https://registry.npmjs.org/minipass-flush 192ms (cache miss)
2350 silly packumentCache full:https://registry.npmjs.org/minipass-flush set size:undefined disposed:false
2351 silly fetch manifest minizlib@^3.0.1
2352 silly packumentCache full:https://registry.npmjs.org/minizlib cache-miss
2353 http fetch GET 200 https://registry.npmjs.org/@npmcli%2fnode-gyp 421ms (cache miss)
2354 silly packumentCache full:https://registry.npmjs.org/@npmcli%2fnode-gyp set size:undefined disposed:false
2355 silly fetch manifest jsonparse@^1.3.1
2356 silly packumentCache full:https://registry.npmjs.org/jsonparse cache-miss
2357 http fetch GET 200 https://registry.npmjs.org/minipass-collect 192ms (cache miss)
2358 silly packumentCache full:https://registry.npmjs.org/minipass-collect set size:undefined disposed:false
2359 silly fetch manifest @npmcli/redact@^4.0.0
2360 silly packumentCache full:https://registry.npmjs.org/@npmcli%2fredact cache-miss
2361 http fetch GET 200 https://registry.npmjs.org/minipass-pipeline 189ms (cache miss)
2362 silly packumentCache full:https://registry.npmjs.org/minipass-pipeline set size:undefined disposed:false
2363 silly fetch manifest minipass-fetch@^5.0.0
2364 silly packumentCache full:https://registry.npmjs.org/minipass-fetch cache-miss
2365 http fetch GET 200 https://registry.npmjs.org/ignore-walk 183ms (cache miss)
2366 silly packumentCache full:https://registry.npmjs.org/ignore-walk set size:undefined disposed:false
2367 silly fetch manifest make-fetch-happen@^15.0.0
2368 silly packumentCache full:https://registry.npmjs.org/make-fetch-happen cache-miss
2369 http fetch GET 200 https://registry.npmjs.org/npm-install-checks 185ms (cache miss)
2370 silly packumentCache full:https://registry.npmjs.org/npm-install-checks set size:undefined disposed:false
2371 silly fetch manifest @sigstore/tuf@^4.0.2
2372 silly packumentCache full:https://registry.npmjs.org/@sigstore%2ftuf cache-miss
2373 http fetch GET 200 https://registry.npmjs.org/minizlib 185ms (cache miss)
2374 silly packumentCache full:https://registry.npmjs.org/minizlib set size:undefined disposed:false
2375 silly fetch manifest @sigstore/core@^3.2.1
2376 silly packumentCache full:https://registry.npmjs.org/@sigstore%2fcore cache-miss
2377 http fetch GET 200 https://registry.npmjs.org/@npmcli%2ffs 417ms (cache miss)
2378 silly packumentCache full:https://registry.npmjs.org/@npmcli%2ffs set size:undefined disposed:false
2379 silly fetch manifest @sigstore/sign@^4.1.1
2380 silly packumentCache full:https://registry.npmjs.org/@sigstore%2fsign cache-miss
2381 http fetch GET 200 https://registry.npmjs.org/jsonparse 183ms (cache miss)
2382 silly packumentCache full:https://registry.npmjs.org/jsonparse set size:undefined disposed:false
2383 silly fetch manifest @sigstore/bundle@^4.0.0
2384 silly packumentCache full:https://registry.npmjs.org/@sigstore%2fbundle cache-miss
2385 http fetch GET 200 https://registry.npmjs.org/minipass-fetch 168ms (cache miss)
2386 silly packumentCache full:https://registry.npmjs.org/minipass-fetch set size:undefined disposed:false
2387 silly fetch manifest @sigstore/verify@^3.1.1
2388 silly packumentCache full:https://registry.npmjs.org/@sigstore%2fverify cache-miss
2389 http fetch GET 200 https://registry.npmjs.org/make-fetch-happen 183ms (cache miss)
2390 silly packumentCache full:https://registry.npmjs.org/make-fetch-happen set size:undefined disposed:false
2391 silly fetch manifest @sigstore/protobuf-specs@^0.5.0
2392 silly packumentCache full:https://registry.npmjs.org/@sigstore%2fprotobuf-specs cache-miss
2393 http fetch GET 200 https://registry.npmjs.org/@npmcli%2fredact 409ms (cache miss)
2394 silly packumentCache full:https://registry.npmjs.org/@npmcli%2fredact set size:undefined disposed:false
2395 silly fetch manifest chownr@^3.0.0
2396 silly packumentCache full:https://registry.npmjs.org/chownr cache-miss
2397 http fetch GET 200 https://registry.npmjs.org/@sigstore%2fcore 401ms (cache miss)
2398 silly packumentCache full:https://registry.npmjs.org/@sigstore%2fcore set size:undefined disposed:false
2399 silly fetch manifest yallist@^5.0.0
2400 silly packumentCache full:https://registry.npmjs.org/yallist cache-miss
2401 http fetch GET 200 https://registry.npmjs.org/@sigstore%2ftuf 433ms (cache miss)
2402 silly packumentCache full:https://registry.npmjs.org/@sigstore%2ftuf set size:undefined disposed:false
2403 silly fetch manifest minizlib@^3.1.0
2404 silly packumentCache full:https://registry.npmjs.org/minizlib cache-miss
2405 http cache https://registry.npmjs.org/minizlib 52ms (cache hit)
2406 silly packumentCache full:https://registry.npmjs.org/minizlib set size:62862 disposed:false
2407 silly fetch manifest @isaacs/fs-minipass@^4.0.0
2408 silly packumentCache full:https://registry.npmjs.org/@isaacs%2ffs-minipass cache-miss
2409 http cache https://registry.npmjs.org/yallist 59ms (cache hit)
2410 silly packumentCache full:https://registry.npmjs.org/yallist set size:34610 disposed:false
2411 http fetch GET 200 https://registry.npmjs.org/chownr 185ms (cache miss)
2412 silly packumentCache full:https://registry.npmjs.org/chownr set size:undefined disposed:false
2413 http fetch GET 200 https://registry.npmjs.org/@sigstore%2fbundle 448ms (cache miss)
2414 silly packumentCache full:https://registry.npmjs.org/@sigstore%2fbundle set size:undefined disposed:false
2415 http fetch GET 200 https://registry.npmjs.org/@sigstore%2fverify 396ms (cache miss)
2416 silly packumentCache full:https://registry.npmjs.org/@sigstore%2fverify set size:undefined disposed:false
2417 http fetch GET 200 https://registry.npmjs.org/@sigstore%2fsign 474ms (cache miss)
2418 silly packumentCache full:https://registry.npmjs.org/@sigstore%2fsign set size:undefined disposed:false
2419 http fetch GET 200 https://registry.npmjs.org/@sigstore%2fprotobuf-specs 431ms (cache miss)
2420 silly packumentCache full:https://registry.npmjs.org/@sigstore%2fprotobuf-specs set size:undefined disposed:false
2421 http fetch GET 200 https://registry.npmjs.org/@isaacs%2ffs-minipass 228ms (cache miss)
2422 silly packumentCache full:https://registry.npmjs.org/@isaacs%2ffs-minipass set size:undefined disposed:false
2423 silly placeDep node_modules/@npmcli/git lru-cache@11.5.2 OK for: @npmcli/git@7.0.2 want: ^11.2.1
2424 silly placeDep node_modules/@npmcli/git which@6.0.1 OK for: @npmcli/git@7.0.2 want: ^6.0.0
2425 silly fetch manifest isexe@^4.0.0
2426 silly packumentCache full:https://registry.npmjs.org/isexe cache-miss
2427 http cache https://registry.npmjs.org/isexe 24ms (cache hit)
2428 silly packumentCache full:https://registry.npmjs.org/isexe set size:31756 disposed:false
2429 silly placeDep ROOT npm-bundled@5.0.0 OK for: @npmcli/installed-package-contents@4.0.0 want: ^5.0.0
2430 silly placeDep ROOT npm-normalize-package-bin@5.0.0 OK for: @npmcli/installed-package-contents@4.0.0 want: ^5.0.0
2431 silly placeDep ROOT glob@13.0.6 OK for: @npmcli/package-json@7.0.5 want: ^13.0.0
2432 silly placeDep ROOT json-parse-even-better-errors@5.0.0 OK for: @npmcli/package-json@7.0.5 want: ^5.0.0
2433 silly placeDep ROOT spdx-expression-parse@4.0.0 OK for: @npmcli/package-json@7.0.5 want: ^4.0.0
2434 silly fetch manifest minimatch@^10.2.2
2435 silly packumentCache full:https://registry.npmjs.org/minimatch cache-miss
2436 silly fetch manifest path-scurry@^2.0.2
2437 silly packumentCache full:https://registry.npmjs.org/path-scurry cache-miss
2438 silly fetch manifest spdx-exceptions@^2.1.0
2439 silly packumentCache full:https://registry.npmjs.org/spdx-exceptions cache-miss
2440 silly fetch manifest spdx-license-ids@^3.0.0
2441 silly packumentCache full:https://registry.npmjs.org/spdx-license-ids cache-miss
2442 http fetch GET 200 https://registry.npmjs.org/minimatch 56ms (cache miss)
2443 silly packumentCache full:https://registry.npmjs.org/minimatch set size:undefined disposed:false
2444 http fetch GET 200 https://registry.npmjs.org/spdx-license-ids 187ms (cache miss)
2445 silly packumentCache full:https://registry.npmjs.org/spdx-license-ids set size:undefined disposed:false
2446 http fetch GET 200 https://registry.npmjs.org/path-scurry 192ms (cache miss)
2447 silly packumentCache full:https://registry.npmjs.org/path-scurry set size:undefined disposed:false
2448 http fetch GET 200 https://registry.npmjs.org/spdx-exceptions 195ms (cache miss)
2449 silly packumentCache full:https://registry.npmjs.org/spdx-exceptions set size:undefined disposed:false
2450 silly placeDep node_modules/@npmcli/promise-spawn which@6.0.1 OK for: @npmcli/promise-spawn@9.0.1 want: ^6.0.0
2451 silly placeDep ROOT @npmcli/node-gyp@5.0.0 OK for: @npmcli/run-script@10.0.4 want: ^5.0.0
2452 silly placeDep ROOT node-gyp@12.4.0 OK for: @npmcli/run-script@10.0.4 want: ^12.1.0
2453 silly fetch manifest nopt@^9.0.0
2454 silly packumentCache full:https://registry.npmjs.org/nopt cache-miss
2455 silly fetch manifest undici@^6.25.0
2456 silly packumentCache full:https://registry.npmjs.org/undici cache-miss
2457 silly fetch manifest env-paths@^2.2.0
2458 silly packumentCache full:https://registry.npmjs.org/env-paths cache-miss
2459 silly fetch manifest graceful-fs@^4.2.6
2460 silly packumentCache full:https://registry.npmjs.org/graceful-fs cache-miss
2461 silly fetch manifest exponential-backoff@^3.1.1
2462 silly packumentCache full:https://registry.npmjs.org/exponential-backoff cache-miss
2463 http cache https://registry.npmjs.org/undici 23ms (cache hit)
2464 silly packumentCache full:https://registry.npmjs.org/undici set size:1524672 disposed:false
2465 http cache https://registry.npmjs.org/graceful-fs 44ms (cache hit)
2466 silly packumentCache full:https://registry.npmjs.org/graceful-fs set size:124285 disposed:false
2467 http fetch GET 200 https://registry.npmjs.org/env-paths 178ms (cache miss)
2468 silly packumentCache full:https://registry.npmjs.org/env-paths set size:undefined disposed:false
2469 http fetch GET 200 https://registry.npmjs.org/exponential-backoff 179ms (cache miss)
2470 silly packumentCache full:https://registry.npmjs.org/exponential-backoff set size:undefined disposed:false
2471 http fetch GET 200 https://registry.npmjs.org/nopt 184ms (cache miss)
2472 silly packumentCache full:https://registry.npmjs.org/nopt set size:undefined disposed:false
2473 silly placeDep ROOT @npmcli/fs@5.0.0 OK for: cacache@20.0.4 want: ^5.0.0
2474 silly placeDep node_modules/cacache lru-cache@11.5.2 OK for: cacache@20.0.4 want: ^11.1.0
2475 silly placeDep ROOT minipass-collect@2.0.1 OK for: cacache@20.0.4 want: ^2.0.1
2476 silly placeDep ROOT minipass-flush@1.0.7 OK for: cacache@20.0.4 want: ^1.0.5
2477 silly placeDep ROOT minipass-pipeline@1.2.4 OK for: cacache@20.0.4 want: ^1.2.4
2478 silly placeDep ROOT p-map@7.0.8 OK for: cacache@20.0.4 want: ^7.0.2
2479 silly fetch manifest minipass@^3.0.0
2480 silly packumentCache full:https://registry.npmjs.org/minipass cache-hit
2481 silly fetch manifest minipass@^3.0.0
2482 silly packumentCache full:https://registry.npmjs.org/minipass cache-hit
2483 silly placeDep ROOT minimatch@10.2.6 OK for: glob@13.0.6 want: ^10.2.2
2484 silly placeDep ROOT path-scurry@2.0.2 OK for: glob@13.0.6 want: ^2.0.2
2485 silly fetch manifest brace-expansion@^5.0.8
2486 silly packumentCache full:https://registry.npmjs.org/brace-expansion cache-miss
2487 silly fetch manifest lru-cache@^11.0.0
2488 silly packumentCache full:https://registry.npmjs.org/lru-cache cache-hit
2489 http fetch GET 200 https://registry.npmjs.org/brace-expansion 41ms (cache miss)
2490 silly packumentCache full:https://registry.npmjs.org/brace-expansion set size:undefined disposed:false
2491 silly placeDep ROOT brace-expansion@5.0.12 OK for: minimatch@10.2.6 want: ^5.0.8
2492 silly fetch manifest balanced-match@^4.0.2
2493 silly packumentCache full:https://registry.npmjs.org/balanced-match cache-miss
2494 http fetch GET 200 https://registry.npmjs.org/balanced-match 38ms (cache miss)
2495 silly packumentCache full:https://registry.npmjs.org/balanced-match set size:undefined disposed:false
2496 silly placeDep ROOT balanced-match@4.0.4 OK for: brace-expansion@5.0.12 want: ^4.0.2
2497 silly placeDep node_modules/minipass-flush minipass@3.3.6 OK for: minipass-flush@1.0.7 want: ^3.0.0
2498 silly fetch manifest yallist@^4.0.0
2499 silly packumentCache full:https://registry.npmjs.org/yallist cache-hit
2500 silly placeDep node_modules/minipass-pipeline minipass@3.3.6 OK for: minipass-pipeline@1.2.4 want: ^3.0.0
2501 silly placeDep ROOT env-paths@2.2.1 OK for: node-gyp@12.4.0 want: ^2.2.0
2502 silly placeDep ROOT exponential-backoff@3.1.3 OK for: node-gyp@12.4.0 want: ^3.1.1
2503 silly placeDep ROOT graceful-fs@4.2.11 OK for: node-gyp@12.4.0 want: ^4.2.6
2504 silly placeDep ROOT nopt@9.0.0 OK for: node-gyp@12.4.0 want: ^9.0.0
2505 silly placeDep node_modules/node-gyp undici@6.28.1 OK for: node-gyp@12.4.0 want: ^6.25.0
2506 silly placeDep node_modules/node-gyp which@6.0.1 OK for: node-gyp@12.4.0 want: ^6.0.0
2507 silly fetch manifest abbrev@^4.0.0
2508 silly packumentCache full:https://registry.npmjs.org/abbrev cache-miss
2509 http fetch GET 200 https://registry.npmjs.org/abbrev 173ms (cache miss)
2510 silly packumentCache full:https://registry.npmjs.org/abbrev set size:undefined disposed:false
2511 silly placeDep ROOT abbrev@4.0.0 OK for: nopt@9.0.0 want: ^4.0.0
2512 silly placeDep ROOT ignore-walk@8.0.0 OK for: npm-packlist@10.0.4 want: ^8.0.0
2513 silly placeDep ROOT npm-install-checks@8.0.0 OK for: npm-pick-manifest@11.0.3 want: ^8.0.0
2514 silly placeDep ROOT @npmcli/redact@4.0.0 OK for: npm-registry-fetch@19.1.1 want: ^4.0.0
2515 silly placeDep ROOT jsonparse@1.3.1 OK for: npm-registry-fetch@19.1.1 want: ^1.3.1
2516 silly placeDep ROOT make-fetch-happen@15.0.6 OK for: npm-registry-fetch@19.1.1 want: ^15.0.0
2517 silly placeDep ROOT minipass-fetch@5.0.2 OK for: npm-registry-fetch@19.1.1 want: ^5.0.0
2518 silly placeDep ROOT minizlib@3.1.0 OK for: npm-registry-fetch@19.1.1 want: ^3.0.1
2519 silly fetch manifest @npmcli/agent@^4.0.0
2520 silly packumentCache full:https://registry.npmjs.org/@npmcli%2fagent cache-miss
2521 silly fetch manifest http-cache-semantics@^4.1.1
2522 silly packumentCache full:https://registry.npmjs.org/http-cache-semantics cache-miss
2523 silly fetch manifest minipass-sized@^2.0.0
2524 silly packumentCache full:https://registry.npmjs.org/minipass-sized cache-miss
2525 http fetch GET 200 https://registry.npmjs.org/minipass-sized 175ms (cache miss)
2526 silly packumentCache full:https://registry.npmjs.org/minipass-sized set size:undefined disposed:false
2527 http fetch GET 200 https://registry.npmjs.org/http-cache-semantics 180ms (cache miss)
2528 silly packumentCache full:https://registry.npmjs.org/http-cache-semantics set size:undefined disposed:false
2529 http fetch GET 200 https://registry.npmjs.org/@npmcli%2fagent 400ms (cache miss)
2530 silly packumentCache full:https://registry.npmjs.org/@npmcli%2fagent set size:undefined disposed:false
2531 silly placeDep ROOT @npmcli/agent@4.0.2 OK for: make-fetch-happen@15.0.6 want: ^4.0.0
2532 silly placeDep ROOT http-cache-semantics@4.2.0 OK for: make-fetch-happen@15.0.6 want: ^4.1.1
2533 silly fetch manifest socks-proxy-agent@^8.0.3
2534 silly packumentCache full:https://registry.npmjs.org/socks-proxy-agent cache-miss
2535 http fetch GET 200 https://registry.npmjs.org/socks-proxy-agent 176ms (cache miss)
2536 silly packumentCache full:https://registry.npmjs.org/socks-proxy-agent set size:undefined disposed:false
2537 silly placeDep node_modules/@npmcli/agent lru-cache@11.5.2 OK for: @npmcli/agent@4.0.2 want: ^11.2.1
2538 silly placeDep ROOT socks-proxy-agent@8.0.5 OK for: @npmcli/agent@4.0.2 want: ^8.0.3
2539 silly fetch manifest socks@^2.8.3
2540 silly packumentCache full:https://registry.npmjs.org/socks cache-miss
2541 http fetch GET 200 https://registry.npmjs.org/socks 179ms (cache miss)
2542 silly packumentCache full:https://registry.npmjs.org/socks set size:undefined disposed:false
2543 silly placeDep ROOT minipass-sized@2.0.0 OK for: minipass-fetch@5.0.2 want: ^2.0.0
2544 silly placeDep node_modules/parse5 entities@8.1.0 OK for: parse5@8.0.1 want: ^8.0.0
2545 silly placeDep node_modules/parse5-html-rewriting-stream entities@6.0.1 OK for: parse5-html-rewriting-stream@8.0.0 want: ^6.0.0
2546 silly placeDep ROOT parse5-sax-parser@8.0.0 OK for: parse5-html-rewriting-stream@8.0.0 want: ^8.0.0
2547 silly placeDep node_modules/path-scurry lru-cache@11.5.2 OK for: path-scurry@2.0.2 want: ^11.0.0
2548 silly placeDep ROOT @napi-rs/nice@1.1.1 OK for: piscina@5.2.0 want: ^1.0.4
2549 silly fetch manifest @napi-rs/nice-darwin-x64@1.1.1
2550 silly packumentCache full:https://registry.npmjs.org/@napi-rs%2fnice-darwin-x64 cache-miss
2551 silly fetch manifest @napi-rs/nice-darwin-arm64@1.1.1
2552 silly packumentCache full:https://registry.npmjs.org/@napi-rs%2fnice-darwin-arm64 cache-miss
2553 silly fetch manifest @napi-rs/nice-linux-x64-gnu@1.1.1
2554 silly packumentCache full:https://registry.npmjs.org/@napi-rs%2fnice-linux-x64-gnu cache-miss
2555 silly fetch manifest @napi-rs/nice-win32-x64-msvc@1.1.1
2556 silly packumentCache full:https://registry.npmjs.org/@napi-rs%2fnice-win32-x64-msvc cache-miss
2557 silly fetch manifest @napi-rs/nice-linux-x64-musl@1.1.1
2558 silly packumentCache full:https://registry.npmjs.org/@napi-rs%2fnice-linux-x64-musl cache-miss
2559 silly fetch manifest @napi-rs/nice-linux-arm64-gnu@1.1.1
2560 silly packumentCache full:https://registry.npmjs.org/@napi-rs%2fnice-linux-arm64-gnu cache-miss
2561 silly fetch manifest @napi-rs/nice-win32-ia32-msvc@1.1.1
2562 silly packumentCache full:https://registry.npmjs.org/@napi-rs%2fnice-win32-ia32-msvc cache-miss
2563 http fetch GET 200 https://registry.npmjs.org/@napi-rs%2fnice-win32-ia32-msvc 423ms (cache miss)
2564 silly packumentCache full:https://registry.npmjs.org/@napi-rs%2fnice-win32-ia32-msvc set size:undefined disposed:false
2565 silly fetch manifest @napi-rs/nice-linux-arm-gnueabihf@1.1.1
2566 silly packumentCache full:https://registry.npmjs.org/@napi-rs%2fnice-linux-arm-gnueabihf cache-miss
2567 http fetch GET 200 https://registry.npmjs.org/@napi-rs%2fnice-win32-x64-msvc 429ms (cache miss)
2568 silly packumentCache full:https://registry.npmjs.org/@napi-rs%2fnice-win32-x64-msvc set size:undefined disposed:false
2569 silly fetch manifest @napi-rs/nice-android-arm64@1.1.1
2570 silly packumentCache full:https://registry.npmjs.org/@napi-rs%2fnice-android-arm64 cache-miss
2571 http fetch GET 200 https://registry.npmjs.org/@napi-rs%2fnice-linux-x64-gnu 435ms (cache miss)
2572 silly packumentCache full:https://registry.npmjs.org/@napi-rs%2fnice-linux-x64-gnu set size:undefined disposed:false
2573 silly fetch manifest @napi-rs/nice-freebsd-x64@1.1.1
2574 silly packumentCache full:https://registry.npmjs.org/@napi-rs%2fnice-freebsd-x64 cache-miss
2575 http fetch GET 200 https://registry.npmjs.org/@napi-rs%2fnice-linux-arm64-gnu 435ms (cache miss)
2576 silly packumentCache full:https://registry.npmjs.org/@napi-rs%2fnice-linux-arm64-gnu set size:undefined disposed:false
2577 silly fetch manifest @napi-rs/nice-linux-arm64-musl@1.1.1
2578 silly packumentCache full:https://registry.npmjs.org/@napi-rs%2fnice-linux-arm64-musl cache-miss
2579 http fetch GET 200 https://registry.npmjs.org/@napi-rs%2fnice-linux-x64-musl 450ms (cache miss)
2580 silly packumentCache full:https://registry.npmjs.org/@napi-rs%2fnice-linux-x64-musl set size:undefined disposed:false
2581 silly fetch manifest @napi-rs/nice-android-arm-eabi@1.1.1
2582 silly packumentCache full:https://registry.npmjs.org/@napi-rs%2fnice-android-arm-eabi cache-miss
2583 http fetch GET 200 https://registry.npmjs.org/@napi-rs%2fnice-darwin-arm64 457ms (cache miss)
2584 silly packumentCache full:https://registry.npmjs.org/@napi-rs%2fnice-darwin-arm64 set size:undefined disposed:false
2585 silly fetch manifest @napi-rs/nice-win32-arm64-msvc@1.1.1
2586 silly packumentCache full:https://registry.npmjs.org/@napi-rs%2fnice-win32-arm64-msvc cache-miss
2587 http fetch GET 200 https://registry.npmjs.org/@napi-rs%2fnice-darwin-x64 509ms (cache miss)
2588 silly packumentCache full:https://registry.npmjs.org/@napi-rs%2fnice-darwin-x64 set size:undefined disposed:false
2589 silly fetch manifest @napi-rs/nice-linux-ppc64-gnu@1.1.1
2590 silly packumentCache full:https://registry.npmjs.org/@napi-rs%2fnice-linux-ppc64-gnu cache-miss
2591 http fetch GET 200 https://registry.npmjs.org/@napi-rs%2fnice-android-arm64 414ms (cache miss)
2592 silly packumentCache full:https://registry.npmjs.org/@napi-rs%2fnice-android-arm64 set size:undefined disposed:false
2593 silly fetch manifest @napi-rs/nice-linux-s390x-gnu@1.1.1
2594 silly packumentCache full:https://registry.npmjs.org/@napi-rs%2fnice-linux-s390x-gnu cache-miss
2595 http fetch GET 200 https://registry.npmjs.org/@napi-rs%2fnice-freebsd-x64 414ms (cache miss)
2596 silly packumentCache full:https://registry.npmjs.org/@napi-rs%2fnice-freebsd-x64 set size:undefined disposed:false
2597 silly fetch manifest @napi-rs/nice-linux-riscv64-gnu@1.1.1
2598 silly packumentCache full:https://registry.npmjs.org/@napi-rs%2fnice-linux-riscv64-gnu cache-miss
2599 http fetch GET 200 https://registry.npmjs.org/@napi-rs%2fnice-win32-arm64-msvc 417ms (cache miss)
2600 silly packumentCache full:https://registry.npmjs.org/@napi-rs%2fnice-win32-arm64-msvc set size:undefined disposed:false
2601 silly fetch manifest @napi-rs/nice-openharmony-arm64@1.1.1
2602 silly packumentCache full:https://registry.npmjs.org/@napi-rs%2fnice-openharmony-arm64 cache-miss
2603 http fetch GET 200 https://registry.npmjs.org/@napi-rs%2fnice-android-arm-eabi 426ms (cache miss)
2604 silly packumentCache full:https://registry.npmjs.org/@napi-rs%2fnice-android-arm-eabi set size:undefined disposed:false
2605 http fetch GET 200 https://registry.npmjs.org/@napi-rs%2fnice-linux-arm-gnueabihf 459ms (cache miss)
2606 silly packumentCache full:https://registry.npmjs.org/@napi-rs%2fnice-linux-arm-gnueabihf set size:undefined disposed:false
2607 http fetch GET 200 https://registry.npmjs.org/@napi-rs%2fnice-linux-ppc64-gnu 405ms (cache miss)
2608 silly packumentCache full:https://registry.npmjs.org/@napi-rs%2fnice-linux-ppc64-gnu set size:undefined disposed:false
2609 http fetch GET 200 https://registry.npmjs.org/@napi-rs%2fnice-linux-arm64-musl 534ms (cache miss)
2610 silly packumentCache full:https://registry.npmjs.org/@napi-rs%2fnice-linux-arm64-musl set size:undefined disposed:false
2611 http fetch GET 200 https://registry.npmjs.org/@napi-rs%2fnice-linux-s390x-gnu 432ms (cache miss)
2612 silly packumentCache full:https://registry.npmjs.org/@napi-rs%2fnice-linux-s390x-gnu set size:undefined disposed:false
2613 http fetch GET 200 https://registry.npmjs.org/@napi-rs%2fnice-linux-riscv64-gnu 472ms (cache miss)
2614 silly packumentCache full:https://registry.npmjs.org/@napi-rs%2fnice-linux-riscv64-gnu set size:undefined disposed:false
2615 http fetch GET 200 https://registry.npmjs.org/@napi-rs%2fnice-openharmony-arm64 522ms (cache miss)
2616 silly packumentCache full:https://registry.npmjs.org/@napi-rs%2fnice-openharmony-arm64 set size:undefined disposed:false
2617 silly placeDep ROOT @napi-rs/nice-android-arm-eabi@1.1.1 OK for: @napi-rs/nice@1.1.1 want: 1.1.1
2618 silly placeDep ROOT @napi-rs/nice-android-arm64@1.1.1 OK for: @napi-rs/nice@1.1.1 want: 1.1.1
2619 silly placeDep ROOT @napi-rs/nice-darwin-arm64@1.1.1 OK for: @napi-rs/nice@1.1.1 want: 1.1.1
2620 silly placeDep ROOT @napi-rs/nice-darwin-x64@1.1.1 OK for: @napi-rs/nice@1.1.1 want: 1.1.1
2621 silly placeDep ROOT @napi-rs/nice-freebsd-x64@1.1.1 OK for: @napi-rs/nice@1.1.1 want: 1.1.1
2622 silly placeDep ROOT @napi-rs/nice-linux-arm-gnueabihf@1.1.1 OK for: @napi-rs/nice@1.1.1 want: 1.1.1
2623 silly placeDep ROOT @napi-rs/nice-linux-arm64-gnu@1.1.1 OK for: @napi-rs/nice@1.1.1 want: 1.1.1
2624 silly placeDep ROOT @napi-rs/nice-linux-arm64-musl@1.1.1 OK for: @napi-rs/nice@1.1.1 want: 1.1.1
2625 silly placeDep ROOT @napi-rs/nice-linux-ppc64-gnu@1.1.1 OK for: @napi-rs/nice@1.1.1 want: 1.1.1
2626 silly placeDep ROOT @napi-rs/nice-linux-riscv64-gnu@1.1.1 OK for: @napi-rs/nice@1.1.1 want: 1.1.1
2627 silly placeDep ROOT @napi-rs/nice-linux-s390x-gnu@1.1.1 OK for: @napi-rs/nice@1.1.1 want: 1.1.1
2628 silly placeDep ROOT @napi-rs/nice-linux-x64-gnu@1.1.1 OK for: @napi-rs/nice@1.1.1 want: 1.1.1
2629 silly placeDep ROOT @napi-rs/nice-linux-x64-musl@1.1.1 OK for: @napi-rs/nice@1.1.1 want: 1.1.1
2630 silly placeDep ROOT @napi-rs/nice-openharmony-arm64@1.1.1 OK for: @napi-rs/nice@1.1.1 want: 1.1.1
2631 silly placeDep ROOT @napi-rs/nice-win32-arm64-msvc@1.1.1 OK for: @napi-rs/nice@1.1.1 want: 1.1.1
2632 silly placeDep ROOT @napi-rs/nice-win32-ia32-msvc@1.1.1 OK for: @napi-rs/nice@1.1.1 want: 1.1.1
2633 silly placeDep ROOT @napi-rs/nice-win32-x64-msvc@1.1.1 OK for: @napi-rs/nice@1.1.1 want: 1.1.1
2634 silly placeDep ROOT nanoid@3.3.19 OK for: postcss@8.5.28 want: ^3.3.18
2635 silly placeDep ROOT forwarded@0.2.0 OK for: proxy-addr@2.0.8 want: 0.2.0
2636 silly placeDep ROOT ipaddr.js@1.9.1 OK for: proxy-addr@2.0.8 want: 1.9.1
2637 silly placeDep ROOT es-define-property@1.0.1 OK for: qs@6.16.0 want: ^1.0.1
2638 silly placeDep ROOT side-channel@1.1.1 OK for: qs@6.16.0 want: ^1.1.1
2639 silly fetch manifest es-errors@^1.3.0
2640 silly packumentCache full:https://registry.npmjs.org/es-errors cache-miss
2641 silly fetch manifest object-inspect@^1.13.4
2642 silly packumentCache full:https://registry.npmjs.org/object-inspect cache-miss
2643 silly fetch manifest side-channel-list@^1.0.1
2644 silly packumentCache full:https://registry.npmjs.org/side-channel-list cache-miss
2645 silly fetch manifest side-channel-map@^1.0.1
2646 silly packumentCache full:https://registry.npmjs.org/side-channel-map cache-miss
2647 silly fetch manifest side-channel-weakmap@^1.0.2
2648 silly packumentCache full:https://registry.npmjs.org/side-channel-weakmap cache-miss
2649 http fetch GET 200 https://registry.npmjs.org/side-channel-map 49ms (cache miss)
2650 silly packumentCache full:https://registry.npmjs.org/side-channel-map set size:undefined disposed:false
2651 http fetch GET 200 https://registry.npmjs.org/object-inspect 58ms (cache miss)
2652 silly packumentCache full:https://registry.npmjs.org/object-inspect set size:undefined disposed:false
2653 http fetch GET 200 https://registry.npmjs.org/side-channel-list 61ms (cache miss)
2654 silly packumentCache full:https://registry.npmjs.org/side-channel-list set size:undefined disposed:false
2655 http fetch GET 200 https://registry.npmjs.org/side-channel-weakmap 61ms (cache miss)
2656 silly packumentCache full:https://registry.npmjs.org/side-channel-weakmap set size:undefined disposed:false
2657 http fetch GET 200 https://registry.npmjs.org/es-errors 70ms (cache miss)
2658 silly packumentCache full:https://registry.npmjs.org/es-errors set size:undefined disposed:false
2659 silly placeDep ROOT unpipe@1.0.0 OK for: raw-body@3.0.2 want: ~1.0.0
2660 silly placeDep ROOT onetime@7.0.0 OK for: restore-cursor@5.1.0 want: ^7.0.0
2661 silly fetch manifest mimic-function@^5.0.0
2662 silly packumentCache full:https://registry.npmjs.org/mimic-function cache-miss
2663 http fetch GET 200 https://registry.npmjs.org/mimic-function 176ms (cache miss)
2664 silly packumentCache full:https://registry.npmjs.org/mimic-function set size:undefined disposed:false
2665 silly placeDep ROOT mimic-function@5.0.1 OK for: onetime@7.0.0 want: ^5.0.0
2666 silly placeDep ROOT @oxc-project/types@0.113.0 OK for: rolldown@1.0.0-rc.4 want: =0.113.0
2667 silly placeDep ROOT @rolldown/binding-android-arm64@1.0.0-rc.4 OK for: rolldown@1.0.0-rc.4 want: 1.0.0-rc.4
2668 silly placeDep ROOT @rolldown/binding-darwin-arm64@1.0.0-rc.4 OK for: rolldown@1.0.0-rc.4 want: 1.0.0-rc.4
2669 silly placeDep ROOT @rolldown/binding-darwin-x64@1.0.0-rc.4 OK for: rolldown@1.0.0-rc.4 want: 1.0.0-rc.4
2670 silly placeDep ROOT @rolldown/binding-freebsd-x64@1.0.0-rc.4 OK for: rolldown@1.0.0-rc.4 want: 1.0.0-rc.4
2671 silly placeDep ROOT @rolldown/binding-linux-arm-gnueabihf@1.0.0-rc.4 OK for: rolldown@1.0.0-rc.4 want: 1.0.0-rc.4
2672 silly placeDep ROOT @rolldown/binding-linux-arm64-gnu@1.0.0-rc.4 OK for: rolldown@1.0.0-rc.4 want: 1.0.0-rc.4
2673 silly placeDep ROOT @rolldown/binding-linux-arm64-musl@1.0.0-rc.4 OK for: rolldown@1.0.0-rc.4 want: 1.0.0-rc.4
2674 silly placeDep ROOT @rolldown/binding-linux-x64-gnu@1.0.0-rc.4 OK for: rolldown@1.0.0-rc.4 want: 1.0.0-rc.4
2675 silly placeDep ROOT @rolldown/binding-linux-x64-musl@1.0.0-rc.4 OK for: rolldown@1.0.0-rc.4 want: 1.0.0-rc.4
2676 silly placeDep ROOT @rolldown/binding-openharmony-arm64@1.0.0-rc.4 OK for: rolldown@1.0.0-rc.4 want: 1.0.0-rc.4
2677 silly placeDep ROOT @rolldown/binding-wasm32-wasi@1.0.0-rc.4 OK for: rolldown@1.0.0-rc.4 want: 1.0.0-rc.4
2678 silly placeDep ROOT @rolldown/binding-win32-arm64-msvc@1.0.0-rc.4 OK for: rolldown@1.0.0-rc.4 want: 1.0.0-rc.4
2679 silly placeDep ROOT @rolldown/binding-win32-x64-msvc@1.0.0-rc.4 OK for: rolldown@1.0.0-rc.4 want: 1.0.0-rc.4
2680 silly placeDep ROOT @rolldown/pluginutils@1.0.0-rc.4 OK for: rolldown@1.0.0-rc.4 want: 1.0.0-rc.4
2681 silly fetch manifest @napi-rs/wasm-runtime@^1.1.1
2682 silly packumentCache full:https://registry.npmjs.org/@napi-rs%2fwasm-runtime cache-miss
2683 http fetch GET 200 https://registry.npmjs.org/@napi-rs%2fwasm-runtime 334ms (cache miss)
2684 silly packumentCache full:https://registry.npmjs.org/@napi-rs%2fwasm-runtime set size:undefined disposed:false
2685 silly fetch manifest @emnapi/core@^1.7.1 || ^2.0.0-alpha.4
2686 silly packumentCache full:https://registry.npmjs.org/@emnapi%2fcore cache-miss
2687 http fetch GET 200 https://registry.npmjs.org/@emnapi%2fcore 323ms (cache miss)
2688 silly packumentCache full:https://registry.npmjs.org/@emnapi%2fcore set size:undefined disposed:false
2689 silly fetch manifest @emnapi/runtime@^1.7.1 || ^2.0.0-alpha.4
2690 silly packumentCache full:https://registry.npmjs.org/@emnapi%2fruntime cache-miss
2691 http fetch GET 200 https://registry.npmjs.org/@emnapi%2fruntime 316ms (cache miss)
2692 silly packumentCache full:https://registry.npmjs.org/@emnapi%2fruntime set size:undefined disposed:false
2693 silly placeDep ROOT @napi-rs/wasm-runtime@1.2.4 OK for: @rolldown/binding-wasm32-wasi@1.0.0-rc.4 want: ^1.1.1
2694 silly placeDep ROOT @emnapi/core@1.11.3 OK for: @napi-rs/wasm-runtime@1.2.4 want: ^1.7.1 || ^2.0.0-alpha.4
2695 silly placeDep ROOT @emnapi/runtime@1.11.3 OK for: @napi-rs/wasm-runtime@1.2.4 want: ^1.7.1 || ^2.0.0-alpha.4
2696 silly fetch manifest @tybys/wasm-util@^0.10.3
2697 silly packumentCache full:https://registry.npmjs.org/@tybys%2fwasm-util cache-miss
2698 silly fetch manifest @emnapi/wasi-threads@1.2.3
2699 silly packumentCache full:https://registry.npmjs.org/@emnapi%2fwasi-threads cache-miss
2700 http fetch GET 200 https://registry.npmjs.org/@tybys%2fwasm-util 318ms (cache miss)
2701 silly packumentCache full:https://registry.npmjs.org/@tybys%2fwasm-util set size:undefined disposed:false
2702 http fetch GET 200 https://registry.npmjs.org/@emnapi%2fwasi-threads 322ms (cache miss)
2703 silly packumentCache full:https://registry.npmjs.org/@emnapi%2fwasi-threads set size:undefined disposed:false
2704 silly placeDep ROOT @emnapi/wasi-threads@1.2.3 OK for: @emnapi/core@1.11.3 want: 1.2.3
2705 silly placeDep ROOT @tybys/wasm-util@0.10.4 OK for: @napi-rs/wasm-runtime@1.2.4 want: ^0.10.3
2706 silly placeDep ROOT is-promise@4.0.0 OK for: router@2.2.0 want: ^4.0.0
2707 silly placeDep ROOT path-to-regexp@8.4.2 OK for: router@2.2.0 want: ^8.0.0
2708 silly placeDep ROOT @parcel/watcher@2.6.0 OK for: sass@1.97.3 want: ^2.4.1
2709 silly placeDep node_modules/sass chokidar@4.0.3 OK for: sass@1.97.3 want: ^4.0.0
2710 silly placeDep ROOT immutable@5.1.9 OK for: sass@1.97.3 want: ^5.0.2
2711 silly fetch manifest is-glob@^4.0.3
2712 silly packumentCache full:https://registry.npmjs.org/is-glob cache-miss
2713 silly fetch manifest node-addon-api@^7.0.0
2714 silly packumentCache full:https://registry.npmjs.org/node-addon-api cache-miss
2715 silly fetch manifest @parcel/watcher-darwin-x64@2.6.0
2716 silly packumentCache full:https://registry.npmjs.org/@parcel%2fwatcher-darwin-x64 cache-miss
2717 silly fetch manifest @parcel/watcher-darwin-arm64@2.6.0
2718 silly packumentCache full:https://registry.npmjs.org/@parcel%2fwatcher-darwin-arm64 cache-miss
2719 silly fetch manifest @parcel/watcher-win32-x64@2.6.0
2720 silly packumentCache full:https://registry.npmjs.org/@parcel%2fwatcher-win32-x64 cache-miss
2721 silly fetch manifest @parcel/watcher-win32-arm64@2.6.0
2722 silly packumentCache full:https://registry.npmjs.org/@parcel%2fwatcher-win32-arm64 cache-miss
2723 silly fetch manifest @parcel/watcher-linux-x64-glibc@2.6.0
2724 silly packumentCache full:https://registry.npmjs.org/@parcel%2fwatcher-linux-x64-glibc cache-miss
2725 http cache https://registry.npmjs.org/node-addon-api 20ms (cache hit)
2726 silly packumentCache full:https://registry.npmjs.org/node-addon-api set size:385298 disposed:false
2727 silly fetch manifest @parcel/watcher-linux-x64-musl@2.6.0
2728 silly packumentCache full:https://registry.npmjs.org/@parcel%2fwatcher-linux-x64-musl cache-miss
2729 http fetch GET 200 https://registry.npmjs.org/is-glob 184ms (cache miss)
2730 silly packumentCache full:https://registry.npmjs.org/is-glob set size:undefined disposed:false
2731 silly fetch manifest @parcel/watcher-linux-arm64-glibc@2.6.0
2732 silly packumentCache full:https://registry.npmjs.org/@parcel%2fwatcher-linux-arm64-glibc cache-miss
2733 http fetch GET 200 https://registry.npmjs.org/@parcel%2fwatcher-darwin-arm64 420ms (cache miss)
2734 silly packumentCache full:https://registry.npmjs.org/@parcel%2fwatcher-darwin-arm64 set size:undefined disposed:false
2735 silly fetch manifest @parcel/watcher-linux-arm64-musl@2.6.0
2736 silly packumentCache full:https://registry.npmjs.org/@parcel%2fwatcher-linux-arm64-musl cache-miss
2737 http fetch GET 200 https://registry.npmjs.org/@parcel%2fwatcher-win32-arm64 427ms (cache miss)
2738 silly packumentCache full:https://registry.npmjs.org/@parcel%2fwatcher-win32-arm64 set size:undefined disposed:false
2739 silly fetch manifest @parcel/watcher-linux-arm-glibc@2.6.0
2740 silly packumentCache full:https://registry.npmjs.org/@parcel%2fwatcher-linux-arm-glibc cache-miss
2741 http fetch GET 200 https://registry.npmjs.org/@parcel%2fwatcher-darwin-x64 434ms (cache miss)
2742 silly packumentCache full:https://registry.npmjs.org/@parcel%2fwatcher-darwin-x64 set size:undefined disposed:false
2743 silly fetch manifest @parcel/watcher-linux-arm-musl@2.6.0
2744 silly packumentCache full:https://registry.npmjs.org/@parcel%2fwatcher-linux-arm-musl cache-miss
2745 http fetch GET 200 https://registry.npmjs.org/@parcel%2fwatcher-linux-x64-musl 413ms (cache miss)
2746 silly packumentCache full:https://registry.npmjs.org/@parcel%2fwatcher-linux-x64-musl set size:undefined disposed:false
2747 silly fetch manifest @parcel/watcher-android-arm64@2.6.0
2748 silly packumentCache full:https://registry.npmjs.org/@parcel%2fwatcher-android-arm64 cache-miss
2749 http fetch GET 200 https://registry.npmjs.org/@parcel%2fwatcher-win32-x64 443ms (cache miss)
2750 silly packumentCache full:https://registry.npmjs.org/@parcel%2fwatcher-win32-x64 set size:undefined disposed:false
2751 silly fetch manifest @parcel/watcher-freebsd-x64@2.6.0
2752 silly packumentCache full:https://registry.npmjs.org/@parcel%2fwatcher-freebsd-x64 cache-miss
2753 http fetch GET 200 https://registry.npmjs.org/@parcel%2fwatcher-linux-x64-glibc 448ms (cache miss)
2754 silly packumentCache full:https://registry.npmjs.org/@parcel%2fwatcher-linux-x64-glibc set size:undefined disposed:false
2755 silly fetch manifest readdirp@^4.0.1
2756 silly packumentCache full:https://registry.npmjs.org/readdirp cache-miss
2757 http cache https://registry.npmjs.org/readdirp 12ms (cache hit)
2758 silly packumentCache full:https://registry.npmjs.org/readdirp set size:110119 disposed:false
2759 http fetch GET 200 https://registry.npmjs.org/@parcel%2fwatcher-linux-arm64-glibc 406ms (cache miss)
2760 silly packumentCache full:https://registry.npmjs.org/@parcel%2fwatcher-linux-arm64-glibc set size:undefined disposed:false
2761 http fetch GET 200 https://registry.npmjs.org/@parcel%2fwatcher-linux-arm64-musl 403ms (cache miss)
2762 silly packumentCache full:https://registry.npmjs.org/@parcel%2fwatcher-linux-arm64-musl set size:undefined disposed:false
2763 http fetch GET 200 https://registry.npmjs.org/@parcel%2fwatcher-linux-arm-musl 418ms (cache miss)
2764 silly packumentCache full:https://registry.npmjs.org/@parcel%2fwatcher-linux-arm-musl set size:undefined disposed:false
2765 http fetch GET 200 https://registry.npmjs.org/@parcel%2fwatcher-android-arm64 448ms (cache miss)
2766 silly packumentCache full:https://registry.npmjs.org/@parcel%2fwatcher-android-arm64 set size:undefined disposed:false
2767 http fetch GET 200 https://registry.npmjs.org/@parcel%2fwatcher-freebsd-x64 470ms (cache miss)
2768 silly packumentCache full:https://registry.npmjs.org/@parcel%2fwatcher-freebsd-x64 set size:undefined disposed:false
2769 http fetch GET 200 https://registry.npmjs.org/@parcel%2fwatcher-linux-arm-glibc 490ms (cache miss)
2770 silly packumentCache full:https://registry.npmjs.org/@parcel%2fwatcher-linux-arm-glibc set size:undefined disposed:false
2771 silly placeDep ROOT @parcel/watcher-android-arm64@2.6.0 OK for: @parcel/watcher@2.6.0 want: 2.6.0
2772 silly placeDep ROOT @parcel/watcher-darwin-arm64@2.6.0 OK for: @parcel/watcher@2.6.0 want: 2.6.0
2773 silly placeDep ROOT @parcel/watcher-darwin-x64@2.6.0 OK for: @parcel/watcher@2.6.0 want: 2.6.0
2774 silly placeDep ROOT @parcel/watcher-freebsd-x64@2.6.0 OK for: @parcel/watcher@2.6.0 want: 2.6.0
2775 silly placeDep ROOT @parcel/watcher-linux-arm-glibc@2.6.0 OK for: @parcel/watcher@2.6.0 want: 2.6.0
2776 silly placeDep ROOT @parcel/watcher-linux-arm-musl@2.6.0 OK for: @parcel/watcher@2.6.0 want: 2.6.0
2777 silly placeDep ROOT @parcel/watcher-linux-arm64-glibc@2.6.0 OK for: @parcel/watcher@2.6.0 want: 2.6.0
2778 silly placeDep ROOT @parcel/watcher-linux-arm64-musl@2.6.0 OK for: @parcel/watcher@2.6.0 want: 2.6.0
2779 silly placeDep ROOT @parcel/watcher-linux-x64-glibc@2.6.0 OK for: @parcel/watcher@2.6.0 want: 2.6.0
2780 silly placeDep ROOT @parcel/watcher-linux-x64-musl@2.6.0 OK for: @parcel/watcher@2.6.0 want: 2.6.0
2781 silly placeDep ROOT @parcel/watcher-win32-arm64@2.6.0 OK for: @parcel/watcher@2.6.0 want: 2.6.0
2782 silly placeDep ROOT @parcel/watcher-win32-x64@2.6.0 OK for: @parcel/watcher@2.6.0 want: 2.6.0
2783 silly placeDep ROOT is-glob@4.0.3 OK for: @parcel/watcher@2.6.0 want: ^4.0.3
2784 silly placeDep node_modules/@parcel/watcher node-addon-api@7.1.1 OK for: @parcel/watcher@2.6.0 want: ^7.0.0
2785 silly fetch manifest is-extglob@^2.1.1
2786 silly packumentCache full:https://registry.npmjs.org/is-extglob cache-miss
2787 http fetch GET 200 https://registry.npmjs.org/is-extglob 190ms (cache miss)
2788 silly packumentCache full:https://registry.npmjs.org/is-extglob set size:undefined disposed:false
2789 silly placeDep ROOT is-extglob@2.1.1 OK for: is-glob@4.0.3 want: ^2.1.1
2790 silly placeDep ROOT xmlchars@2.2.0 OK for: saxes@6.0.0 want: ^2.2.0
2791 silly placeDep ROOT shebang-regex@3.0.0 OK for: shebang-command@2.0.0 want: ^3.0.0
2792 silly placeDep ROOT es-errors@1.3.0 OK for: side-channel@1.1.1 want: ^1.3.0
2793 silly placeDep ROOT object-inspect@1.13.4 OK for: side-channel@1.1.1 want: ^1.13.4
2794 silly placeDep ROOT side-channel-list@1.0.1 OK for: side-channel@1.1.1 want: ^1.0.1
2795 silly placeDep ROOT side-channel-map@1.0.1 OK for: side-channel@1.1.1 want: ^1.0.1
2796 silly placeDep ROOT side-channel-weakmap@1.0.2 OK for: side-channel@1.1.1 want: ^1.0.2
2797 silly fetch manifest call-bound@^1.0.2
2798 silly packumentCache full:https://registry.npmjs.org/call-bound cache-miss
2799 silly fetch manifest get-intrinsic@^1.2.5
2800 silly packumentCache full:https://registry.npmjs.org/get-intrinsic cache-miss
2801 silly fetch manifest call-bound@^1.0.2
2802 silly packumentCache full:https://registry.npmjs.org/call-bound cache-miss
2803 silly fetch manifest get-intrinsic@^1.2.5
2804 silly packumentCache full:https://registry.npmjs.org/get-intrinsic cache-miss
2805 http fetch GET 200 https://registry.npmjs.org/call-bound 179ms (cache miss)
2806 silly packumentCache full:https://registry.npmjs.org/call-bound set size:undefined disposed:false
2807 http fetch GET 200 https://registry.npmjs.org/call-bound 177ms (cache miss)
2808 silly packumentCache full:https://registry.npmjs.org/call-bound set size:undefined disposed:false
2809 http fetch GET 200 https://registry.npmjs.org/get-intrinsic 180ms (cache miss)
2810 silly packumentCache full:https://registry.npmjs.org/get-intrinsic set size:undefined disposed:false
2811 http fetch GET 200 https://registry.npmjs.org/get-intrinsic 184ms (cache miss)
2812 silly packumentCache full:https://registry.npmjs.org/get-intrinsic set size:undefined disposed:false
2813 silly placeDep ROOT call-bound@1.0.4 OK for: side-channel-map@1.0.1 want: ^1.0.2
2814 silly placeDep ROOT get-intrinsic@1.3.0 OK for: side-channel-map@1.0.1 want: ^1.2.5
2815 silly fetch manifest call-bind-apply-helpers@^1.0.2
2816 silly packumentCache full:https://registry.npmjs.org/call-bind-apply-helpers cache-miss
2817 silly fetch manifest get-intrinsic@^1.3.0
2818 silly packumentCache full:https://registry.npmjs.org/get-intrinsic cache-miss
2819 silly fetch manifest gopd@^1.2.0
2820 silly packumentCache full:https://registry.npmjs.org/gopd cache-miss
2821 silly fetch manifest hasown@^2.0.2
2822 silly packumentCache full:https://registry.npmjs.org/hasown cache-miss
2823 silly fetch manifest get-proto@^1.0.1
2824 silly packumentCache full:https://registry.npmjs.org/get-proto cache-miss
2825 silly fetch manifest has-symbols@^1.1.0
2826 silly packumentCache full:https://registry.npmjs.org/has-symbols cache-miss
2827 silly fetch manifest function-bind@^1.1.2
2828 silly packumentCache full:https://registry.npmjs.org/function-bind cache-miss
2829 http cache https://registry.npmjs.org/get-intrinsic 27ms (cache hit)
2830 silly packumentCache full:https://registry.npmjs.org/get-intrinsic set size:60985 disposed:false
2831 silly fetch manifest es-object-atoms@^1.1.1
2832 silly packumentCache full:https://registry.npmjs.org/es-object-atoms cache-miss
2833 http fetch GET 200 https://registry.npmjs.org/call-bind-apply-helpers 50ms (cache miss)
2834 silly packumentCache full:https://registry.npmjs.org/call-bind-apply-helpers set size:undefined disposed:false
2835 silly fetch manifest math-intrinsics@^1.1.0
2836 silly packumentCache full:https://registry.npmjs.org/math-intrinsics cache-miss
2837 http fetch GET 200 https://registry.npmjs.org/function-bind 74ms (cache miss)
2838 silly packumentCache full:https://registry.npmjs.org/function-bind set size:undefined disposed:false
2839 http fetch GET 200 https://registry.npmjs.org/gopd 80ms (cache miss)
2840 silly packumentCache full:https://registry.npmjs.org/gopd set size:undefined disposed:false
2841 http fetch GET 200 https://registry.npmjs.org/hasown 81ms (cache miss)
2842 silly packumentCache full:https://registry.npmjs.org/hasown set size:undefined disposed:false
2843 http fetch GET 200 https://registry.npmjs.org/math-intrinsics 50ms (cache miss)
2844 silly packumentCache full:https://registry.npmjs.org/math-intrinsics set size:undefined disposed:false
2845 http fetch GET 200 https://registry.npmjs.org/has-symbols 176ms (cache miss)
2846 silly packumentCache full:https://registry.npmjs.org/has-symbols set size:undefined disposed:false
2847 http fetch GET 200 https://registry.npmjs.org/get-proto 192ms (cache miss)
2848 silly packumentCache full:https://registry.npmjs.org/get-proto set size:undefined disposed:false
2849 http fetch GET 200 https://registry.npmjs.org/es-object-atoms 180ms (cache miss)
2850 silly packumentCache full:https://registry.npmjs.org/es-object-atoms set size:undefined disposed:false
2851 silly placeDep ROOT call-bind-apply-helpers@1.0.2 OK for: call-bound@1.0.4 want: ^1.0.2
2852 silly placeDep ROOT function-bind@1.1.2 OK for: call-bind-apply-helpers@1.0.2 want: ^1.1.2
2853 silly placeDep ROOT es-object-atoms@1.1.2 OK for: get-intrinsic@1.3.0 want: ^1.1.1
2854 silly placeDep ROOT get-proto@1.0.1 OK for: get-intrinsic@1.3.0 want: ^1.0.1
2855 silly placeDep ROOT gopd@1.2.0 OK for: get-intrinsic@1.3.0 want: ^1.2.0
2856 silly placeDep ROOT has-symbols@1.1.0 OK for: get-intrinsic@1.3.0 want: ^1.1.0
2857 silly placeDep ROOT hasown@2.0.4 OK for: get-intrinsic@1.3.0 want: ^2.0.2
2858 silly placeDep ROOT math-intrinsics@1.1.0 OK for: get-intrinsic@1.3.0 want: ^1.1.0
2859 silly fetch manifest dunder-proto@^1.0.1
2860 silly packumentCache full:https://registry.npmjs.org/dunder-proto cache-miss
2861 http fetch GET 200 https://registry.npmjs.org/dunder-proto 165ms (cache miss)
2862 silly packumentCache full:https://registry.npmjs.org/dunder-proto set size:undefined disposed:false
2863 silly placeDep ROOT dunder-proto@1.0.1 OK for: get-proto@1.0.1 want: ^1.0.1
2864 silly placeDep ROOT @sigstore/bundle@4.0.0 OK for: sigstore@4.1.1 want: ^4.0.0
2865 silly placeDep ROOT @sigstore/core@3.2.1 OK for: sigstore@4.1.1 want: ^3.2.1
2866 silly placeDep ROOT @sigstore/protobuf-specs@0.5.2 OK for: sigstore@4.1.1 want: ^0.5.0
2867 silly placeDep ROOT @sigstore/sign@4.1.1 OK for: sigstore@4.1.1 want: ^4.1.1
2868 silly placeDep ROOT @sigstore/tuf@4.0.2 OK for: sigstore@4.1.1 want: ^4.0.2
2869 silly placeDep ROOT @sigstore/verify@3.1.1 OK for: sigstore@4.1.1 want: ^3.1.1
2870 silly fetch manifest tuf-js@^4.1.0
2871 silly packumentCache full:https://registry.npmjs.org/tuf-js cache-miss
2872 http fetch GET 200 https://registry.npmjs.org/tuf-js 178ms (cache miss)
2873 silly packumentCache full:https://registry.npmjs.org/tuf-js set size:undefined disposed:false
2874 silly placeDep ROOT tuf-js@4.1.0 OK for: @sigstore/tuf@4.0.2 want: ^4.1.0
2875 silly fetch manifest @tufjs/models@4.1.0
2876 silly packumentCache full:https://registry.npmjs.org/@tufjs%2fmodels cache-miss
2877 http fetch GET 200 https://registry.npmjs.org/@tufjs%2fmodels 523ms (cache miss)
2878 silly packumentCache full:https://registry.npmjs.org/@tufjs%2fmodels set size:undefined disposed:false
2879 silly placeDep ROOT ansi-styles@6.2.3 OK for: slice-ansi@8.0.0 want: ^6.2.3
2880 silly placeDep ROOT is-fullwidth-code-point@5.1.0 OK for: slice-ansi@8.0.0 want: ^5.1.0
2881 silly fetch manifest get-east-asian-width@^1.3.1
2882 silly packumentCache full:https://registry.npmjs.org/get-east-asian-width cache-miss
2883 http cache https://registry.npmjs.org/get-east-asian-width 11ms (cache hit)
2884 silly packumentCache full:https://registry.npmjs.org/get-east-asian-width set size:22908 disposed:false
2885 silly placeDep ROOT get-east-asian-width@1.7.0 OK for: is-fullwidth-code-point@5.1.0 want: ^1.3.1
2886 silly placeDep ROOT socks@2.8.10 OK for: socks-proxy-agent@8.0.5 want: ^2.8.3
2887 silly fetch manifest smart-buffer@^4.2.0
2888 silly packumentCache full:https://registry.npmjs.org/smart-buffer cache-miss
2889 http fetch GET 200 https://registry.npmjs.org/smart-buffer 176ms (cache miss)
2890 silly packumentCache full:https://registry.npmjs.org/smart-buffer set size:undefined disposed:false
2891 silly placeDep ROOT smart-buffer@4.2.0 OK for: socks@2.8.10 want: ^4.2.0
2892 silly placeDep ROOT buffer-from@1.1.2 OK for: source-map-support@0.5.21 want: ^1.0.0
2893 silly placeDep node_modules/source-map-support source-map@0.6.1 OK for: source-map-support@0.5.21 want: ^0.6.0
2894 silly placeDep ROOT spdx-exceptions@2.5.0 OK for: spdx-expression-parse@4.0.0 want: ^2.1.0
2895 silly placeDep ROOT spdx-license-ids@3.0.24 OK for: spdx-expression-parse@4.0.0 want: ^3.0.0
2896 silly placeDep ROOT ansi-regex@6.3.0 OK for: strip-ansi@7.2.0 want: ^6.2.2
2897 silly placeDep ROOT @isaacs/fs-minipass@4.0.1 OK for: tar@7.5.22 want: ^4.0.0
2898 silly placeDep ROOT chownr@3.0.0 OK for: tar@7.5.22 want: ^3.0.0
2899 silly placeDep node_modules/tar yallist@5.0.0 OK for: tar@7.5.22 want: ^5.0.0
2900 silly placeDep ROOT fdir@6.5.0 OK for: tinyglobby@0.2.15 want: ^6.5.0
2901 silly placeDep ROOT tldts@7.4.13 OK for: tough-cookie@6.0.2 want: ^7.0.5
2902 silly fetch manifest tldts-core@^7.4.13
2903 silly packumentCache full:https://registry.npmjs.org/tldts-core cache-miss
2904 http fetch GET 200 https://registry.npmjs.org/tldts-core 246ms (cache miss)
2905 silly packumentCache full:https://registry.npmjs.org/tldts-core set size:undefined disposed:false
2906 silly placeDep ROOT tldts-core@7.4.13 OK for: tldts@7.4.13 want: ^7.4.13
2907 silly placeDep ROOT @tufjs/models@4.1.0 OK for: tuf-js@4.1.0 want: 4.1.0
2908 silly fetch manifest @tufjs/canonical-json@2.0.0
2909 silly packumentCache full:https://registry.npmjs.org/@tufjs%2fcanonical-json cache-miss
2910 http fetch GET 200 https://registry.npmjs.org/@tufjs%2fcanonical-json 420ms (cache miss)
2911 silly packumentCache full:https://registry.npmjs.org/@tufjs%2fcanonical-json set size:undefined disposed:false
2912 silly placeDep ROOT @tufjs/canonical-json@2.0.0 OK for: @tufjs/models@4.1.0 want: 2.0.0
2913 silly placeDep node_modules/type-is content-type@2.1.0 OK for: type-is@2.1.0 want: ^2.0.0
2914 silly placeDep ROOT media-typer@1.1.1 OK for: type-is@2.1.0 want: ^1.1.0
2915 silly placeDep ROOT escalade@3.2.0 OK for: update-browserslist-db@1.3.3 want: ^3.2.0
2916 silly placeDep ROOT fsevents@2.3.3 OK for: vite@7.3.6 want: ~2.3.3
2917 silly placeDep ROOT rollup@4.63.3 OK for: vite@7.3.6 want: ^4.43.0
2918 silly fetch manifest @types/estree@1.0.9
2919 silly packumentCache full:https://registry.npmjs.org/@types%2festree cache-miss
2920 silly fetch manifest @rollup/rollup-darwin-x64@4.63.3
2921 silly packumentCache full:https://registry.npmjs.org/@rollup%2frollup-darwin-x64 cache-miss
2922 silly fetch manifest @rollup/rollup-freebsd-x64@4.63.3
2923 silly packumentCache full:https://registry.npmjs.org/@rollup%2frollup-freebsd-x64 cache-miss
2924 silly fetch manifest @rollup/rollup-openbsd-x64@4.63.3
2925 silly packumentCache full:https://registry.npmjs.org/@rollup%2frollup-openbsd-x64 cache-miss
2926 silly fetch manifest @napi-rs/lzma-linux-x64-gnu@1.5.1
2927 silly packumentCache full:https://registry.npmjs.org/@napi-rs%2flzma-linux-x64-gnu cache-miss
2928 silly fetch manifest @rollup/rollup-darwin-arm64@4.63.3
2929 silly packumentCache full:https://registry.npmjs.org/@rollup%2frollup-darwin-arm64 cache-miss
2930 silly fetch manifest @rollup/rollup-android-arm64@4.63.3
2931 silly packumentCache full:https://registry.npmjs.org/@rollup%2frollup-android-arm64 cache-miss
2932 http fetch GET 200 https://registry.npmjs.org/@types%2festree 325ms (cache miss)
2933 silly packumentCache full:https://registry.npmjs.org/@types%2festree set size:undefined disposed:false
2934 silly fetch manifest @rollup/rollup-freebsd-arm64@4.63.3
2935 silly packumentCache full:https://registry.npmjs.org/@rollup%2frollup-freebsd-arm64 cache-miss
2936 http fetch GET 200 https://registry.npmjs.org/@rollup%2frollup-android-arm64 422ms (cache miss)
2937 silly packumentCache full:https://registry.npmjs.org/@rollup%2frollup-android-arm64 set size:undefined disposed:false
2938 silly fetch manifest @rollup/rollup-linux-x64-gnu@4.63.3
2939 silly packumentCache full:https://registry.npmjs.org/@rollup%2frollup-linux-x64-gnu cache-miss
2940 http fetch GET 200 https://registry.npmjs.org/@rollup%2frollup-darwin-arm64 446ms (cache miss)
2941 silly packumentCache full:https://registry.npmjs.org/@rollup%2frollup-darwin-arm64 set size:undefined disposed:false
2942 silly fetch manifest @rollup/rollup-win32-x64-gnu@4.63.3
2943 silly packumentCache full:https://registry.npmjs.org/@rollup%2frollup-win32-x64-gnu cache-miss
2944 http fetch GET 200 https://registry.npmjs.org/@napi-rs%2flzma-linux-x64-gnu 473ms (cache miss)
2945 silly packumentCache full:https://registry.npmjs.org/@napi-rs%2flzma-linux-x64-gnu set size:undefined disposed:false
2946 silly fetch manifest @rollup/rollup-linux-x64-musl@4.63.3
2947 silly packumentCache full:https://registry.npmjs.org/@rollup%2frollup-linux-x64-musl cache-miss
2948 http fetch GET 200 https://registry.npmjs.org/@rollup%2frollup-openbsd-x64 516ms (cache miss)
2949 silly packumentCache full:https://registry.npmjs.org/@rollup%2frollup-openbsd-x64 set size:undefined disposed:false
2950 silly fetch manifest @rollup/rollup-win32-x64-msvc@4.63.3
2951 silly packumentCache full:https://registry.npmjs.org/@rollup%2frollup-win32-x64-msvc cache-miss
2952 http fetch GET 200 https://registry.npmjs.org/@rollup%2frollup-darwin-x64 537ms (cache miss)
2953 silly packumentCache full:https://registry.npmjs.org/@rollup%2frollup-darwin-x64 set size:undefined disposed:false
2954 silly fetch manifest @rollup/rollup-linux-arm64-gnu@4.63.3
2955 silly packumentCache full:https://registry.npmjs.org/@rollup%2frollup-linux-arm64-gnu cache-miss
2956 http fetch GET 200 https://registry.npmjs.org/@rollup%2frollup-freebsd-x64 550ms (cache miss)
2957 silly packumentCache full:https://registry.npmjs.org/@rollup%2frollup-freebsd-x64 set size:undefined disposed:false
2958 silly fetch manifest @rollup/rollup-linux-ppc64-gnu@4.63.3
2959 silly packumentCache full:https://registry.npmjs.org/@rollup%2frollup-linux-ppc64-gnu cache-miss
2960 http fetch GET 200 https://registry.npmjs.org/@rollup%2frollup-freebsd-arm64 498ms (cache miss)
2961 silly packumentCache full:https://registry.npmjs.org/@rollup%2frollup-freebsd-arm64 set size:undefined disposed:false
2962 silly fetch manifest @rollup/rollup-linux-s390x-gnu@4.63.3
2963 silly packumentCache full:https://registry.npmjs.org/@rollup%2frollup-linux-s390x-gnu cache-miss
2964 http fetch GET 200 https://registry.npmjs.org/@rollup%2frollup-linux-x64-gnu 414ms (cache miss)
2965 silly packumentCache full:https://registry.npmjs.org/@rollup%2frollup-linux-x64-gnu set size:undefined disposed:false
2966 silly fetch manifest @rollup/rollup-win32-ia32-msvc@4.63.3
2967 silly packumentCache full:https://registry.npmjs.org/@rollup%2frollup-win32-ia32-msvc cache-miss
2968 http fetch GET 200 https://registry.npmjs.org/@rollup%2frollup-win32-x64-gnu 413ms (cache miss)
2969 silly packumentCache full:https://registry.npmjs.org/@rollup%2frollup-win32-x64-gnu set size:undefined disposed:false
2970 silly fetch manifest @rollup/rollup-android-arm-eabi@4.63.3
2971 silly packumentCache full:https://registry.npmjs.org/@rollup%2frollup-android-arm-eabi cache-miss
2972 http fetch GET 200 https://registry.npmjs.org/@rollup%2frollup-linux-x64-musl 428ms (cache miss)
2973 silly packumentCache full:https://registry.npmjs.org/@rollup%2frollup-linux-x64-musl set size:undefined disposed:false
2974 silly fetch manifest @rollup/rollup-linux-arm64-musl@4.63.3
2975 silly packumentCache full:https://registry.npmjs.org/@rollup%2frollup-linux-arm64-musl cache-miss
2976 http fetch GET 200 https://registry.npmjs.org/@rollup%2frollup-win32-x64-msvc 420ms (cache miss)
2977 silly packumentCache full:https://registry.npmjs.org/@rollup%2frollup-win32-x64-msvc set size:undefined disposed:false
2978 silly fetch manifest @rollup/rollup-linux-ppc64-musl@4.63.3
2979 silly packumentCache full:https://registry.npmjs.org/@rollup%2frollup-linux-ppc64-musl cache-miss
2980 http fetch GET 200 https://registry.npmjs.org/@rollup%2frollup-linux-ppc64-gnu 420ms (cache miss)
2981 silly packumentCache full:https://registry.npmjs.org/@rollup%2frollup-linux-ppc64-gnu set size:undefined disposed:false
2982 silly fetch manifest @rollup/rollup-win32-arm64-msvc@4.63.3
2983 silly packumentCache full:https://registry.npmjs.org/@rollup%2frollup-win32-arm64-msvc cache-miss
2984 http fetch GET 200 https://registry.npmjs.org/@rollup%2frollup-linux-arm64-gnu 511ms (cache miss)
2985 silly packumentCache full:https://registry.npmjs.org/@rollup%2frollup-linux-arm64-gnu set size:undefined disposed:false
2986 silly fetch manifest @rollup/rollup-linux-loong64-gnu@4.63.3
2987 silly packumentCache full:https://registry.npmjs.org/@rollup%2frollup-linux-loong64-gnu cache-miss
2988 http fetch GET 200 https://registry.npmjs.org/@rollup%2frollup-android-arm-eabi 437ms (cache miss)
2989 silly packumentCache full:https://registry.npmjs.org/@rollup%2frollup-android-arm-eabi set size:undefined disposed:false
2990 silly fetch manifest @rollup/rollup-linux-riscv64-gnu@4.63.3
2991 silly packumentCache full:https://registry.npmjs.org/@rollup%2frollup-linux-riscv64-gnu cache-miss
2992 http fetch GET 200 https://registry.npmjs.org/@rollup%2frollup-linux-s390x-gnu 516ms (cache miss)
2993 silly packumentCache full:https://registry.npmjs.org/@rollup%2frollup-linux-s390x-gnu set size:undefined disposed:false
2994 silly fetch manifest @rollup/rollup-openharmony-arm64@4.63.3
2995 silly packumentCache full:https://registry.npmjs.org/@rollup%2frollup-openharmony-arm64 cache-miss
2996 http fetch GET 200 https://registry.npmjs.org/@rollup%2frollup-linux-arm64-musl 450ms (cache miss)
2997 silly packumentCache full:https://registry.npmjs.org/@rollup%2frollup-linux-arm64-musl set size:undefined disposed:false
2998 silly fetch manifest @rollup/rollup-linux-loong64-musl@4.63.3
2999 silly packumentCache full:https://registry.npmjs.org/@rollup%2frollup-linux-loong64-musl cache-miss
3000 http fetch GET 200 https://registry.npmjs.org/@rollup%2frollup-linux-ppc64-musl 443ms (cache miss)
3001 silly packumentCache full:https://registry.npmjs.org/@rollup%2frollup-linux-ppc64-musl set size:undefined disposed:false
3002 silly fetch manifest @rollup/rollup-linux-riscv64-musl@4.63.3
3003 silly packumentCache full:https://registry.npmjs.org/@rollup%2frollup-linux-riscv64-musl cache-miss
3004 http fetch GET 200 https://registry.npmjs.org/@rollup%2frollup-win32-ia32-msvc 560ms (cache miss)
3005 silly packumentCache full:https://registry.npmjs.org/@rollup%2frollup-win32-ia32-msvc set size:undefined disposed:false
3006 silly fetch manifest @rollup/rollup-linux-arm-gnueabihf@4.63.3
3007 silly packumentCache full:https://registry.npmjs.org/@rollup%2frollup-linux-arm-gnueabihf cache-miss
3008 http fetch GET 200 https://registry.npmjs.org/@rollup%2frollup-win32-arm64-msvc 456ms (cache miss)
3009 silly packumentCache full:https://registry.npmjs.org/@rollup%2frollup-win32-arm64-msvc set size:undefined disposed:false
3010 silly fetch manifest @rollup/rollup-linux-arm-musleabihf@4.63.3
3011 silly packumentCache full:https://registry.npmjs.org/@rollup%2frollup-linux-arm-musleabihf cache-miss
3012 http fetch GET 200 https://registry.npmjs.org/@rollup%2frollup-linux-loong64-gnu 497ms (cache miss)
3013 silly packumentCache full:https://registry.npmjs.org/@rollup%2frollup-linux-loong64-gnu set size:undefined disposed:false
3014 http fetch GET 200 https://registry.npmjs.org/@rollup%2frollup-openharmony-arm64 410ms (cache miss)
3015 silly packumentCache full:https://registry.npmjs.org/@rollup%2frollup-openharmony-arm64 set size:undefined disposed:false
3016 http fetch GET 200 https://registry.npmjs.org/@rollup%2frollup-linux-loong64-musl 403ms (cache miss)
3017 silly packumentCache full:https://registry.npmjs.org/@rollup%2frollup-linux-loong64-musl set size:undefined disposed:false
3018 http fetch GET 200 https://registry.npmjs.org/@rollup%2frollup-linux-riscv64-gnu 534ms (cache miss)
3019 silly packumentCache full:https://registry.npmjs.org/@rollup%2frollup-linux-riscv64-gnu set size:undefined disposed:false
3020 http fetch GET 200 https://registry.npmjs.org/@rollup%2frollup-linux-arm-gnueabihf 450ms (cache miss)
3021 silly packumentCache full:https://registry.npmjs.org/@rollup%2frollup-linux-arm-gnueabihf set size:undefined disposed:false
3022 http fetch GET 200 https://registry.npmjs.org/@rollup%2frollup-linux-arm-musleabihf 439ms (cache miss)
3023 silly packumentCache full:https://registry.npmjs.org/@rollup%2frollup-linux-arm-musleabihf set size:undefined disposed:false
3024 http fetch GET 200 https://registry.npmjs.org/@rollup%2frollup-linux-riscv64-musl 539ms (cache miss)
3025 silly packumentCache full:https://registry.npmjs.org/@rollup%2frollup-linux-riscv64-musl set size:undefined disposed:false
3026 silly placeDep ROOT @napi-rs/lzma-linux-x64-gnu@1.5.1 OK for: rollup@4.63.3 want: 1.5.1
3027 silly placeDep ROOT @rollup/rollup-android-arm-eabi@4.63.3 OK for: rollup@4.63.3 want: 4.63.3
3028 silly placeDep ROOT @rollup/rollup-android-arm64@4.63.3 OK for: rollup@4.63.3 want: 4.63.3
3029 silly placeDep ROOT @rollup/rollup-darwin-arm64@4.63.3 OK for: rollup@4.63.3 want: 4.63.3
3030 silly placeDep ROOT @rollup/rollup-darwin-x64@4.63.3 OK for: rollup@4.63.3 want: 4.63.3
3031 silly placeDep ROOT @rollup/rollup-freebsd-arm64@4.63.3 OK for: rollup@4.63.3 want: 4.63.3
3032 silly placeDep ROOT @rollup/rollup-freebsd-x64@4.63.3 OK for: rollup@4.63.3 want: 4.63.3
3033 silly placeDep ROOT @rollup/rollup-linux-arm-gnueabihf@4.63.3 OK for: rollup@4.63.3 want: 4.63.3
3034 silly placeDep ROOT @rollup/rollup-linux-arm-musleabihf@4.63.3 OK for: rollup@4.63.3 want: 4.63.3
3035 silly placeDep ROOT @rollup/rollup-linux-arm64-gnu@4.63.3 OK for: rollup@4.63.3 want: 4.63.3
3036 silly placeDep ROOT @rollup/rollup-linux-arm64-musl@4.63.3 OK for: rollup@4.63.3 want: 4.63.3
3037 silly placeDep ROOT @rollup/rollup-linux-loong64-gnu@4.63.3 OK for: rollup@4.63.3 want: 4.63.3
3038 silly placeDep ROOT @rollup/rollup-linux-loong64-musl@4.63.3 OK for: rollup@4.63.3 want: 4.63.3
3039 silly placeDep ROOT @rollup/rollup-linux-ppc64-gnu@4.63.3 OK for: rollup@4.63.3 want: 4.63.3
3040 silly placeDep ROOT @rollup/rollup-linux-ppc64-musl@4.63.3 OK for: rollup@4.63.3 want: 4.63.3
3041 silly placeDep ROOT @rollup/rollup-linux-riscv64-gnu@4.63.3 OK for: rollup@4.63.3 want: 4.63.3
3042 silly placeDep ROOT @rollup/rollup-linux-riscv64-musl@4.63.3 OK for: rollup@4.63.3 want: 4.63.3
3043 silly placeDep ROOT @rollup/rollup-linux-s390x-gnu@4.63.3 OK for: rollup@4.63.3 want: 4.63.3
3044 silly placeDep ROOT @rollup/rollup-linux-x64-gnu@4.63.3 OK for: rollup@4.63.3 want: 4.63.3
3045 silly placeDep ROOT @rollup/rollup-linux-x64-musl@4.63.3 OK for: rollup@4.63.3 want: 4.63.3
3046 silly placeDep ROOT @rollup/rollup-openbsd-x64@4.63.3 OK for: rollup@4.63.3 want: 4.63.3
3047 silly placeDep ROOT @rollup/rollup-openharmony-arm64@4.63.3 OK for: rollup@4.63.3 want: 4.63.3
3048 silly placeDep ROOT @rollup/rollup-win32-arm64-msvc@4.63.3 OK for: rollup@4.63.3 want: 4.63.3
3049 silly placeDep ROOT @rollup/rollup-win32-ia32-msvc@4.63.3 OK for: rollup@4.63.3 want: 4.63.3
3050 silly placeDep ROOT @rollup/rollup-win32-x64-gnu@4.63.3 OK for: rollup@4.63.3 want: 4.63.3
3051 silly placeDep ROOT @rollup/rollup-win32-x64-msvc@4.63.3 OK for: rollup@4.63.3 want: 4.63.3
3052 silly placeDep ROOT @types/estree@1.0.9 OK for: rollup@4.63.3 want: 1.0.9
3053 silly fetch manifest msw@^2.4.9
3054 silly packumentCache full:https://registry.npmjs.org/msw cache-miss
3055 http fetch GET 200 https://registry.npmjs.org/msw 231ms (cache miss)
3056 silly packumentCache full:https://registry.npmjs.org/msw set size:undefined disposed:false
3057 silly fetch manifest typescript@>= 4.8.x
3058 silly packumentCache full:https://registry.npmjs.org/typescript cache-miss
3059 http cache https://registry.npmjs.org/typescript 110ms (cache hit)
3060 silly packumentCache full:https://registry.npmjs.org/typescript set size:15681400 disposed:false
3061 silly fetch manifest @vitejs/devtools@^0.7.1
3062 silly packumentCache full:https://registry.npmjs.org/@vitejs%2fdevtools cache-miss
3063 http fetch GET 200 https://registry.npmjs.org/@vitejs%2fdevtools 487ms (cache miss)
3064 silly packumentCache full:https://registry.npmjs.org/@vitejs%2fdevtools set size:undefined disposed:false
3065 silly fetch manifest @vitejs/devtools-oxc@^0.7.5
3066 silly packumentCache full:https://registry.npmjs.org/@vitejs%2fdevtools-oxc cache-miss
3067 http fetch GET 200 https://registry.npmjs.org/@vitejs%2fdevtools-oxc 411ms (cache miss)
3068 silly packumentCache full:https://registry.npmjs.org/@vitejs%2fdevtools-oxc set size:undefined disposed:false
3069 silly fetch manifest @vitejs/devtools-rolldown@^0.7.5
3070 silly packumentCache full:https://registry.npmjs.org/@vitejs%2fdevtools-rolldown cache-miss
3071 http fetch GET 200 https://registry.npmjs.org/@vitejs%2fdevtools-rolldown 436ms (cache miss)
3072 silly packumentCache full:https://registry.npmjs.org/@vitejs%2fdevtools-rolldown set size:undefined disposed:false
3073 silly fetch manifest @vitejs/devtools-vite@^0.7.5
3074 silly packumentCache full:https://registry.npmjs.org/@vitejs%2fdevtools-vite cache-miss
3075 http fetch GET 200 https://registry.npmjs.org/@vitejs%2fdevtools-vite 423ms (cache miss)
3076 silly packumentCache full:https://registry.npmjs.org/@vitejs%2fdevtools-vite set size:undefined disposed:false
3077 silly fetch manifest @vitejs/devtools-vitest@^0.7.5
3078 silly packumentCache full:https://registry.npmjs.org/@vitejs%2fdevtools-vitest cache-miss
3079 http fetch GET 200 https://registry.npmjs.org/@vitejs%2fdevtools-vitest 412ms (cache miss)
3080 silly packumentCache full:https://registry.npmjs.org/@vitejs%2fdevtools-vitest set size:undefined disposed:false
3081 silly fetch manifest vitest@*
3082 silly packumentCache full:https://registry.npmjs.org/vitest cache-miss
3083 http cache https://registry.npmjs.org/vitest 27ms (cache hit)
3084 silly packumentCache full:https://registry.npmjs.org/vitest set size:2263798 disposed:false
3085 silly fetch manifest @vitest/browser-playwright@5.0.1
3086 silly packumentCache full:https://registry.npmjs.org/@vitest%2fbrowser-playwright cache-miss
3087 http cache https://registry.npmjs.org/@vitest%2fbrowser-playwright 21ms (cache hit)
3088 silly packumentCache full:https://registry.npmjs.org/@vitest%2fbrowser-playwright set size:157672 disposed:false
3089 silly fetch manifest vitest@4.1.11
3090 silly packumentCache full:https://registry.npmjs.org/vitest cache-miss
3091 http cache https://registry.npmjs.org/vitest 26ms (cache hit)
3092 silly packumentCache full:https://registry.npmjs.org/vitest set size:2263798 disposed:false
3093 silly fetch manifest jsdom@*
3094 silly packumentCache full:https://registry.npmjs.org/jsdom cache-miss
3095 http cache https://registry.npmjs.org/jsdom 25ms (cache hit)
3096 silly packumentCache full:https://registry.npmjs.org/jsdom set size:1079166 disposed:false
3097 silly fetch manifest less@^4.0.0
3098 silly packumentCache full:https://registry.npmjs.org/less cache-miss
3099 http cache https://registry.npmjs.org/less 20ms (cache hit)
3100 silly packumentCache full:https://registry.npmjs.org/less set size:544331 disposed:false
3101 silly fetch manifest sass@^1.70.0
3102 silly packumentCache full:https://registry.npmjs.org/sass cache-miss
3103 http cache https://registry.npmjs.org/sass 104ms (cache hit)
3104 silly packumentCache full:https://registry.npmjs.org/sass set size:752288 disposed:false
3105 silly fetch manifest postcss@^8.3.3
3106 silly packumentCache full:https://registry.npmjs.org/postcss cache-hit
3107 silly placeDep ROOT @vitest/expect@4.1.11 OK for: vitest@4.1.11 want: 4.1.11
3108 silly placeDep ROOT @vitest/mocker@4.1.11 OK for: vitest@4.1.11 want: 4.1.11
3109 silly placeDep ROOT @vitest/pretty-format@4.1.11 OK for: vitest@4.1.11 want: 4.1.11
3110 silly placeDep ROOT @vitest/runner@4.1.11 OK for: vitest@4.1.11 want: 4.1.11
3111 silly placeDep ROOT @vitest/snapshot@4.1.11 OK for: vitest@4.1.11 want: 4.1.11
3112 silly placeDep ROOT @vitest/spy@4.1.11 OK for: vitest@4.1.11 want: 4.1.11
3113 silly placeDep ROOT @vitest/utils@4.1.11 OK for: vitest@4.1.11 want: 4.1.11
3114 silly placeDep ROOT es-module-lexer@2.3.2 OK for: vitest@4.1.11 want: ^2.0.0
3115 silly placeDep ROOT expect-type@1.4.0 OK for: vitest@4.1.11 want: ^1.3.0
3116 silly placeDep ROOT obug@2.2.1 OK for: vitest@4.1.11 want: ^2.1.1
3117 silly placeDep ROOT pathe@2.0.3 OK for: vitest@4.1.11 want: ^2.0.3
3118 silly placeDep ROOT std-env@4.2.0 OK for: vitest@4.1.11 want: ^4.0.0-rc.1
3119 silly placeDep ROOT tinybench@2.9.0 OK for: vitest@4.1.11 want: ^2.9.0
3120 silly placeDep ROOT tinyexec@1.3.1 OK for: vitest@4.1.11 want: ^1.0.2
3121 silly placeDep ROOT tinyrainbow@3.1.1 OK for: vitest@4.1.11 want: ^3.1.0
3122 silly placeDep ROOT why-is-node-running@2.3.0 OK for: vitest@4.1.11 want: ^2.3.0
3123 silly fetch manifest chai@^6.2.2
3124 silly packumentCache full:https://registry.npmjs.org/chai cache-miss
3125 silly fetch manifest @types/chai@^5.2.2
3126 silly packumentCache full:https://registry.npmjs.org/@types%2fchai cache-miss
3127 silly fetch manifest estree-walker@^3.0.3
3128 silly packumentCache full:https://registry.npmjs.org/estree-walker cache-miss
3129 silly fetch manifest siginfo@^2.0.0
3130 silly packumentCache full:https://registry.npmjs.org/siginfo cache-miss
3131 silly fetch manifest stackback@0.0.2
3132 silly packumentCache full:https://registry.npmjs.org/stackback cache-miss
3133 http fetch GET 200 https://registry.npmjs.org/siginfo 178ms (cache miss)
3134 silly packumentCache full:https://registry.npmjs.org/siginfo set size:undefined disposed:false
3135 http fetch GET 200 https://registry.npmjs.org/estree-walker 194ms (cache miss)
3136 silly packumentCache full:https://registry.npmjs.org/estree-walker set size:undefined disposed:false
3137 http fetch GET 200 https://registry.npmjs.org/chai 206ms (cache miss)
3138 silly packumentCache full:https://registry.npmjs.org/chai set size:undefined disposed:false
3139 http fetch GET 200 https://registry.npmjs.org/stackback 203ms (cache miss)
3140 silly packumentCache full:https://registry.npmjs.org/stackback set size:undefined disposed:false
3141 http fetch GET 200 https://registry.npmjs.org/@types%2fchai 334ms (cache miss)
3142 silly packumentCache full:https://registry.npmjs.org/@types%2fchai set size:undefined disposed:false
3143 silly placeDep ROOT @types/chai@5.2.3 OK for: @vitest/expect@4.1.11 want: ^5.2.2
3144 silly placeDep ROOT chai@6.2.2 OK for: @vitest/expect@4.1.11 want: ^6.2.2
3145 silly fetch manifest @types/deep-eql@*
3146 silly packumentCache full:https://registry.npmjs.org/@types%2fdeep-eql cache-miss
3147 silly fetch manifest assertion-error@^2.0.1
3148 silly packumentCache full:https://registry.npmjs.org/assertion-error cache-miss
3149 http fetch GET 200 https://registry.npmjs.org/assertion-error 177ms (cache miss)
3150 silly packumentCache full:https://registry.npmjs.org/assertion-error set size:undefined disposed:false
3151 http fetch GET 200 https://registry.npmjs.org/@types%2fdeep-eql 302ms (cache miss)
3152 silly packumentCache full:https://registry.npmjs.org/@types%2fdeep-eql set size:undefined disposed:false
3153 silly placeDep ROOT @types/deep-eql@4.0.2 OK for: @types/chai@5.2.3 want: *
3154 silly placeDep ROOT assertion-error@2.0.1 OK for: @types/chai@5.2.3 want: ^2.0.1
3155 silly placeDep ROOT estree-walker@3.0.3 OK for: @vitest/mocker@4.1.11 want: ^3.0.3
3156 silly placeDep node_modules/@vitest/utils convert-source-map@2.0.0 OK for: @vitest/utils@4.1.11 want: ^2.0.0
3157 silly placeDep ROOT glob-to-regexp@0.4.1 OK for: watchpack@2.5.1 want: ^0.4.1
3158 silly placeDep ROOT tr46@6.0.0 OK for: whatwg-url@15.1.0 want: ^6.0.0
3159 silly fetch manifest punycode@^2.3.1
3160 silly packumentCache full:https://registry.npmjs.org/punycode cache-miss
3161 http fetch GET 200 https://registry.npmjs.org/punycode 178ms (cache miss)
3162 silly packumentCache full:https://registry.npmjs.org/punycode set size:undefined disposed:false
3163 silly placeDep ROOT punycode@2.3.1 OK for: tr46@6.0.0 want: ^2.3.1
3164 silly placeDep ROOT isexe@2.0.0 OK for: which@2.0.2 want: ^2.0.0
3165 silly placeDep ROOT siginfo@2.0.0 OK for: why-is-node-running@2.3.0 want: ^2.0.0
3166 silly placeDep ROOT stackback@0.0.2 OK for: why-is-node-running@2.3.0 want: 0.0.2
3167 silly placeDep node_modules/wrap-ansi ansi-styles@4.3.0 OK for: wrap-ansi@6.2.0 want: ^4.0.0
3168 silly placeDep node_modules/wrap-ansi string-width@4.2.3 OK for: wrap-ansi@6.2.0 want: ^4.1.0
3169 silly placeDep node_modules/wrap-ansi strip-ansi@6.0.1 OK for: wrap-ansi@6.2.0 want: ^6.0.0
3170 silly fetch manifest color-convert@^2.0.1
3171 silly packumentCache full:https://registry.npmjs.org/color-convert cache-miss
3172 silly fetch manifest strip-ansi@^6.0.1
3173 silly packumentCache full:https://registry.npmjs.org/strip-ansi cache-hit
3174 silly fetch manifest emoji-regex@^8.0.0
3175 silly packumentCache full:https://registry.npmjs.org/emoji-regex cache-miss
3176 silly fetch manifest is-fullwidth-code-point@^3.0.0
3177 silly packumentCache full:https://registry.npmjs.org/is-fullwidth-code-point cache-hit
3178 silly fetch manifest ansi-regex@^5.0.1
3179 silly packumentCache full:https://registry.npmjs.org/ansi-regex cache-miss
3180 http cache https://registry.npmjs.org/ansi-regex 22ms (cache hit)
3181 silly packumentCache full:https://registry.npmjs.org/ansi-regex set size:48203 disposed:false
3182 http fetch GET 200 https://registry.npmjs.org/color-convert 40ms (cache miss)
3183 silly packumentCache full:https://registry.npmjs.org/color-convert set size:undefined disposed:false
3184 http fetch GET 200 https://registry.npmjs.org/emoji-regex 180ms (cache miss)
3185 silly packumentCache full:https://registry.npmjs.org/emoji-regex set size:undefined disposed:false
3186 silly placeDep ROOT cliui@9.0.1 OK for: yargs@18.0.0 want: ^9.0.1
3187 silly placeDep ROOT get-caller-file@2.0.5 OK for: yargs@18.0.0 want: ^2.0.5
3188 silly placeDep node_modules/yargs string-width@7.2.0 OK for: yargs@18.0.0 want: ^7.2.0
3189 silly placeDep ROOT y18n@5.0.8 OK for: yargs@18.0.0 want: ^5.0.5
3190 silly placeDep ROOT yargs-parser@22.0.0 OK for: yargs@18.0.0 want: ^22.0.0
3191 silly fetch manifest emoji-regex@^10.3.0
3192 silly packumentCache full:https://registry.npmjs.org/emoji-regex cache-miss
3193 http cache https://registry.npmjs.org/emoji-regex 24ms (cache hit)
3194 silly packumentCache full:https://registry.npmjs.org/emoji-regex set size:91540 disposed:false
3195 silly placeDep node_modules/cliui string-width@7.2.0 OK for: cliui@9.0.1 want: ^7.2.0
3196 silly placeDep node_modules/cliui wrap-ansi@9.0.2 OK for: cliui@9.0.1 want: ^9.0.0
3197 silly placeDep node_modules/@npmcli/git isexe@4.0.0 OK for: which@6.0.1 want: ^4.0.0
3198 silly placeDep node_modules/@npmcli/promise-spawn isexe@4.0.0 OK for: which@6.0.1 want: ^4.0.0
3199 silly placeDep ROOT emoji-regex@10.6.0 OK for: string-width@7.2.0 want: ^10.3.0
3200 silly placeDep node_modules/listr2 string-width@7.2.0 OK for: wrap-ansi@9.0.2 want: ^7.0.0
3201 silly placeDep node_modules/log-update string-width@7.2.0 OK for: wrap-ansi@9.0.2 want: ^7.0.0
3202 silly placeDep node_modules/minipass-flush yallist@4.0.0 OK for: minipass@3.3.6 want: ^4.0.0
3203 silly placeDep node_modules/minipass-pipeline yallist@4.0.0 OK for: minipass@3.3.6 want: ^4.0.0
3204 silly placeDep node_modules/node-gyp isexe@4.0.0 OK for: which@6.0.1 want: ^4.0.0
3205 silly placeDep node_modules/sass readdirp@4.1.2 OK for: chokidar@4.0.3 want: ^4.0.1
3206 silly placeDep ROOT color-convert@2.0.1 OK for: ansi-styles@4.3.0 want: ^2.0.1
3207 silly fetch manifest color-name@~1.1.4
3208 silly packumentCache full:https://registry.npmjs.org/color-name cache-miss
3209 http fetch GET 200 https://registry.npmjs.org/color-name 33ms (cache miss)
3210 silly packumentCache full:https://registry.npmjs.org/color-name set size:undefined disposed:false
3211 silly placeDep ROOT color-name@1.1.4 OK for: color-convert@2.0.1 want: ~1.1.4
3212 silly placeDep node_modules/wrap-ansi emoji-regex@8.0.0 OK for: string-width@4.2.3 want: ^8.0.0
3213 silly placeDep node_modules/wrap-ansi is-fullwidth-code-point@3.0.0 OK for: string-width@4.2.3 want: ^3.0.0
3214 silly placeDep node_modules/wrap-ansi ansi-regex@5.0.1 OK for: strip-ansi@6.0.1 want: ^5.0.1
3215 silly reify moves {}
3216 silly audit bulk request {
3216 silly audit   '@angular/build': [ '21.2.24' ],
3216 silly audit   tslib: [ '2.8.1' ],
3216 silly audit   typescript: [ '5.9.3' ],
3216 silly audit   '@angular/compiler': [ '21.2.23' ],
3216 silly audit   '@angular/compiler-cli': [ '21.2.23' ],
3216 silly audit   '@angular/cli': [ '21.2.24' ],
3216 silly audit   '@angular/common': [ '21.2.23' ],
3216 silly audit   rxjs: [ '7.8.2' ],
3216 silly audit   '@angular/core': [ '21.2.23' ],
3216 silly audit   '@angular/forms': [ '21.2.23' ],
3216 silly audit   '@angular/platform-browser': [ '21.2.23' ],
3216 silly audit   '@angular/router': [ '21.2.23' ],
3216 silly audit   jsdom: [ '27.4.0' ],
3216 silly audit   vitest: [ '4.1.11' ],
3216 silly audit   '@ampproject/remapping': [ '2.3.0' ],
3216 silly audit   '@angular-devkit/architect': [ '0.2102.24' ],
3216 silly audit   '@babel/core': [ '7.29.7' ],
3216 silly audit   '@babel/helper-annotate-as-pure': [ '7.27.3' ],
3216 silly audit   '@babel/helper-split-export-declaration': [ '7.24.7' ],
3216 silly audit   '@inquirer/confirm': [ '5.1.21' ],
3216 silly audit   '@vitejs/plugin-basic-ssl': [ '2.1.4' ],
3216 silly audit   vite: [ '7.3.6' ],
3216 silly audit   beasties: [ '0.4.1' ],
3216 silly audit   browserslist: [ '4.29.0' ],
3216 silly audit   esbuild: [ '0.28.1' ],
3216 silly audit   'https-proxy-agent': [ '7.0.6' ],
3216 silly audit   'istanbul-lib-instrument': [ '6.0.3' ],
3216 silly audit   'jsonc-parser': [ '3.3.1' ],
3216 silly audit   listr2: [ '9.0.5' ],
3216 silly audit   lmdb: [ '3.5.1' ],
3216 silly audit   'magic-string': [ '0.30.21' ],
3216 silly audit   mrmime: [ '2.0.1' ],
3216 silly audit   'parse5-html-rewriting-stream': [ '8.0.0' ],
3216 silly audit   picomatch: [ '4.0.4' ],
3216 silly audit   piscina: [ '5.2.0' ],
3216 silly audit   rolldown: [ '1.0.0-rc.4' ],
3216 silly audit   sass: [ '1.97.3' ],
3216 silly audit   semver: [ '7.7.4', '6.3.1' ],
3216 silly audit   'source-map-support': [ '0.5.21' ],
3216 silly audit   tinyglobby: [ '0.2.15' ],
3216 silly audit   undici: [ '7.29.1', '6.28.1' ],
3216 silly audit   watchpack: [ '2.5.1' ],
3216 silly audit   '@jridgewell/gen-mapping': [ '0.3.13' ],
3216 silly audit   '@jridgewell/trace-mapping': [ '0.3.31' ],
3216 silly audit   '@angular-devkit/core': [ '21.2.24' ],
3216 silly audit   ajv: [ '8.18.0' ],
3216 silly audit   'ajv-formats': [ '3.0.1' ],
3216 silly audit   'source-map': [ '0.7.6', '0.6.1' ],
3216 silly audit   '@angular-devkit/schematics': [ '21.2.24' ],
3216 silly audit   '@inquirer/prompts': [ '7.10.1' ],
3216 silly audit   '@listr2/prompt-adapter-inquirer': [ '3.0.5' ],
3216 silly audit   '@modelcontextprotocol/sdk': [ '1.30.0' ],
3216 silly audit   '@schematics/angular': [ '21.2.24' ],
3216 silly audit   '@yarnpkg/lockfile': [ '1.1.0' ],
3216 silly audit   algoliasearch: [ '5.48.1' ],
3216 silly audit   ini: [ '6.0.0' ],
3216 silly audit   'npm-package-arg': [ '13.0.2' ],
3216 silly audit   pacote: [ '21.5.1' ],
3216 silly audit   yargs: [ '18.0.0' ],
3216 silly audit   zod: [ '4.3.6' ],
3216 silly audit   ora: [ '9.3.0' ],
3216 silly audit   '@jridgewell/sourcemap-codec': [ '1.6.0' ],
3216 silly audit   chokidar: [ '5.0.0', '4.0.3' ],
3216 silly audit   'convert-source-map': [ '1.9.0', '2.0.0' ],
3216 silly audit   'reflect-metadata': [ '0.2.2' ],
3216 silly audit   '@standard-schema/spec': [ '1.1.0' ],
3216 silly audit   '@babel/code-frame': [ '7.29.7' ],
3216 silly audit   '@babel/generator': [ '7.29.8' ],
3216 silly audit   '@babel/helper-compilation-targets': [ '7.29.7' ],
3216 silly audit   '@babel/helper-module-transforms': [ '7.29.7' ],
3216 silly audit   '@babel/helpers': [ '7.29.7' ],
3216 silly audit   '@babel/parser': [ '7.29.8' ],
3216 silly audit   '@babel/template': [ '7.29.7' ],
3216 silly audit   '@babel/traverse': [ '7.29.8' ],
3216 silly audit   '@babel/types': [ '7.29.8' ],
3216 silly audit   '@jridgewell/remapping': [ '2.3.5' ],
3216 silly audit   debug: [ '4.4.3' ],
3216 silly audit   gensync: [ '1.0.0-beta.2' ],
3216 silly audit   json5: [ '2.2.3' ],
3216 silly audit   '@babel/helper-validator-identifier': [ '7.29.7' ],
3216 silly audit   'js-tokens': [ '4.0.0' ],
3216 silly audit   picocolors: [ '1.1.1' ],
3216 silly audit   jsesc: [ '3.1.0' ],
3216 silly audit   '@babel/compat-data': [ '7.29.7' ],
3216 silly audit   '@babel/helper-validator-option': [ '7.29.7' ],
3216 silly audit   'lru-cache': [ '5.1.1', '11.5.2' ],
3216 silly audit   '@babel/helper-module-imports': [ '7.29.7' ],
3216 silly audit   '@babel/helper-globals': [ '7.29.7' ],
3216 silly audit   '@babel/helper-string-parser': [ '7.29.7' ],
3216 silly audit   '@inquirer/core': [ '10.3.2' ],
3216 silly audit   '@inquirer/type': [ '3.0.10' ],
3216 silly audit   '@inquirer/ansi': [ '1.0.2' ],
3216 silly audit   '@inquirer/figures': [ '1.0.15' ],
3216 silly audit   'cli-width': [ '4.1.0' ],
3216 silly audit   'mute-stream': [ '2.0.0' ],
3216 silly audit   'signal-exit': [ '4.1.0' ],
3216 silly audit   'wrap-ansi': [ '6.2.0', '9.0.2' ],
3216 silly audit   'yoctocolors-cjs': [ '2.1.3' ],
3216 silly audit   '@inquirer/checkbox': [ '4.3.2' ],
3216 silly audit   '@inquirer/editor': [ '4.2.23' ],
3216 silly audit   '@inquirer/expand': [ '4.0.23' ],
3216 silly audit   '@inquirer/input': [ '4.3.1' ],
3216 silly audit   '@inquirer/number': [ '3.0.23' ],
3216 silly audit   '@inquirer/password': [ '4.0.23' ],
3216 silly audit   '@inquirer/rawlist': [ '4.1.11' ],
3216 silly audit   '@inquirer/search': [ '3.2.2' ],
3216 silly audit   '@inquirer/select': [ '4.4.2' ],
3216 silly audit   '@inquirer/external-editor': [ '1.0.3' ],
3216 silly audit   chardet: [ '2.2.0' ],
3216 silly audit   'iconv-lite': [ '0.7.3' ],
3216 silly audit   '@jridgewell/resolve-uri': [ '3.1.2' ],
3216 silly audit   '@hono/node-server': [ '2.1.1' ],
3216 silly audit   hono: [ '4.13.8' ],
3216 silly audit   'content-type': [ '1.0.5', '2.1.0' ],
3216 silly audit   cors: [ '2.8.6' ],
3216 silly audit   'cross-spawn': [ '7.0.6' ],
3216 silly audit   eventsource: [ '3.0.7' ],
3216 silly audit   'eventsource-parser': [ '3.1.1' ],
3216 silly audit   express: [ '5.2.1' ],
3216 silly audit   'express-rate-limit': [ '8.7.0' ],
3216 silly audit   jose: [ '6.2.12' ],
3216 silly audit   'json-schema-typed': [ '8.0.2' ],
3216 silly audit   'pkce-challenge': [ '5.0.1' ],
3216 silly audit   'raw-body': [ '3.0.2' ],
3216 silly audit   'zod-to-json-schema': [ '3.25.2' ],
3216 silly audit   'fast-deep-equal': [ '3.1.3' ],
3216 silly audit   'fast-uri': [ '3.1.8' ],
3216 silly audit   'json-schema-traverse': [ '1.0.0' ],
3216 silly audit   'require-from-string': [ '2.0.2' ],
3216 silly audit   '@algolia/abtesting': [ '1.14.1' ],
3216 silly audit   '@algolia/client-abtesting': [ '5.48.1' ],
3216 silly audit   '@algolia/client-analytics': [ '5.48.1' ],
3216 silly audit   '@algolia/client-common': [ '5.48.1' ],
3216 silly audit   '@algolia/client-insights': [ '5.48.1' ],
3216 silly audit   '@algolia/client-personalization': [ '5.48.1' ],
3216 silly audit   '@algolia/client-query-suggestions': [ '5.48.1' ],
3216 silly audit   '@algolia/client-search': [ '5.48.1' ],
3216 silly audit   '@algolia/ingestion': [ '1.48.1' ],
3216 silly audit   '@algolia/monitoring': [ '1.48.1' ],
3216 silly audit   '@algolia/recommend': [ '5.48.1' ],
3216 silly audit   '@algolia/requester-browser-xhr': [ '5.48.1' ],
3216 silly audit   '@algolia/requester-fetch': [ '5.48.1' ],
3216 silly audit   '@algolia/requester-node-http': [ '5.48.1' ],
3216 silly audit   'css-select': [ '6.0.0' ],
3216 silly audit   'css-what': [ '7.0.0' ],
3216 silly audit   'dom-serializer': [ '2.0.0' ],
3216 silly audit   domhandler: [ '5.0.3' ],
3216 silly audit   htmlparser2: [ '10.1.0' ],
3216 silly audit   postcss: [ '8.5.28' ],
3216 silly audit   'postcss-media-query-parser': [ '0.2.3' ],
3216 silly audit   'postcss-safe-parser': [ '7.1.0' ],
3216 silly audit   'baseline-browser-mapping': [ '2.11.24' ],
3216 silly audit   'caniuse-lite': [ '1.0.30001810' ],
3216 silly audit   'electron-to-chromium': [ '1.5.430' ],
3216 silly audit   'node-releases': [ '2.0.55' ],
3216 silly audit   'update-browserslist-db': [ '1.3.3' ],
3216 silly audit   readdirp: [ '5.1.1', '4.1.2' ],
3216 silly audit   'object-assign': [ '4.1.1' ],
3216 silly audit   vary: [ '1.1.2' ],
3216 silly audit   'path-key': [ '3.1.1' ],
3216 silly audit   'shebang-command': [ '2.0.0' ],
3216 silly audit   which: [ '2.0.2', '6.0.1' ],
3216 silly audit   boolbase: [ '1.0.0' ],
3216 silly audit   domutils: [ '3.2.2' ],
3216 silly audit   'nth-check': [ '2.1.1' ],
3216 silly audit   ms: [ '2.1.3' ],
3216 silly audit   domelementtype: [ '2.3.0' ],
3216 silly audit   entities: [ '4.5.0', '7.0.1', '8.1.0', '6.0.1' ],
3216 silly audit   '@esbuild/aix-ppc64': [ '0.28.1' ],
3216 silly audit   '@esbuild/android-arm': [ '0.28.1' ],
3216 silly audit   '@esbuild/android-arm64': [ '0.28.1' ],
3216 silly audit   '@esbuild/android-x64': [ '0.28.1' ],
3216 silly audit   '@esbuild/darwin-arm64': [ '0.28.1' ],
3216 silly audit   '@esbuild/darwin-x64': [ '0.28.1' ],
3216 silly audit   '@esbuild/freebsd-arm64': [ '0.28.1' ],
3216 silly audit   '@esbuild/freebsd-x64': [ '0.28.1' ],
3216 silly audit   '@esbuild/linux-arm': [ '0.28.1' ],
3216 silly audit   '@esbuild/linux-arm64': [ '0.28.1' ],
3216 silly audit   '@esbuild/linux-ia32': [ '0.28.1' ],
3216 silly audit   '@esbuild/linux-loong64': [ '0.28.1' ],
3216 silly audit   '@esbuild/linux-mips64el': [ '0.28.1' ],
3216 silly audit   '@esbuild/linux-ppc64': [ '0.28.1' ],
3216 silly audit   '@esbuild/linux-riscv64': [ '0.28.1' ],
3216 silly audit   '@esbuild/linux-s390x': [ '0.28.1' ],
3216 silly audit   '@esbuild/linux-x64': [ '0.28.1' ],
3216 silly audit   '@esbuild/netbsd-arm64': [ '0.28.1' ],
3216 silly audit   '@esbuild/netbsd-x64': [ '0.28.1' ],
3216 silly audit   '@esbuild/openbsd-arm64': [ '0.28.1' ],
3216 silly audit   '@esbuild/openbsd-x64': [ '0.28.1' ],
3216 silly audit   '@esbuild/openharmony-arm64': [ '0.28.1' ],
3216 silly audit   '@esbuild/sunos-x64': [ '0.28.1' ],
3216 silly audit   '@esbuild/win32-arm64': [ '0.28.1' ],
3216 silly audit   '@esbuild/win32-ia32': [ '0.28.1' ],
3216 silly audit   '@esbuild/win32-x64': [ '0.28.1' ],
3216 silly audit   accepts: [ '2.0.0' ],
3216 silly audit   'body-parser': [ '2.3.0' ],
3216 silly audit   'content-disposition': [ '1.1.0' ],
3216 silly audit   cookie: [ '0.7.2' ],
3216 silly audit   'cookie-signature': [ '1.2.2' ],
3216 silly audit   depd: [ '2.0.0' ],
3216 silly audit   encodeurl: [ '2.0.0' ],
3216 silly audit   'escape-html': [ '1.0.3' ],
3216 silly audit   etag: [ '1.8.1' ],
3216 silly audit   finalhandler: [ '2.1.1' ],
3216 silly audit   fresh: [ '2.0.0' ],
3216 silly audit   'http-errors': [ '2.0.1' ],
3216 silly audit   'merge-descriptors': [ '2.0.0' ],
3216 silly audit   'mime-types': [ '3.0.2' ],
3216 silly audit   'on-finished': [ '2.4.1' ],
3216 silly audit   once: [ '1.4.0' ],
3216 silly audit   parseurl: [ '1.3.3' ],
3216 silly audit   'proxy-addr': [ '2.0.8' ],
3216 silly audit   qs: [ '6.16.0' ],
3216 silly audit   'range-parser': [ '1.3.0' ],
3216 silly audit   router: [ '2.2.0' ],
3216 silly audit   send: [ '1.2.1' ],
3216 silly audit   'serve-static': [ '2.2.1' ],
3216 silly audit   statuses: [ '2.0.2' ],
3216 silly audit   'type-is': [ '2.1.0' ],
3216 silly audit   negotiator: [ '1.1.0' ],
3216 silly audit   bytes: [ '3.1.2' ],
3216 silly audit   'ip-address': [ '10.7.2' ],
3216 silly audit   inherits: [ '2.0.4' ],
3216 silly audit   setprototypeof: [ '1.2.0' ],
3216 silly audit   toidentifier: [ '1.0.1' ],
3216 silly audit   'agent-base': [ '7.1.4' ],
3216 silly audit   'safer-buffer': [ '2.1.2' ],
3216 silly audit   '@istanbuljs/schema': [ '0.1.6' ],
3216 silly audit   'istanbul-lib-coverage': [ '3.2.2' ],
3216 silly audit   '@acemir/cssom': [ '0.9.31' ],
3216 silly audit   '@asamuzakjp/dom-selector': [ '6.8.1' ],
3216 silly audit   '@exodus/bytes': [ '1.15.1' ],
3216 silly audit   cssstyle: [ '5.3.7' ],
3216 silly audit   'data-urls': [ '6.0.1' ],
3216 silly audit   'decimal.js': [ '10.6.0' ],
3216 silly audit   'html-encoding-sniffer': [ '6.0.0' ],
3216 silly audit   'http-proxy-agent': [ '7.0.2' ],
3216 silly audit   'is-potential-custom-element-name': [ '1.0.1' ],
3216 silly audit   parse5: [ '8.0.1' ],
3216 silly audit   saxes: [ '6.0.0' ],
3216 silly audit   'symbol-tree': [ '3.2.4' ],
3216 silly audit   'tough-cookie': [ '6.0.2' ],
3216 silly audit   'w3c-xmlserializer': [ '5.0.0' ],
3216 silly audit   'webidl-conversions': [ '8.0.1' ],
3216 silly audit   'whatwg-mimetype': [ '4.0.0', '5.0.0' ],
3216 silly audit   'whatwg-url': [ '15.1.0' ],
3216 silly audit   ws: [ '8.21.3' ],
3216 silly audit   'xml-name-validator': [ '5.0.0' ],
3216 silly audit   '@asamuzakjp/nwsapi': [ '2.3.9' ],
3216 silly audit   'bidi-js': [ '1.1.0' ],
3216 silly audit   'css-tree': [ '3.2.1' ],
3216 silly audit   'mdn-data': [ '2.27.1' ],
3216 silly audit   'source-map-js': [ '1.2.1' ],
3216 silly audit   '@asamuzakjp/css-color': [ '4.1.2' ],
3216 silly audit   '@csstools/css-syntax-patches-for-csstree': [ '1.1.14' ],
3216 silly audit   '@csstools/css-calc': [ '3.4.0' ],
3216 silly audit   '@csstools/css-tokenizer': [ '4.0.0' ],
3216 silly audit   '@csstools/css-parser-algorithms': [ '4.0.0' ],
3216 silly audit   '@csstools/css-color-parser': [ '4.2.3' ],
3216 silly audit   '@csstools/color-helpers': [ '6.1.1' ],
3216 silly audit   'cli-truncate': [ '5.2.0' ],
3216 silly audit   colorette: [ '2.0.20' ],
3216 silly audit   eventemitter3: [ '5.0.4' ],
3216 silly audit   'log-update': [ '6.1.0' ],
3216 silly audit   rfdc: [ '1.4.1' ],
3216 silly audit   'slice-ansi': [ '8.0.0', '7.1.2' ],
3216 silly audit   'string-width': [ '8.2.2', '4.2.3', '7.2.0' ],
3216 silly audit   '@harperfast/extended-iterable': [ '1.0.3' ],
3216 silly audit   '@lmdb/lmdb-darwin-arm64': [ '3.5.1' ],
3216 silly audit   '@lmdb/lmdb-darwin-x64': [ '3.5.1' ],
3216 silly audit   '@lmdb/lmdb-linux-arm': [ '3.5.1' ],
3216 silly audit   '@lmdb/lmdb-linux-arm64': [ '3.5.1' ],
3216 silly audit   '@lmdb/lmdb-linux-x64': [ '3.5.1' ],
3216 silly audit   '@lmdb/lmdb-win32-arm64': [ '3.5.1' ],
3216 silly audit   '@lmdb/lmdb-win32-x64': [ '3.5.1' ],
3216 silly audit   msgpackr: [ '1.12.1' ],
3216 silly audit   'node-addon-api': [ '6.1.0', '7.1.1' ],
3216 silly audit   'node-gyp-build-optional-packages': [ '5.2.2' ],
3216 silly audit   'ordered-binary': [ '1.6.1' ],
3216 silly audit   'weak-lru-cache': [ '1.2.2' ],
3216 silly audit   'ansi-escapes': [ '7.3.0' ],
3216 silly audit   'cli-cursor': [ '5.0.0' ],
3216 silly audit   'strip-ansi': [ '7.2.0', '6.0.1' ],
3216 silly audit   environment: [ '1.1.0' ],
3216 silly audit   'restore-cursor': [ '5.1.0' ],
3216 silly audit   yallist: [ '3.1.1', '5.0.0', '4.0.0' ],
3216 silly audit   'mime-db': [ '1.54.0' ],
3216 silly audit   'msgpackr-extract': [ '3.0.4' ],
3216 silly audit   '@msgpackr-extract/msgpackr-extract-darwin-arm64': [ '3.0.4' ],
3216 silly audit   '@msgpackr-extract/msgpackr-extract-darwin-x64': [ '3.0.4' ],
3216 silly audit   '@msgpackr-extract/msgpackr-extract-linux-arm': [ '3.0.4' ],
3216 silly audit   '@msgpackr-extract/msgpackr-extract-linux-arm64': [ '3.0.4' ],
3216 silly audit   '@msgpackr-extract/msgpackr-extract-linux-x64': [ '3.0.4' ],
3216 silly audit   '@msgpackr-extract/msgpackr-extract-win32-x64': [ '3.0.4' ],
3216 silly audit   'detect-libc': [ '2.1.2' ],
3216 silly audit   'hosted-git-info': [ '9.0.3' ],
3216 silly audit   'proc-log': [ '6.1.0' ],
3216 silly audit   'validate-npm-package-name': [ '7.0.2' ],
3216 silly audit   'ee-first': [ '1.1.1' ],
3216 silly audit   wrappy: [ '1.0.2' ],
3216 silly audit   chalk: [ '5.6.2' ],
3216 silly audit   'cli-spinners': [ '3.4.0' ],
3216 silly audit   'is-interactive': [ '2.0.0' ],
3216 silly audit   'is-unicode-supported': [ '2.1.0' ],
3216 silly audit   'log-symbols': [ '7.0.1' ],
3216 silly audit   'stdin-discarder': [ '0.3.2' ],
3216 silly audit   yoctocolors: [ '2.2.0' ],
3216 silly audit   '@gar/promise-retry': [ '1.0.3' ],
3216 silly audit   '@npmcli/git': [ '7.0.2' ],
3216 silly audit   '@npmcli/installed-package-contents': [ '4.0.0' ],
3216 silly audit   '@npmcli/package-json': [ '7.0.5' ],
3216 silly audit   '@npmcli/promise-spawn': [ '9.0.1' ],
3216 silly audit   '@npmcli/run-script': [ '10.0.4' ],
3216 silly audit   cacache: [ '20.0.4' ],
3216 silly audit   'fs-minipass': [ '3.0.3' ],
3216 silly audit   minipass: [ '7.1.3', '3.3.6' ],
3216 silly audit   'npm-packlist': [ '10.0.4' ],
3216 silly audit   'npm-pick-manifest': [ '11.0.3' ],
3216 silly audit   'npm-registry-fetch': [ '19.1.1' ],
3216 silly audit   sigstore: [ '4.1.1' ],
3216 silly audit   ssri: [ '13.0.1' ],
3216 silly audit   tar: [ '7.5.22' ],
3216 silly audit   'npm-bundled': [ '5.0.0' ],
3216 silly audit   'npm-normalize-package-bin': [ '5.0.0' ],
3216 silly audit   glob: [ '13.0.6' ],
3216 silly audit   'json-parse-even-better-errors': [ '5.0.0' ],
3216 silly audit   'spdx-expression-parse': [ '4.0.0' ],
3216 silly audit   '@npmcli/node-gyp': [ '5.0.0' ],
3216 silly audit   'node-gyp': [ '12.4.0' ],
3216 silly audit   '@npmcli/fs': [ '5.0.0' ],
3216 silly audit   'minipass-collect': [ '2.0.1' ],
3216 silly audit   'minipass-flush': [ '1.0.7' ],
3216 silly audit   'minipass-pipeline': [ '1.2.4' ],
3216 silly audit   'p-map': [ '7.0.8' ],
3216 silly audit   minimatch: [ '10.2.6' ],
3216 silly audit   'path-scurry': [ '2.0.2' ],
3216 silly audit   'brace-expansion': [ '5.0.12' ],
3216 silly audit   'balanced-match': [ '4.0.4' ],
3216 silly audit   'env-paths': [ '2.2.1' ],
3216 silly audit   'exponential-backoff': [ '3.1.3' ],
3216 silly audit   'graceful-fs': [ '4.2.11' ],
3216 silly audit   nopt: [ '9.0.0' ],
3216 silly audit   abbrev: [ '4.0.0' ],
3216 silly audit   'ignore-walk': [ '8.0.0' ],
3216 silly audit   'npm-install-checks': [ '8.0.0' ],
3216 silly audit   '@npmcli/redact': [ '4.0.0' ],
3216 silly audit   jsonparse: [ '1.3.1' ],
3216 silly audit   'make-fetch-happen': [ '15.0.6' ],
3216 silly audit   'minipass-fetch': [ '5.0.2' ],
3216 silly audit   minizlib: [ '3.1.0' ],
3216 silly audit   '@npmcli/agent': [ '4.0.2' ],
3216 silly audit   'http-cache-semantics': [ '4.2.0' ],
3216 silly audit   'socks-proxy-agent': [ '8.0.5' ],
3216 silly audit   'minipass-sized': [ '2.0.0' ],
3216 silly audit   'parse5-sax-parser': [ '8.0.0' ],
3216 silly audit   '@napi-rs/nice': [ '1.1.1' ],
3216 silly audit   '@napi-rs/nice-android-arm-eabi': [ '1.1.1' ],
3216 silly audit   '@napi-rs/nice-android-arm64': [ '1.1.1' ],
3216 silly audit   '@napi-rs/nice-darwin-arm64': [ '1.1.1' ],
3216 silly audit   '@napi-rs/nice-darwin-x64': [ '1.1.1' ],
3216 silly audit   '@napi-rs/nice-freebsd-x64': [ '1.1.1' ],
3216 silly audit   '@napi-rs/nice-linux-arm-gnueabihf': [ '1.1.1' ],
3216 silly audit   '@napi-rs/nice-linux-arm64-gnu': [ '1.1.1' ],
3216 silly audit   '@napi-rs/nice-linux-arm64-musl': [ '1.1.1' ],
3216 silly audit   '@napi-rs/nice-linux-ppc64-gnu': [ '1.1.1' ],
3216 silly audit   '@napi-rs/nice-linux-riscv64-gnu': [ '1.1.1' ],
3216 silly audit   '@napi-rs/nice-linux-s390x-gnu': [ '1.1.1' ],
3216 silly audit   '@napi-rs/nice-linux-x64-gnu': [ '1.1.1' ],
3216 silly audit   '@napi-rs/nice-linux-x64-musl': [ '1.1.1' ],
3216 silly audit   '@napi-rs/nice-openharmony-arm64': [ '1.1.1' ],
3216 silly audit   '@napi-rs/nice-win32-arm64-msvc': [ '1.1.1' ],
3216 silly audit   '@napi-rs/nice-win32-ia32-msvc': [ '1.1.1' ],
3216 silly audit   '@napi-rs/nice-win32-x64-msvc': [ '1.1.1' ],
3216 silly audit   nanoid: [ '3.3.19' ],
3216 silly audit   forwarded: [ '0.2.0' ],
3216 silly audit   'ipaddr.js': [ '1.9.1' ],
3216 silly audit   'es-define-property': [ '1.0.1' ],
3216 silly audit   'side-channel': [ '1.1.1' ],
3216 silly audit   unpipe: [ '1.0.0' ],
3216 silly audit   onetime: [ '7.0.0' ],
3216 silly audit   'mimic-function': [ '5.0.1' ],
3216 silly audit   '@oxc-project/types': [ '0.113.0' ],
3216 silly audit   '@rolldown/binding-android-arm64': [ '1.0.0-rc.4' ],
3216 silly audit   '@rolldown/binding-darwin-arm64': [ '1.0.0-rc.4' ],
3216 silly audit   '@rolldown/binding-darwin-x64': [ '1.0.0-rc.4' ],
3216 silly audit   '@rolldown/binding-freebsd-x64': [ '1.0.0-rc.4' ],
3216 silly audit   '@rolldown/binding-linux-arm-gnueabihf': [ '1.0.0-rc.4' ],
3216 silly audit   '@rolldown/binding-linux-arm64-gnu': [ '1.0.0-rc.4' ],
3216 silly audit   '@rolldown/binding-linux-arm64-musl': [ '1.0.0-rc.4' ],
3216 silly audit   '@rolldown/binding-linux-x64-gnu': [ '1.0.0-rc.4' ],
3216 silly audit   '@rolldown/binding-linux-x64-musl': [ '1.0.0-rc.4' ],
3216 silly audit   '@rolldown/binding-openharmony-arm64': [ '1.0.0-rc.4' ],
3216 silly audit   '@rolldown/binding-wasm32-wasi': [ '1.0.0-rc.4' ],
3216 silly audit   '@rolldown/binding-win32-arm64-msvc': [ '1.0.0-rc.4' ],
3216 silly audit   '@rolldown/binding-win32-x64-msvc': [ '1.0.0-rc.4' ],
3216 silly audit   '@rolldown/pluginutils': [ '1.0.0-rc.4' ],
3216 silly audit   '@napi-rs/wasm-runtime': [ '1.2.4' ],
3216 silly audit   '@emnapi/core': [ '1.11.3' ],
3216 silly audit   '@emnapi/runtime': [ '1.11.3' ],
3216 silly audit   '@emnapi/wasi-threads': [ '1.2.3' ],
3216 silly audit   '@tybys/wasm-util': [ '0.10.4' ],
3216 silly audit   'is-promise': [ '4.0.0' ],
3216 silly audit   'path-to-regexp': [ '8.4.2' ],
3216 silly audit   '@parcel/watcher': [ '2.6.0' ],
3216 silly audit   immutable: [ '5.1.9' ],
3216 silly audit   '@parcel/watcher-android-arm64': [ '2.6.0' ],
3216 silly audit   '@parcel/watcher-darwin-arm64': [ '2.6.0' ],
3216 silly audit   '@parcel/watcher-darwin-x64': [ '2.6.0' ],
3216 silly audit   '@parcel/watcher-freebsd-x64': [ '2.6.0' ],
3216 silly audit   '@parcel/watcher-linux-arm-glibc': [ '2.6.0' ],
3216 silly audit   '@parcel/watcher-linux-arm-musl': [ '2.6.0' ],
3216 silly audit   '@parcel/watcher-linux-arm64-glibc': [ '2.6.0' ],
3216 silly audit   '@parcel/watcher-linux-arm64-musl': [ '2.6.0' ],
3216 silly audit   '@parcel/watcher-linux-x64-glibc': [ '2.6.0' ],
3216 silly audit   '@parcel/watcher-linux-x64-musl': [ '2.6.0' ],
3216 silly audit   '@parcel/watcher-win32-arm64': [ '2.6.0' ],
3216 silly audit   '@parcel/watcher-win32-x64': [ '2.6.0' ],
3216 silly audit   'is-glob': [ '4.0.3' ],
3216 silly audit   'is-extglob': [ '2.1.1' ],
3216 silly audit   xmlchars: [ '2.2.0' ],
3216 silly audit   'shebang-regex': [ '3.0.0' ],
3216 silly audit   'es-errors': [ '1.3.0' ],
3216 silly audit   'object-inspect': [ '1.13.4' ],
3216 silly audit   'side-channel-list': [ '1.0.1' ],
3216 silly audit   'side-channel-map': [ '1.0.1' ],
3216 silly audit   'side-channel-weakmap': [ '1.0.2' ],
3216 silly audit   'call-bound': [ '1.0.4' ],
3216 silly audit   'get-intrinsic': [ '1.3.0' ],
3216 silly audit   'call-bind-apply-helpers': [ '1.0.2' ],
3216 silly audit   'function-bind': [ '1.1.2' ],
3216 silly audit   'es-object-atoms': [ '1.1.2' ],
3216 silly audit   'get-proto': [ '1.0.1' ],
3216 silly audit   gopd: [ '1.2.0' ],
3216 silly audit   'has-symbols': [ '1.1.0' ],
3216 silly audit   hasown: [ '2.0.4' ],
3216 silly audit   'math-intrinsics': [ '1.1.0' ],
3216 silly audit   'dunder-proto': [ '1.0.1' ],
3216 silly audit   '@sigstore/bundle': [ '4.0.0' ],
3216 silly audit   '@sigstore/core': [ '3.2.1' ],
3216 silly audit   '@sigstore/protobuf-specs': [ '0.5.2' ],
3216 silly audit   '@sigstore/sign': [ '4.1.1' ],
3216 silly audit   '@sigstore/tuf': [ '4.0.2' ],
3216 silly audit   '@sigstore/verify': [ '3.1.1' ],
3216 silly audit   'tuf-js': [ '4.1.0' ],
3216 silly audit   'ansi-styles': [ '6.2.3', '4.3.0' ],
3216 silly audit   'is-fullwidth-code-point': [ '5.1.0', '3.0.0' ],
3216 silly audit   'get-east-asian-width': [ '1.7.0' ],
3216 silly audit   socks: [ '2.8.10' ],
3216 silly audit   'smart-buffer': [ '4.2.0' ],
3216 silly audit   'buffer-from': [ '1.1.2' ],
3216 silly audit   'spdx-exceptions': [ '2.5.0' ],
3216 silly audit   'spdx-license-ids': [ '3.0.24' ],
3216 silly audit   'ansi-regex': [ '6.3.0', '5.0.1' ],
3216 silly audit   '@isaacs/fs-minipass': [ '4.0.1' ],
3216 silly audit   chownr: [ '3.0.0' ],
3216 silly audit   fdir: [ '6.5.0' ],
3216 silly audit   tldts: [ '7.4.13' ],
3216 silly audit   'tldts-core': [ '7.4.13' ],
3216 silly audit   '@tufjs/models': [ '4.1.0' ],
3216 silly audit   '@tufjs/canonical-json': [ '2.0.0' ],
3216 silly audit   'media-typer': [ '1.1.1' ],
3216 silly audit   escalade: [ '3.2.0' ],
3216 silly audit   fsevents: [ '2.3.3' ],
3216 silly audit   rollup: [ '4.63.3' ],
3216 silly audit   '@napi-rs/lzma-linux-x64-gnu': [ '1.5.1' ],
3216 silly audit   '@rollup/rollup-android-arm-eabi': [ '4.63.3' ],
3216 silly audit   '@rollup/rollup-android-arm64': [ '4.63.3' ],
3216 silly audit   '@rollup/rollup-darwin-arm64': [ '4.63.3' ],
3216 silly audit   '@rollup/rollup-darwin-x64': [ '4.63.3' ],
3216 silly audit   '@rollup/rollup-freebsd-arm64': [ '4.63.3' ],
3216 silly audit   '@rollup/rollup-freebsd-x64': [ '4.63.3' ],
3216 silly audit   '@rollup/rollup-linux-arm-gnueabihf': [ '4.63.3' ],
3216 silly audit   '@rollup/rollup-linux-arm-musleabihf': [ '4.63.3' ],
3216 silly audit   '@rollup/rollup-linux-arm64-gnu': [ '4.63.3' ],
3216 silly audit   '@rollup/rollup-linux-arm64-musl': [ '4.63.3' ],
3216 silly audit   '@rollup/rollup-linux-loong64-gnu': [ '4.63.3' ],
3216 silly audit   '@rollup/rollup-linux-loong64-musl': [ '4.63.3' ],
3216 silly audit   '@rollup/rollup-linux-ppc64-gnu': [ '4.63.3' ],
3216 silly audit   '@rollup/rollup-linux-ppc64-musl': [ '4.63.3' ],
3216 silly audit   '@rollup/rollup-linux-riscv64-gnu': [ '4.63.3' ],
3216 silly audit   '@rollup/rollup-linux-riscv64-musl': [ '4.63.3' ],
3216 silly audit   '@rollup/rollup-linux-s390x-gnu': [ '4.63.3' ],
3216 silly audit   '@rollup/rollup-linux-x64-gnu': [ '4.63.3' ],
3216 silly audit   '@rollup/rollup-linux-x64-musl': [ '4.63.3' ],
3216 silly audit   '@rollup/rollup-openbsd-x64': [ '4.63.3' ],
3216 silly audit   '@rollup/rollup-openharmony-arm64': [ '4.63.3' ],
3216 silly audit   '@rollup/rollup-win32-arm64-msvc': [ '4.63.3' ],
3216 silly audit   '@rollup/rollup-win32-ia32-msvc': [ '4.63.3' ],
3216 silly audit   '@rollup/rollup-win32-x64-gnu': [ '4.63.3' ],
3216 silly audit   '@rollup/rollup-win32-x64-msvc': [ '4.63.3' ],
3216 silly audit   '@types/estree': [ '1.0.9' ],
3216 silly audit   '@vitest/expect': [ '4.1.11' ],
3216 silly audit   '@vitest/mocker': [ '4.1.11' ],
3216 silly audit   '@vitest/pretty-format': [ '4.1.11' ],
3216 silly audit   '@vitest/runner': [ '4.1.11' ],
3216 silly audit   '@vitest/snapshot': [ '4.1.11' ],
3216 silly audit   '@vitest/spy': [ '4.1.11' ],
3216 silly audit   '@vitest/utils': [ '4.1.11' ],
3216 silly audit   'es-module-lexer': [ '2.3.2' ],
3216 silly audit   'expect-type': [ '1.4.0' ],
3216 silly audit   obug: [ '2.2.1' ],
3216 silly audit   pathe: [ '2.0.3' ],
3216 silly audit   'std-env': [ '4.2.0' ],
3216 silly audit   tinybench: [ '2.9.0' ],
3216 silly audit   tinyexec: [ '1.3.1' ],
3216 silly audit   tinyrainbow: [ '3.1.1' ],
3216 silly audit   'why-is-node-running': [ '2.3.0' ],
3216 silly audit   '@types/chai': [ '5.2.3' ],
3216 silly audit   chai: [ '6.2.2' ],
3216 silly audit   '@types/deep-eql': [ '4.0.2' ],
3216 silly audit   'assertion-error': [ '2.0.1' ],
3216 silly audit   'estree-walker': [ '3.0.3' ],
3216 silly audit   'glob-to-regexp': [ '0.4.1' ],
3216 silly audit   tr46: [ '6.0.0' ],
3216 silly audit   punycode: [ '2.3.1' ],
3216 silly audit   isexe: [ '2.0.0', '4.0.0' ],
3216 silly audit   siginfo: [ '2.0.0' ],
3216 silly audit   stackback: [ '0.0.2' ],
3216 silly audit   cliui: [ '9.0.1' ],
3216 silly audit   'get-caller-file': [ '2.0.5' ],
3216 silly audit   y18n: [ '5.0.8' ],
3216 silly audit   'yargs-parser': [ '22.0.0' ],
3216 silly audit   'emoji-regex': [ '10.6.0', '8.0.0' ],
3216 silly audit   'color-convert': [ '2.0.1' ],
3216 silly audit   'color-name': [ '1.1.4' ]
3216 silly audit }
3217 http cache yargs-parser@https://registry.npmjs.org/yargs-parser/-/yargs-parser-22.0.0.tgz 0ms (cache hit)
3218 http cache color-name@https://registry.npmjs.org/color-name/-/color-name-1.1.4.tgz 0ms (cache hit)
3219 http cache y18n@https://registry.npmjs.org/y18n/-/y18n-5.0.8.tgz 0ms (cache hit)
3220 http cache cliui@https://registry.npmjs.org/cliui/-/cliui-9.0.1.tgz 0ms (cache hit)
3221 http cache isexe@https://registry.npmjs.org/isexe/-/isexe-2.0.0.tgz 0ms (cache hit)
3222 http cache stackback@https://registry.npmjs.org/stackback/-/stackback-0.0.2.tgz 1ms (cache hit)
3223 http cache get-caller-file@https://registry.npmjs.org/get-caller-file/-/get-caller-file-2.0.5.tgz 0ms (cache hit)
3224 http cache punycode@https://registry.npmjs.org/punycode/-/punycode-2.3.1.tgz 0ms (cache hit)
3225 http cache tr46@https://registry.npmjs.org/tr46/-/tr46-6.0.0.tgz 0ms (cache hit)
3226 http cache color-convert@https://registry.npmjs.org/color-convert/-/color-convert-2.0.1.tgz 0ms (cache hit)
3227 http cache estree-walker@https://registry.npmjs.org/estree-walker/-/estree-walker-3.0.3.tgz 0ms (cache hit)
3228 http cache @types/deep-eql@https://registry.npmjs.org/@types/deep-eql/-/deep-eql-4.0.2.tgz 0ms (cache hit)
3229 http cache glob-to-regexp@https://registry.npmjs.org/glob-to-regexp/-/glob-to-regexp-0.4.1.tgz 0ms (cache hit)
3230 http cache emoji-regex@https://registry.npmjs.org/emoji-regex/-/emoji-regex-10.6.0.tgz 0ms (cache hit)
3231 http cache @types/chai@https://registry.npmjs.org/@types/chai/-/chai-5.2.3.tgz 0ms (cache hit)
3232 http cache assertion-error@https://registry.npmjs.org/assertion-error/-/assertion-error-2.0.1.tgz 0ms (cache hit)
3233 http cache why-is-node-running@https://registry.npmjs.org/why-is-node-running/-/why-is-node-running-2.3.0.tgz 0ms (cache hit)
3234 http cache chai@https://registry.npmjs.org/chai/-/chai-6.2.2.tgz 0ms (cache hit)
3235 http cache tinyexec@https://registry.npmjs.org/tinyexec/-/tinyexec-1.3.1.tgz 0ms (cache hit)
3236 http cache tinyrainbow@https://registry.npmjs.org/tinyrainbow/-/tinyrainbow-3.1.1.tgz 1ms (cache hit)
3237 http cache obug@https://registry.npmjs.org/obug/-/obug-2.2.1.tgz 0ms (cache hit)
3238 http cache std-env@https://registry.npmjs.org/std-env/-/std-env-4.2.0.tgz 0ms (cache hit)
3239 http cache tinybench@https://registry.npmjs.org/tinybench/-/tinybench-2.9.0.tgz 0ms (cache hit)
3240 http cache es-module-lexer@https://registry.npmjs.org/es-module-lexer/-/es-module-lexer-2.3.2.tgz 0ms (cache hit)
3241 http cache pathe@https://registry.npmjs.org/pathe/-/pathe-2.0.3.tgz 0ms (cache hit)
3242 http cache @vitest/spy@https://registry.npmjs.org/@vitest/spy/-/spy-4.1.11.tgz 0ms (cache hit)
3243 http cache expect-type@https://registry.npmjs.org/expect-type/-/expect-type-1.4.0.tgz 0ms (cache hit)
3244 http cache @vitest/runner@https://registry.npmjs.org/@vitest/runner/-/runner-4.1.11.tgz 0ms (cache hit)
3245 http cache @vitest/snapshot@https://registry.npmjs.org/@vitest/snapshot/-/snapshot-4.1.11.tgz 0ms (cache hit)
3246 http cache @types/estree@https://registry.npmjs.org/@types/estree/-/estree-1.0.9.tgz 0ms (cache hit)
3247 http cache @rollup/rollup-win32-x64-msvc@https://registry.npmjs.org/@rollup/rollup-win32-x64-msvc/-/rollup-win32-x64-msvc-4.63.3.tgz 0ms (cache hit)
3248 http cache @vitest/utils@https://registry.npmjs.org/@vitest/utils/-/utils-4.1.11.tgz 0ms (cache hit)
3249 http cache @rollup/rollup-win32-x64-gnu@https://registry.npmjs.org/@rollup/rollup-win32-x64-gnu/-/rollup-win32-x64-gnu-4.63.3.tgz 0ms (cache hit)
3250 http cache siginfo@https://registry.npmjs.org/siginfo/-/siginfo-2.0.0.tgz 0ms (cache hit)
3251 http cache rollup@https://registry.npmjs.org/rollup/-/rollup-4.63.3.tgz 0ms (cache hit)
3252 http cache media-typer@https://registry.npmjs.org/media-typer/-/media-typer-1.1.1.tgz 0ms (cache hit)
3253 http cache escalade@https://registry.npmjs.org/escalade/-/escalade-3.2.0.tgz 0ms (cache hit)
3254 http cache tldts-core@https://registry.npmjs.org/tldts-core/-/tldts-core-7.4.13.tgz 0ms (cache hit)
3255 http cache @tufjs/canonical-json@https://registry.npmjs.org/@tufjs/canonical-json/-/canonical-json-2.0.0.tgz 0ms (cache hit)
3256 http cache @tufjs/models@https://registry.npmjs.org/@tufjs/models/-/models-4.1.0.tgz 0ms (cache hit)
3257 http cache tldts@https://registry.npmjs.org/tldts/-/tldts-7.4.13.tgz 0ms (cache hit)
3258 http cache @isaacs/fs-minipass@https://registry.npmjs.org/@isaacs/fs-minipass/-/fs-minipass-4.0.1.tgz 0ms (cache hit)
3259 http cache chownr@https://registry.npmjs.org/chownr/-/chownr-3.0.0.tgz 0ms (cache hit)
3260 http cache fdir@https://registry.npmjs.org/fdir/-/fdir-6.5.0.tgz 0ms (cache hit)
3261 http cache ansi-regex@https://registry.npmjs.org/ansi-regex/-/ansi-regex-6.3.0.tgz 0ms (cache hit)
3262 http cache spdx-license-ids@https://registry.npmjs.org/spdx-license-ids/-/spdx-license-ids-3.0.24.tgz 0ms (cache hit)
3263 http cache buffer-from@https://registry.npmjs.org/buffer-from/-/buffer-from-1.1.2.tgz 0ms (cache hit)
3264 http cache smart-buffer@https://registry.npmjs.org/smart-buffer/-/smart-buffer-4.2.0.tgz 0ms (cache hit)
3265 http cache spdx-exceptions@https://registry.npmjs.org/spdx-exceptions/-/spdx-exceptions-2.5.0.tgz 0ms (cache hit)
3266 http cache socks@https://registry.npmjs.org/socks/-/socks-2.8.10.tgz 0ms (cache hit)
3267 http cache get-east-asian-width@https://registry.npmjs.org/get-east-asian-width/-/get-east-asian-width-1.7.0.tgz 0ms (cache hit)
3268 http cache is-fullwidth-code-point@https://registry.npmjs.org/is-fullwidth-code-point/-/is-fullwidth-code-point-5.1.0.tgz 0ms (cache hit)
3269 http cache @sigstore/verify@https://registry.npmjs.org/@sigstore/verify/-/verify-3.1.1.tgz 0ms (cache hit)
3270 http cache tuf-js@https://registry.npmjs.org/tuf-js/-/tuf-js-4.1.0.tgz 0ms (cache hit)
3271 http cache @sigstore/tuf@https://registry.npmjs.org/@sigstore/tuf/-/tuf-4.0.2.tgz 0ms (cache hit)
3272 http cache ansi-styles@https://registry.npmjs.org/ansi-styles/-/ansi-styles-6.2.3.tgz 0ms (cache hit)
3273 http cache @sigstore/sign@https://registry.npmjs.org/@sigstore/sign/-/sign-4.1.1.tgz 0ms (cache hit)
3274 http cache @sigstore/protobuf-specs@https://registry.npmjs.org/@sigstore/protobuf-specs/-/protobuf-specs-0.5.2.tgz 0ms (cache hit)
3275 http cache @sigstore/core@https://registry.npmjs.org/@sigstore/core/-/core-3.2.1.tgz 0ms (cache hit)
3276 http cache @sigstore/bundle@https://registry.npmjs.org/@sigstore/bundle/-/bundle-4.0.0.tgz 0ms (cache hit)
3277 http cache dunder-proto@https://registry.npmjs.org/dunder-proto/-/dunder-proto-1.0.1.tgz 0ms (cache hit)
3278 http cache @vitest/pretty-format@https://registry.npmjs.org/@vitest/pretty-format/-/pretty-format-4.1.11.tgz 0ms (cache hit)
3279 http cache math-intrinsics@https://registry.npmjs.org/math-intrinsics/-/math-intrinsics-1.1.0.tgz 0ms (cache hit)
3280 http cache hasown@https://registry.npmjs.org/hasown/-/hasown-2.0.4.tgz 0ms (cache hit)
3281 http cache gopd@https://registry.npmjs.org/gopd/-/gopd-1.2.0.tgz 0ms (cache hit)
3282 http cache get-proto@https://registry.npmjs.org/get-proto/-/get-proto-1.0.1.tgz 0ms (cache hit)
3283 http cache es-object-atoms@https://registry.npmjs.org/es-object-atoms/-/es-object-atoms-1.1.2.tgz 0ms (cache hit)
3284 http cache @vitest/mocker@https://registry.npmjs.org/@vitest/mocker/-/mocker-4.1.11.tgz 0ms (cache hit)
3285 http cache has-symbols@https://registry.npmjs.org/has-symbols/-/has-symbols-1.1.0.tgz 0ms (cache hit)
3286 http cache @vitest/expect@https://registry.npmjs.org/@vitest/expect/-/expect-4.1.11.tgz 0ms (cache hit)
3287 http cache function-bind@https://registry.npmjs.org/function-bind/-/function-bind-1.1.2.tgz 0ms (cache hit)
3288 http cache call-bound@https://registry.npmjs.org/call-bound/-/call-bound-1.0.4.tgz 0ms (cache hit)
3289 http cache call-bind-apply-helpers@https://registry.npmjs.org/call-bind-apply-helpers/-/call-bind-apply-helpers-1.0.2.tgz 0ms (cache hit)
3290 http cache side-channel-weakmap@https://registry.npmjs.org/side-channel-weakmap/-/side-channel-weakmap-1.0.2.tgz 0ms (cache hit)
3291 http cache side-channel-list@https://registry.npmjs.org/side-channel-list/-/side-channel-list-1.0.1.tgz 0ms (cache hit)
3292 http cache get-intrinsic@https://registry.npmjs.org/get-intrinsic/-/get-intrinsic-1.3.0.tgz 0ms (cache hit)
3293 http cache es-errors@https://registry.npmjs.org/es-errors/-/es-errors-1.3.0.tgz 0ms (cache hit)
3294 http cache object-inspect@https://registry.npmjs.org/object-inspect/-/object-inspect-1.13.4.tgz 0ms (cache hit)
3295 http cache side-channel-map@https://registry.npmjs.org/side-channel-map/-/side-channel-map-1.0.1.tgz 0ms (cache hit)
3296 http cache shebang-regex@https://registry.npmjs.org/shebang-regex/-/shebang-regex-3.0.0.tgz 0ms (cache hit)
3297 http cache xmlchars@https://registry.npmjs.org/xmlchars/-/xmlchars-2.2.0.tgz 0ms (cache hit)
3298 http cache @parcel/watcher-win32-x64@https://registry.npmjs.org/@parcel/watcher-win32-x64/-/watcher-win32-x64-2.6.0.tgz 0ms (cache hit)
3299 http cache is-extglob@https://registry.npmjs.org/is-extglob/-/is-extglob-2.1.1.tgz 0ms (cache hit)
3300 http cache is-glob@https://registry.npmjs.org/is-glob/-/is-glob-4.0.3.tgz 0ms (cache hit)
3301 http cache @parcel/watcher@https://registry.npmjs.org/@parcel/watcher/-/watcher-2.6.0.tgz 0ms (cache hit)
3302 http cache is-promise@https://registry.npmjs.org/is-promise/-/is-promise-4.0.0.tgz 0ms (cache hit)
3303 http cache immutable@https://registry.npmjs.org/immutable/-/immutable-5.1.9.tgz 0ms (cache hit)
3304 http cache path-to-regexp@https://registry.npmjs.org/path-to-regexp/-/path-to-regexp-8.4.2.tgz 0ms (cache hit)
3305 http cache @oxc-project/types@https://registry.npmjs.org/@oxc-project/types/-/types-0.113.0.tgz 0ms (cache hit)
3306 http cache onetime@https://registry.npmjs.org/onetime/-/onetime-7.0.0.tgz 0ms (cache hit)
3307 http cache side-channel@https://registry.npmjs.org/side-channel/-/side-channel-1.1.1.tgz 0ms (cache hit)
3308 http cache @rolldown/pluginutils@https://registry.npmjs.org/@rolldown/pluginutils/-/pluginutils-1.0.0-rc.4.tgz 0ms (cache hit)
3309 http cache @rolldown/binding-win32-x64-msvc@https://registry.npmjs.org/@rolldown/binding-win32-x64-msvc/-/binding-win32-x64-msvc-1.0.0-rc.4.tgz 0ms (cache hit)
3310 http cache unpipe@https://registry.npmjs.org/unpipe/-/unpipe-1.0.0.tgz 0ms (cache hit)
3311 http cache ipaddr.js@https://registry.npmjs.org/ipaddr.js/-/ipaddr.js-1.9.1.tgz 0ms (cache hit)
3312 http cache forwarded@https://registry.npmjs.org/forwarded/-/forwarded-0.2.0.tgz 0ms (cache hit)
3313 http cache mimic-function@https://registry.npmjs.org/mimic-function/-/mimic-function-5.0.1.tgz 0ms (cache hit)
3314 http cache @napi-rs/nice-win32-x64-msvc@https://registry.npmjs.org/@napi-rs/nice-win32-x64-msvc/-/nice-win32-x64-msvc-1.1.1.tgz 0ms (cache hit)
3315 http cache @napi-rs/nice@https://registry.npmjs.org/@napi-rs/nice/-/nice-1.1.1.tgz 0ms (cache hit)
3316 http cache nanoid@https://registry.npmjs.org/nanoid/-/nanoid-3.3.19.tgz 0ms (cache hit)
3317 http cache es-define-property@https://registry.npmjs.org/es-define-property/-/es-define-property-1.0.1.tgz 0ms (cache hit)
3318 http cache parse5-sax-parser@https://registry.npmjs.org/parse5-sax-parser/-/parse5-sax-parser-8.0.0.tgz 0ms (cache hit)
3319 http cache @npmcli/agent@https://registry.npmjs.org/@npmcli/agent/-/agent-4.0.2.tgz 0ms (cache hit)
3320 http cache socks-proxy-agent@https://registry.npmjs.org/socks-proxy-agent/-/socks-proxy-agent-8.0.5.tgz 0ms (cache hit)
3321 http cache minizlib@https://registry.npmjs.org/minizlib/-/minizlib-3.1.0.tgz 0ms (cache hit)
3322 http cache @npmcli/redact@https://registry.npmjs.org/@npmcli/redact/-/redact-4.0.0.tgz 0ms (cache hit)
3323 http cache minipass-sized@https://registry.npmjs.org/minipass-sized/-/minipass-sized-2.0.0.tgz 0ms (cache hit)
3324 http cache http-cache-semantics@https://registry.npmjs.org/http-cache-semantics/-/http-cache-semantics-4.2.0.tgz 0ms (cache hit)
3325 http cache minipass-fetch@https://registry.npmjs.org/minipass-fetch/-/minipass-fetch-5.0.2.tgz 0ms (cache hit)
3326 http cache jsonparse@https://registry.npmjs.org/jsonparse/-/jsonparse-1.3.1.tgz 0ms (cache hit)
3327 http cache make-fetch-happen@https://registry.npmjs.org/make-fetch-happen/-/make-fetch-happen-15.0.6.tgz 0ms (cache hit)
3328 http cache ignore-walk@https://registry.npmjs.org/ignore-walk/-/ignore-walk-8.0.0.tgz 0ms (cache hit)
3329 http cache npm-install-checks@https://registry.npmjs.org/npm-install-checks/-/npm-install-checks-8.0.0.tgz 0ms (cache hit)
3330 http cache abbrev@https://registry.npmjs.org/abbrev/-/abbrev-4.0.0.tgz 0ms (cache hit)
3331 http cache nopt@https://registry.npmjs.org/nopt/-/nopt-9.0.0.tgz 0ms (cache hit)
3332 http cache graceful-fs@https://registry.npmjs.org/graceful-fs/-/graceful-fs-4.2.11.tgz 0ms (cache hit)
3333 http cache exponential-backoff@https://registry.npmjs.org/exponential-backoff/-/exponential-backoff-3.1.3.tgz 0ms (cache hit)
3334 http cache balanced-match@https://registry.npmjs.org/balanced-match/-/balanced-match-4.0.4.tgz 0ms (cache hit)
3335 http cache path-scurry@https://registry.npmjs.org/path-scurry/-/path-scurry-2.0.2.tgz 0ms (cache hit)
3336 http cache p-map@https://registry.npmjs.org/p-map/-/p-map-7.0.8.tgz 0ms (cache hit)
3337 http cache env-paths@https://registry.npmjs.org/env-paths/-/env-paths-2.2.1.tgz 0ms (cache hit)
3338 http cache @npmcli/fs@https://registry.npmjs.org/@npmcli/fs/-/fs-5.0.0.tgz 0ms (cache hit)
3339 http cache minipass-flush@https://registry.npmjs.org/minipass-flush/-/minipass-flush-1.0.7.tgz 0ms (cache hit)
3340 http cache minipass-collect@https://registry.npmjs.org/minipass-collect/-/minipass-collect-2.0.1.tgz 0ms (cache hit)
3341 http cache minimatch@https://registry.npmjs.org/minimatch/-/minimatch-10.2.6.tgz 0ms (cache hit)
3342 http cache @npmcli/node-gyp@https://registry.npmjs.org/@npmcli/node-gyp/-/node-gyp-5.0.0.tgz 0ms (cache hit)
3343 http cache node-gyp@https://registry.npmjs.org/node-gyp/-/node-gyp-12.4.0.tgz 0ms (cache hit)
3344 http cache minipass-pipeline@https://registry.npmjs.org/minipass-pipeline/-/minipass-pipeline-1.2.4.tgz 0ms (cache hit)
3345 http cache brace-expansion@https://registry.npmjs.org/brace-expansion/-/brace-expansion-5.0.12.tgz 0ms (cache hit)
3346 http cache spdx-expression-parse@https://registry.npmjs.org/spdx-expression-parse/-/spdx-expression-parse-4.0.0.tgz 0ms (cache hit)
3347 http cache json-parse-even-better-errors@https://registry.npmjs.org/json-parse-even-better-errors/-/json-parse-even-better-errors-5.0.0.tgz 0ms (cache hit)
3348 http cache npm-bundled@https://registry.npmjs.org/npm-bundled/-/npm-bundled-5.0.0.tgz 0ms (cache hit)
3349 http cache npm-normalize-package-bin@https://registry.npmjs.org/npm-normalize-package-bin/-/npm-normalize-package-bin-5.0.0.tgz 0ms (cache hit)
3350 http cache sigstore@https://registry.npmjs.org/sigstore/-/sigstore-4.1.1.tgz 0ms (cache hit)
3351 http cache glob@https://registry.npmjs.org/glob/-/glob-13.0.6.tgz 0ms (cache hit)
3352 http cache npm-registry-fetch@https://registry.npmjs.org/npm-registry-fetch/-/npm-registry-fetch-19.1.1.tgz 0ms (cache hit)
3353 http cache tar@https://registry.npmjs.org/tar/-/tar-7.5.22.tgz 0ms (cache hit)
3354 http cache ssri@https://registry.npmjs.org/ssri/-/ssri-13.0.1.tgz 0ms (cache hit)
3355 http cache npm-pick-manifest@https://registry.npmjs.org/npm-pick-manifest/-/npm-pick-manifest-11.0.3.tgz 0ms (cache hit)
3356 http cache minipass@https://registry.npmjs.org/minipass/-/minipass-7.1.3.tgz 0ms (cache hit)
3357 http cache npm-packlist@https://registry.npmjs.org/npm-packlist/-/npm-packlist-10.0.4.tgz 0ms (cache hit)
3358 http cache fs-minipass@https://registry.npmjs.org/fs-minipass/-/fs-minipass-3.0.3.tgz 0ms (cache hit)
3359 http cache cacache@https://registry.npmjs.org/cacache/-/cacache-20.0.4.tgz 0ms (cache hit)
3360 http cache @npmcli/run-script@https://registry.npmjs.org/@npmcli/run-script/-/run-script-10.0.4.tgz 0ms (cache hit)
3361 http cache @npmcli/promise-spawn@https://registry.npmjs.org/@npmcli/promise-spawn/-/promise-spawn-9.0.1.tgz 0ms (cache hit)
3362 http cache @gar/promise-retry@https://registry.npmjs.org/@gar/promise-retry/-/promise-retry-1.0.3.tgz 0ms (cache hit)
3363 http cache @npmcli/git@https://registry.npmjs.org/@npmcli/git/-/git-7.0.2.tgz 0ms (cache hit)
3364 http cache stdin-discarder@https://registry.npmjs.org/stdin-discarder/-/stdin-discarder-0.3.2.tgz 0ms (cache hit)
3365 http cache @npmcli/package-json@https://registry.npmjs.org/@npmcli/package-json/-/package-json-7.0.5.tgz 0ms (cache hit)
3366 http cache yoctocolors@https://registry.npmjs.org/yoctocolors/-/yoctocolors-2.2.0.tgz 0ms (cache hit)
3367 http cache is-interactive@https://registry.npmjs.org/is-interactive/-/is-interactive-2.0.0.tgz 0ms (cache hit)
3368 http cache is-unicode-supported@https://registry.npmjs.org/is-unicode-supported/-/is-unicode-supported-2.1.0.tgz 0ms (cache hit)
3369 http cache log-symbols@https://registry.npmjs.org/log-symbols/-/log-symbols-7.0.1.tgz 0ms (cache hit)
3370 http cache cli-spinners@https://registry.npmjs.org/cli-spinners/-/cli-spinners-3.4.0.tgz 0ms (cache hit)
3371 http cache @npmcli/installed-package-contents@https://registry.npmjs.org/@npmcli/installed-package-contents/-/installed-package-contents-4.0.0.tgz 0ms (cache hit)
3372 http cache chalk@https://registry.npmjs.org/chalk/-/chalk-5.6.2.tgz 0ms (cache hit)
3373 http cache ee-first@https://registry.npmjs.org/ee-first/-/ee-first-1.1.1.tgz 0ms (cache hit)
3374 http cache validate-npm-package-name@https://registry.npmjs.org/validate-npm-package-name/-/validate-npm-package-name-7.0.2.tgz 0ms (cache hit)
3375 http cache hosted-git-info@https://registry.npmjs.org/hosted-git-info/-/hosted-git-info-9.0.3.tgz 0ms (cache hit)
3376 http cache detect-libc@https://registry.npmjs.org/detect-libc/-/detect-libc-2.1.2.tgz 0ms (cache hit)
3377 http cache wrappy@https://registry.npmjs.org/wrappy/-/wrappy-1.0.2.tgz 0ms (cache hit)
3378 http cache proc-log@https://registry.npmjs.org/proc-log/-/proc-log-6.1.0.tgz 0ms (cache hit)
3379 http cache msgpackr-extract@https://registry.npmjs.org/msgpackr-extract/-/msgpackr-extract-3.0.4.tgz 0ms (cache hit)
3380 http cache mime-db@https://registry.npmjs.org/mime-db/-/mime-db-1.54.0.tgz 0ms (cache hit)
3381 http cache @msgpackr-extract/msgpackr-extract-win32-x64@https://registry.npmjs.org/@msgpackr-extract/msgpackr-extract-win32-x64/-/msgpackr-extract-win32-x64-3.0.4.tgz 0ms (cache hit)
3382 http cache restore-cursor@https://registry.npmjs.org/restore-cursor/-/restore-cursor-5.1.0.tgz 0ms (cache hit)
3383 http cache environment@https://registry.npmjs.org/environment/-/environment-1.1.0.tgz 0ms (cache hit)
3384 http cache yallist@https://registry.npmjs.org/yallist/-/yallist-3.1.1.tgz 0ms (cache hit)
3385 http cache strip-ansi@https://registry.npmjs.org/strip-ansi/-/strip-ansi-7.2.0.tgz 0ms (cache hit)
3386 http cache cli-cursor@https://registry.npmjs.org/cli-cursor/-/cli-cursor-5.0.0.tgz 0ms (cache hit)
3387 http cache ansi-escapes@https://registry.npmjs.org/ansi-escapes/-/ansi-escapes-7.3.0.tgz 0ms (cache hit)
3388 http cache weak-lru-cache@https://registry.npmjs.org/weak-lru-cache/-/weak-lru-cache-1.2.2.tgz 0ms (cache hit)
3389 http cache ordered-binary@https://registry.npmjs.org/ordered-binary/-/ordered-binary-1.6.1.tgz 0ms (cache hit)
3390 http cache @lmdb/lmdb-win32-x64@https://registry.npmjs.org/@lmdb/lmdb-win32-x64/-/lmdb-win32-x64-3.5.1.tgz 0ms (cache hit)
3391 http cache node-addon-api@https://registry.npmjs.org/node-addon-api/-/node-addon-api-6.1.0.tgz 0ms (cache hit)
3392 http cache msgpackr@https://registry.npmjs.org/msgpackr/-/msgpackr-1.12.1.tgz 0ms (cache hit)
3393 http cache node-gyp-build-optional-packages@https://registry.npmjs.org/node-gyp-build-optional-packages/-/node-gyp-build-optional-packages-5.2.2.tgz 0ms (cache hit)
3394 http cache @harperfast/extended-iterable@https://registry.npmjs.org/@harperfast/extended-iterable/-/extended-iterable-1.0.3.tgz 1ms (cache hit)
3395 http cache string-width@https://registry.npmjs.org/string-width/-/string-width-8.2.2.tgz 0ms (cache hit)
3396 http cache slice-ansi@https://registry.npmjs.org/slice-ansi/-/slice-ansi-8.0.0.tgz 0ms (cache hit)
3397 http cache rfdc@https://registry.npmjs.org/rfdc/-/rfdc-1.4.1.tgz 0ms (cache hit)
3398 http cache eventemitter3@https://registry.npmjs.org/eventemitter3/-/eventemitter3-5.0.4.tgz 0ms (cache hit)
3399 http cache @csstools/css-color-parser@https://registry.npmjs.org/@csstools/css-color-parser/-/css-color-parser-4.2.3.tgz 0ms (cache hit)
3400 http cache cli-truncate@https://registry.npmjs.org/cli-truncate/-/cli-truncate-5.2.0.tgz 0ms (cache hit)
3401 http cache colorette@https://registry.npmjs.org/colorette/-/colorette-2.0.20.tgz 0ms (cache hit)
3402 http cache log-update@https://registry.npmjs.org/log-update/-/log-update-6.1.0.tgz 0ms (cache hit)
3403 http cache @csstools/color-helpers@https://registry.npmjs.org/@csstools/color-helpers/-/color-helpers-6.1.1.tgz 0ms (cache hit)
3404 http cache @csstools/css-parser-algorithms@https://registry.npmjs.org/@csstools/css-parser-algorithms/-/css-parser-algorithms-4.0.0.tgz 0ms (cache hit)
3405 http cache @csstools/css-calc@https://registry.npmjs.org/@csstools/css-calc/-/css-calc-3.4.0.tgz 0ms (cache hit)
3406 http cache @csstools/css-tokenizer@https://registry.npmjs.org/@csstools/css-tokenizer/-/css-tokenizer-4.0.0.tgz 0ms (cache hit)
3407 http cache @asamuzakjp/css-color@https://registry.npmjs.org/@asamuzakjp/css-color/-/css-color-4.1.2.tgz 0ms (cache hit)
3408 http cache @csstools/css-syntax-patches-for-csstree@https://registry.npmjs.org/@csstools/css-syntax-patches-for-csstree/-/css-syntax-patches-for-csstree-1.1.14.tgz 0ms (cache hit)
3409 http cache source-map-js@https://registry.npmjs.org/source-map-js/-/source-map-js-1.2.1.tgz 0ms (cache hit)
3410 http cache @asamuzakjp/nwsapi@https://registry.npmjs.org/@asamuzakjp/nwsapi/-/nwsapi-2.3.9.tgz 0ms (cache hit)
3411 http cache bidi-js@https://registry.npmjs.org/bidi-js/-/bidi-js-1.1.0.tgz 0ms (cache hit)
3412 http cache mdn-data@https://registry.npmjs.org/mdn-data/-/mdn-data-2.27.1.tgz 0ms (cache hit)
3413 http cache whatwg-url@https://registry.npmjs.org/whatwg-url/-/whatwg-url-15.1.0.tgz 0ms (cache hit)
3414 http cache xml-name-validator@https://registry.npmjs.org/xml-name-validator/-/xml-name-validator-5.0.0.tgz 0ms (cache hit)
3415 http cache ws@https://registry.npmjs.org/ws/-/ws-8.21.3.tgz 0ms (cache hit)
3416 http cache css-tree@https://registry.npmjs.org/css-tree/-/css-tree-3.2.1.tgz 0ms (cache hit)
3417 http cache whatwg-mimetype@https://registry.npmjs.org/whatwg-mimetype/-/whatwg-mimetype-4.0.0.tgz 0ms (cache hit)
3418 http cache webidl-conversions@https://registry.npmjs.org/webidl-conversions/-/webidl-conversions-8.0.1.tgz 0ms (cache hit)
3419 http cache w3c-xmlserializer@https://registry.npmjs.org/w3c-xmlserializer/-/w3c-xmlserializer-5.0.0.tgz 0ms (cache hit)
3420 http cache tough-cookie@https://registry.npmjs.org/tough-cookie/-/tough-cookie-6.0.2.tgz 0ms (cache hit)
3421 http cache symbol-tree@https://registry.npmjs.org/symbol-tree/-/symbol-tree-3.2.4.tgz 0ms (cache hit)
3422 http cache saxes@https://registry.npmjs.org/saxes/-/saxes-6.0.0.tgz 0ms (cache hit)
3423 http cache html-encoding-sniffer@https://registry.npmjs.org/html-encoding-sniffer/-/html-encoding-sniffer-6.0.0.tgz 0ms (cache hit)
3424 http cache parse5@https://registry.npmjs.org/parse5/-/parse5-8.0.1.tgz 0ms (cache hit)
3425 http cache is-potential-custom-element-name@https://registry.npmjs.org/is-potential-custom-element-name/-/is-potential-custom-element-name-1.0.1.tgz 0ms (cache hit)
3426 http cache @exodus/bytes@https://registry.npmjs.org/@exodus/bytes/-/bytes-1.15.1.tgz 0ms (cache hit)
3427 http cache decimal.js@https://registry.npmjs.org/decimal.js/-/decimal.js-10.6.0.tgz 0ms (cache hit)
3428 http cache http-proxy-agent@https://registry.npmjs.org/http-proxy-agent/-/http-proxy-agent-7.0.2.tgz 0ms (cache hit)
3429 http cache cssstyle@https://registry.npmjs.org/cssstyle/-/cssstyle-5.3.7.tgz 0ms (cache hit)
3430 http cache @asamuzakjp/dom-selector@https://registry.npmjs.org/@asamuzakjp/dom-selector/-/dom-selector-6.8.1.tgz 0ms (cache hit)
3431 http cache istanbul-lib-coverage@https://registry.npmjs.org/istanbul-lib-coverage/-/istanbul-lib-coverage-3.2.2.tgz 0ms (cache hit)
3432 http cache @acemir/cssom@https://registry.npmjs.org/@acemir/cssom/-/cssom-0.9.31.tgz 0ms (cache hit)
3433 http cache @istanbuljs/schema@https://registry.npmjs.org/@istanbuljs/schema/-/schema-0.1.6.tgz 0ms (cache hit)
3434 http cache safer-buffer@https://registry.npmjs.org/safer-buffer/-/safer-buffer-2.1.2.tgz 0ms (cache hit)
3435 http cache agent-base@https://registry.npmjs.org/agent-base/-/agent-base-7.1.4.tgz 0ms (cache hit)
3436 http cache data-urls@https://registry.npmjs.org/data-urls/-/data-urls-6.0.1.tgz 0ms (cache hit)
3437 http cache toidentifier@https://registry.npmjs.org/toidentifier/-/toidentifier-1.0.1.tgz 0ms (cache hit)
3438 http cache inherits@https://registry.npmjs.org/inherits/-/inherits-2.0.4.tgz 0ms (cache hit)
3439 http cache type-is@https://registry.npmjs.org/type-is/-/type-is-2.1.0.tgz 0ms (cache hit)
3440 http cache ip-address@https://registry.npmjs.org/ip-address/-/ip-address-10.7.2.tgz 0ms (cache hit)
3441 http cache setprototypeof@https://registry.npmjs.org/setprototypeof/-/setprototypeof-1.2.0.tgz 0ms (cache hit)
3442 http cache negotiator@https://registry.npmjs.org/negotiator/-/negotiator-1.1.0.tgz 0ms (cache hit)
3443 http cache statuses@https://registry.npmjs.org/statuses/-/statuses-2.0.2.tgz 0ms (cache hit)
3444 http cache serve-static@https://registry.npmjs.org/serve-static/-/serve-static-2.2.1.tgz 0ms (cache hit)
3445 http cache send@https://registry.npmjs.org/send/-/send-1.2.1.tgz 0ms (cache hit)
3446 http cache range-parser@https://registry.npmjs.org/range-parser/-/range-parser-1.3.0.tgz 0ms (cache hit)
3447 http cache router@https://registry.npmjs.org/router/-/router-2.2.0.tgz 0ms (cache hit)
3448 http cache qs@https://registry.npmjs.org/qs/-/qs-6.16.0.tgz 0ms (cache hit)
3449 http cache proxy-addr@https://registry.npmjs.org/proxy-addr/-/proxy-addr-2.0.8.tgz 0ms (cache hit)
3450 http cache parseurl@https://registry.npmjs.org/parseurl/-/parseurl-1.3.3.tgz 0ms (cache hit)
3451 http cache on-finished@https://registry.npmjs.org/on-finished/-/on-finished-2.4.1.tgz 0ms (cache hit)
3452 http cache once@https://registry.npmjs.org/once/-/once-1.4.0.tgz 0ms (cache hit)
3453 http cache mime-types@https://registry.npmjs.org/mime-types/-/mime-types-3.0.2.tgz 0ms (cache hit)
3454 http cache merge-descriptors@https://registry.npmjs.org/merge-descriptors/-/merge-descriptors-2.0.0.tgz 0ms (cache hit)
3455 http cache http-errors@https://registry.npmjs.org/http-errors/-/http-errors-2.0.1.tgz 0ms (cache hit)
3456 http cache fresh@https://registry.npmjs.org/fresh/-/fresh-2.0.0.tgz 0ms (cache hit)
3457 http cache finalhandler@https://registry.npmjs.org/finalhandler/-/finalhandler-2.1.1.tgz 0ms (cache hit)
3458 http cache etag@https://registry.npmjs.org/etag/-/etag-1.8.1.tgz 0ms (cache hit)
3459 http cache escape-html@https://registry.npmjs.org/escape-html/-/escape-html-1.0.3.tgz 0ms (cache hit)
3460 http cache encodeurl@https://registry.npmjs.org/encodeurl/-/encodeurl-2.0.0.tgz 0ms (cache hit)
3461 http cache depd@https://registry.npmjs.org/depd/-/depd-2.0.0.tgz 0ms (cache hit)
3462 http cache cookie-signature@https://registry.npmjs.org/cookie-signature/-/cookie-signature-1.2.2.tgz 0ms (cache hit)
3463 http cache cookie@https://registry.npmjs.org/cookie/-/cookie-0.7.2.tgz 0ms (cache hit)
3464 http cache content-disposition@https://registry.npmjs.org/content-disposition/-/content-disposition-1.1.0.tgz 0ms (cache hit)
3465 http cache body-parser@https://registry.npmjs.org/body-parser/-/body-parser-2.3.0.tgz 0ms (cache hit)
3466 http cache @esbuild/win32-x64@https://registry.npmjs.org/@esbuild/win32-x64/-/win32-x64-0.28.1.tgz 0ms (cache hit)
3467 http cache entities@https://registry.npmjs.org/entities/-/entities-4.5.0.tgz 0ms (cache hit)
3468 http cache accepts@https://registry.npmjs.org/accepts/-/accepts-2.0.0.tgz 0ms (cache hit)
3469 http cache domelementtype@https://registry.npmjs.org/domelementtype/-/domelementtype-2.3.0.tgz 0ms (cache hit)
3470 http cache ms@https://registry.npmjs.org/ms/-/ms-2.1.3.tgz 0ms (cache hit)
3471 http cache nth-check@https://registry.npmjs.org/nth-check/-/nth-check-2.1.1.tgz 0ms (cache hit)
3472 http cache domutils@https://registry.npmjs.org/domutils/-/domutils-3.2.2.tgz 0ms (cache hit)
3473 http cache boolbase@https://registry.npmjs.org/boolbase/-/boolbase-1.0.0.tgz 0ms (cache hit)
3474 http cache which@https://registry.npmjs.org/which/-/which-2.0.2.tgz 0ms (cache hit)
3475 http cache shebang-command@https://registry.npmjs.org/shebang-command/-/shebang-command-2.0.0.tgz 0ms (cache hit)
3476 http cache path-key@https://registry.npmjs.org/path-key/-/path-key-3.1.1.tgz 0ms (cache hit)
3477 http cache vary@https://registry.npmjs.org/vary/-/vary-1.1.2.tgz 0ms (cache hit)
3478 http cache object-assign@https://registry.npmjs.org/object-assign/-/object-assign-4.1.1.tgz 0ms (cache hit)
3479 http cache update-browserslist-db@https://registry.npmjs.org/update-browserslist-db/-/update-browserslist-db-1.3.3.tgz 0ms (cache hit)
3480 http cache readdirp@https://registry.npmjs.org/readdirp/-/readdirp-5.1.1.tgz 0ms (cache hit)
3481 http cache electron-to-chromium@https://registry.npmjs.org/electron-to-chromium/-/electron-to-chromium-1.5.430.tgz 0ms (cache hit)
3482 http cache caniuse-lite@https://registry.npmjs.org/caniuse-lite/-/caniuse-lite-1.0.30001810.tgz 0ms (cache hit)
3483 http cache baseline-browser-mapping@https://registry.npmjs.org/baseline-browser-mapping/-/baseline-browser-mapping-2.11.24.tgz 0ms (cache hit)
3484 http cache postcss-safe-parser@https://registry.npmjs.org/postcss-safe-parser/-/postcss-safe-parser-7.1.0.tgz 0ms (cache hit)
3485 http cache bytes@https://registry.npmjs.org/bytes/-/bytes-3.1.2.tgz 0ms (cache hit)
3486 http cache postcss-media-query-parser@https://registry.npmjs.org/postcss-media-query-parser/-/postcss-media-query-parser-0.2.3.tgz 0ms (cache hit)
3487 http cache domhandler@https://registry.npmjs.org/domhandler/-/domhandler-5.0.3.tgz 0ms (cache hit)
3488 http cache postcss@https://registry.npmjs.org/postcss/-/postcss-8.5.28.tgz 0ms (cache hit)
3489 http cache htmlparser2@https://registry.npmjs.org/htmlparser2/-/htmlparser2-10.1.0.tgz 0ms (cache hit)
3490 http cache css-what@https://registry.npmjs.org/css-what/-/css-what-7.0.0.tgz 0ms (cache hit)
3491 http cache @algolia/requester-node-http@https://registry.npmjs.org/@algolia/requester-node-http/-/requester-node-http-5.48.1.tgz 0ms (cache hit)
3492 http cache css-select@https://registry.npmjs.org/css-select/-/css-select-6.0.0.tgz 0ms (cache hit)
3493 http cache dom-serializer@https://registry.npmjs.org/dom-serializer/-/dom-serializer-2.0.0.tgz 0ms (cache hit)
3494 http cache @algolia/requester-fetch@https://registry.npmjs.org/@algolia/requester-fetch/-/requester-fetch-5.48.1.tgz 0ms (cache hit)
3495 http cache @algolia/monitoring@https://registry.npmjs.org/@algolia/monitoring/-/monitoring-1.48.1.tgz 0ms (cache hit)
3496 http cache @algolia/requester-browser-xhr@https://registry.npmjs.org/@algolia/requester-browser-xhr/-/requester-browser-xhr-5.48.1.tgz 0ms (cache hit)
3497 http cache @algolia/recommend@https://registry.npmjs.org/@algolia/recommend/-/recommend-5.48.1.tgz 0ms (cache hit)
3498 http cache @algolia/ingestion@https://registry.npmjs.org/@algolia/ingestion/-/ingestion-1.48.1.tgz 0ms (cache hit)
3499 http cache @algolia/client-search@https://registry.npmjs.org/@algolia/client-search/-/client-search-5.48.1.tgz 0ms (cache hit)
3500 http cache @algolia/client-query-suggestions@https://registry.npmjs.org/@algolia/client-query-suggestions/-/client-query-suggestions-5.48.1.tgz 1ms (cache hit)
3501 http cache @algolia/client-personalization@https://registry.npmjs.org/@algolia/client-personalization/-/client-personalization-5.48.1.tgz 0ms (cache hit)
3502 http cache @algolia/client-insights@https://registry.npmjs.org/@algolia/client-insights/-/client-insights-5.48.1.tgz 0ms (cache hit)
3503 http cache @algolia/client-analytics@https://registry.npmjs.org/@algolia/client-analytics/-/client-analytics-5.48.1.tgz 0ms (cache hit)
3504 http cache @algolia/client-common@https://registry.npmjs.org/@algolia/client-common/-/client-common-5.48.1.tgz 1ms (cache hit)
3505 http cache require-from-string@https://registry.npmjs.org/require-from-string/-/require-from-string-2.0.2.tgz 0ms (cache hit)
3506 http cache @algolia/client-abtesting@https://registry.npmjs.org/@algolia/client-abtesting/-/client-abtesting-5.48.1.tgz 0ms (cache hit)
3507 http cache @algolia/abtesting@https://registry.npmjs.org/@algolia/abtesting/-/abtesting-1.14.1.tgz 0ms (cache hit)
3508 http cache fast-uri@https://registry.npmjs.org/fast-uri/-/fast-uri-3.1.8.tgz 0ms (cache hit)
3509 http cache json-schema-traverse@https://registry.npmjs.org/json-schema-traverse/-/json-schema-traverse-1.0.0.tgz 0ms (cache hit)
3510 http cache zod-to-json-schema@https://registry.npmjs.org/zod-to-json-schema/-/zod-to-json-schema-3.25.2.tgz 0ms (cache hit)
3511 http cache fast-deep-equal@https://registry.npmjs.org/fast-deep-equal/-/fast-deep-equal-3.1.3.tgz 0ms (cache hit)
3512 http cache raw-body@https://registry.npmjs.org/raw-body/-/raw-body-3.0.2.tgz 0ms (cache hit)
3513 http cache pkce-challenge@https://registry.npmjs.org/pkce-challenge/-/pkce-challenge-5.0.1.tgz 0ms (cache hit)
3514 http cache jose@https://registry.npmjs.org/jose/-/jose-6.2.12.tgz 0ms (cache hit)
3515 http cache express-rate-limit@https://registry.npmjs.org/express-rate-limit/-/express-rate-limit-8.7.0.tgz 0ms (cache hit)
3516 http cache express@https://registry.npmjs.org/express/-/express-5.2.1.tgz 0ms (cache hit)
3517 http cache node-releases@https://registry.npmjs.org/node-releases/-/node-releases-2.0.55.tgz 0ms (cache hit)
3518 http cache json-schema-typed@https://registry.npmjs.org/json-schema-typed/-/json-schema-typed-8.0.2.tgz 0ms (cache hit)
3519 http cache eventsource-parser@https://registry.npmjs.org/eventsource-parser/-/eventsource-parser-3.1.1.tgz 0ms (cache hit)
3520 http cache eventsource@https://registry.npmjs.org/eventsource/-/eventsource-3.0.7.tgz 0ms (cache hit)
3521 http cache cors@https://registry.npmjs.org/cors/-/cors-2.8.6.tgz 0ms (cache hit)
3522 http cache hono@https://registry.npmjs.org/hono/-/hono-4.13.8.tgz 0ms (cache hit)
3523 http cache cross-spawn@https://registry.npmjs.org/cross-spawn/-/cross-spawn-7.0.6.tgz 0ms (cache hit)
3524 http cache content-type@https://registry.npmjs.org/content-type/-/content-type-1.0.5.tgz 0ms (cache hit)
3525 http cache @hono/node-server@https://registry.npmjs.org/@hono/node-server/-/node-server-2.1.1.tgz 0ms (cache hit)
3526 http cache @jridgewell/resolve-uri@https://registry.npmjs.org/@jridgewell/resolve-uri/-/resolve-uri-3.1.2.tgz 0ms (cache hit)
3527 http cache @inquirer/external-editor@https://registry.npmjs.org/@inquirer/external-editor/-/external-editor-1.0.3.tgz 0ms (cache hit)
3528 http cache chardet@https://registry.npmjs.org/chardet/-/chardet-2.2.0.tgz 0ms (cache hit)
3529 http cache @inquirer/select@https://registry.npmjs.org/@inquirer/select/-/select-4.4.2.tgz 0ms (cache hit)
3530 http cache iconv-lite@https://registry.npmjs.org/iconv-lite/-/iconv-lite-0.7.3.tgz 0ms (cache hit)
3531 http cache @inquirer/rawlist@https://registry.npmjs.org/@inquirer/rawlist/-/rawlist-4.1.11.tgz 0ms (cache hit)
3532 http cache @inquirer/search@https://registry.npmjs.org/@inquirer/search/-/search-3.2.2.tgz 0ms (cache hit)
3533 http cache @inquirer/password@https://registry.npmjs.org/@inquirer/password/-/password-4.0.23.tgz 0ms (cache hit)
3534 http cache @inquirer/number@https://registry.npmjs.org/@inquirer/number/-/number-3.0.23.tgz 0ms (cache hit)
3535 http cache @inquirer/checkbox@https://registry.npmjs.org/@inquirer/checkbox/-/checkbox-4.3.2.tgz 0ms (cache hit)
3536 http cache @inquirer/expand@https://registry.npmjs.org/@inquirer/expand/-/expand-4.0.23.tgz 0ms (cache hit)
3537 http cache @inquirer/editor@https://registry.npmjs.org/@inquirer/editor/-/editor-4.2.23.tgz 1ms (cache hit)
3538 http cache wrap-ansi@https://registry.npmjs.org/wrap-ansi/-/wrap-ansi-6.2.0.tgz 0ms (cache hit)
3539 http cache @inquirer/input@https://registry.npmjs.org/@inquirer/input/-/input-4.3.1.tgz 0ms (cache hit)
3540 http cache yoctocolors-cjs@https://registry.npmjs.org/yoctocolors-cjs/-/yoctocolors-cjs-2.1.3.tgz 0ms (cache hit)
3541 http cache mute-stream@https://registry.npmjs.org/mute-stream/-/mute-stream-2.0.0.tgz 0ms (cache hit)
3542 http cache signal-exit@https://registry.npmjs.org/signal-exit/-/signal-exit-4.1.0.tgz 0ms (cache hit)
3543 http cache @inquirer/figures@https://registry.npmjs.org/@inquirer/figures/-/figures-1.0.15.tgz 0ms (cache hit)
3544 http cache @inquirer/ansi@https://registry.npmjs.org/@inquirer/ansi/-/ansi-1.0.2.tgz 0ms (cache hit)
3545 http cache @inquirer/type@https://registry.npmjs.org/@inquirer/type/-/type-3.0.10.tgz 0ms (cache hit)
3546 http cache cli-width@https://registry.npmjs.org/cli-width/-/cli-width-4.1.0.tgz 0ms (cache hit)
3547 http cache @inquirer/core@https://registry.npmjs.org/@inquirer/core/-/core-10.3.2.tgz 1ms (cache hit)
3548 http cache @babel/helper-string-parser@https://registry.npmjs.org/@babel/helper-string-parser/-/helper-string-parser-7.29.7.tgz 0ms (cache hit)
3549 http cache lru-cache@https://registry.npmjs.org/lru-cache/-/lru-cache-5.1.1.tgz 0ms (cache hit)
3550 http cache jsesc@https://registry.npmjs.org/jsesc/-/jsesc-3.1.0.tgz 0ms (cache hit)
3551 http cache @babel/helper-globals@https://registry.npmjs.org/@babel/helper-globals/-/helper-globals-7.29.7.tgz 0ms (cache hit)
3552 http cache picocolors@https://registry.npmjs.org/picocolors/-/picocolors-1.1.1.tgz 0ms (cache hit)
3553 http cache @babel/helper-module-imports@https://registry.npmjs.org/@babel/helper-module-imports/-/helper-module-imports-7.29.7.tgz 0ms (cache hit)
3554 http cache @babel/helper-validator-option@https://registry.npmjs.org/@babel/helper-validator-option/-/helper-validator-option-7.29.7.tgz 0ms (cache hit)
3555 http cache @babel/compat-data@https://registry.npmjs.org/@babel/compat-data/-/compat-data-7.29.7.tgz 0ms (cache hit)
3556 http cache js-tokens@https://registry.npmjs.org/js-tokens/-/js-tokens-4.0.0.tgz 0ms (cache hit)
3557 http cache @babel/helper-validator-identifier@https://registry.npmjs.org/@babel/helper-validator-identifier/-/helper-validator-identifier-7.29.7.tgz 0ms (cache hit)
3558 http cache @jridgewell/remapping@https://registry.npmjs.org/@jridgewell/remapping/-/remapping-2.3.5.tgz 1ms (cache hit)
3559 http cache @babel/types@https://registry.npmjs.org/@babel/types/-/types-7.29.8.tgz 0ms (cache hit)
3560 http cache @babel/traverse@https://registry.npmjs.org/@babel/traverse/-/traverse-7.29.8.tgz 0ms (cache hit)
3561 http cache @babel/template@https://registry.npmjs.org/@babel/template/-/template-7.29.7.tgz 0ms (cache hit)
3562 http cache gensync@https://registry.npmjs.org/gensync/-/gensync-1.0.0-beta.2.tgz 0ms (cache hit)
3563 http cache json5@https://registry.npmjs.org/json5/-/json5-2.2.3.tgz 0ms (cache hit)
3564 http cache debug@https://registry.npmjs.org/debug/-/debug-4.4.3.tgz 0ms (cache hit)
3565 http cache @babel/parser@https://registry.npmjs.org/@babel/parser/-/parser-7.29.8.tgz 0ms (cache hit)
3566 http cache @babel/helper-compilation-targets@https://registry.npmjs.org/@babel/helper-compilation-targets/-/helper-compilation-targets-7.29.7.tgz 0ms (cache hit)
3567 http cache @babel/helpers@https://registry.npmjs.org/@babel/helpers/-/helpers-7.29.7.tgz 0ms (cache hit)
3568 http cache @babel/code-frame@https://registry.npmjs.org/@babel/code-frame/-/code-frame-7.29.7.tgz 0ms (cache hit)
3569 http cache @standard-schema/spec@https://registry.npmjs.org/@standard-schema/spec/-/spec-1.1.0.tgz 0ms (cache hit)
3570 http cache reflect-metadata@https://registry.npmjs.org/reflect-metadata/-/reflect-metadata-0.2.2.tgz 0ms (cache hit)
3571 http cache convert-source-map@https://registry.npmjs.org/convert-source-map/-/convert-source-map-1.9.0.tgz 0ms (cache hit)
3572 http cache chokidar@https://registry.npmjs.org/chokidar/-/chokidar-5.0.0.tgz 0ms (cache hit)
3573 http cache @jridgewell/sourcemap-codec@https://registry.npmjs.org/@jridgewell/sourcemap-codec/-/sourcemap-codec-1.6.0.tgz 0ms (cache hit)
3574 http cache ora@https://registry.npmjs.org/ora/-/ora-9.3.0.tgz 1ms (cache hit)
3575 http cache @babel/helper-module-transforms@https://registry.npmjs.org/@babel/helper-module-transforms/-/helper-module-transforms-7.29.7.tgz 0ms (cache hit)
3576 http cache zod@https://registry.npmjs.org/zod/-/zod-4.3.6.tgz 0ms (cache hit)
3577 http cache yargs@https://registry.npmjs.org/yargs/-/yargs-18.0.0.tgz 0ms (cache hit)
3578 http cache @babel/generator@https://registry.npmjs.org/@babel/generator/-/generator-7.29.8.tgz 0ms (cache hit)
3579 http cache ini@https://registry.npmjs.org/ini/-/ini-6.0.0.tgz 0ms (cache hit)
3580 http cache @yarnpkg/lockfile@https://registry.npmjs.org/@yarnpkg/lockfile/-/lockfile-1.1.0.tgz 0ms (cache hit)
3581 http cache algoliasearch@https://registry.npmjs.org/algoliasearch/-/algoliasearch-5.48.1.tgz 0ms (cache hit)
3582 http cache @schematics/angular@https://registry.npmjs.org/@schematics/angular/-/angular-21.2.24.tgz 1ms (cache hit)
3583 http cache pacote@https://registry.npmjs.org/pacote/-/pacote-21.5.1.tgz 0ms (cache hit)
3584 http cache @modelcontextprotocol/sdk@https://registry.npmjs.org/@modelcontextprotocol/sdk/-/sdk-1.30.0.tgz 0ms (cache hit)
3585 http cache @listr2/prompt-adapter-inquirer@https://registry.npmjs.org/@listr2/prompt-adapter-inquirer/-/prompt-adapter-inquirer-3.0.5.tgz 0ms (cache hit)
3586 http cache @angular-devkit/schematics@https://registry.npmjs.org/@angular-devkit/schematics/-/schematics-21.2.24.tgz 1ms (cache hit)
3587 http cache ajv-formats@https://registry.npmjs.org/ajv-formats/-/ajv-formats-3.0.1.tgz 0ms (cache hit)
3588 http cache @inquirer/prompts@https://registry.npmjs.org/@inquirer/prompts/-/prompts-7.10.1.tgz 0ms (cache hit)
3589 http cache @angular-devkit/core@https://registry.npmjs.org/@angular-devkit/core/-/core-21.2.24.tgz 1ms (cache hit)
3590 http cache @jridgewell/trace-mapping@https://registry.npmjs.org/@jridgewell/trace-mapping/-/trace-mapping-0.3.31.tgz 0ms (cache hit)
3591 http cache ajv@https://registry.npmjs.org/ajv/-/ajv-8.18.0.tgz 0ms (cache hit)
3592 http cache @jridgewell/gen-mapping@https://registry.npmjs.org/@jridgewell/gen-mapping/-/gen-mapping-0.3.13.tgz 0ms (cache hit)
3593 http cache source-map@https://registry.npmjs.org/source-map/-/source-map-0.7.6.tgz 0ms (cache hit)
3594 http cache watchpack@https://registry.npmjs.org/watchpack/-/watchpack-2.5.1.tgz 0ms (cache hit)
3595 http cache undici@https://registry.npmjs.org/undici/-/undici-7.29.1.tgz 0ms (cache hit)
3596 http cache tinyglobby@https://registry.npmjs.org/tinyglobby/-/tinyglobby-0.2.15.tgz 0ms (cache hit)
3597 http cache source-map-support@https://registry.npmjs.org/source-map-support/-/source-map-support-0.5.21.tgz 0ms (cache hit)
3598 http cache semver@https://registry.npmjs.org/semver/-/semver-7.7.4.tgz 0ms (cache hit)
3599 http cache sass@https://registry.npmjs.org/sass/-/sass-1.97.3.tgz 0ms (cache hit)
3600 http cache piscina@https://registry.npmjs.org/piscina/-/piscina-5.2.0.tgz 0ms (cache hit)
3601 http cache rolldown@https://registry.npmjs.org/rolldown/-/rolldown-1.0.0-rc.4.tgz 0ms (cache hit)
3602 http cache picomatch@https://registry.npmjs.org/picomatch/-/picomatch-4.0.4.tgz 0ms (cache hit)
3603 http cache mrmime@https://registry.npmjs.org/mrmime/-/mrmime-2.0.1.tgz 0ms (cache hit)
3604 http cache magic-string@https://registry.npmjs.org/magic-string/-/magic-string-0.30.21.tgz 0ms (cache hit)
3605 http cache parse5-html-rewriting-stream@https://registry.npmjs.org/parse5-html-rewriting-stream/-/parse5-html-rewriting-stream-8.0.0.tgz 0ms (cache hit)
3606 http cache lmdb@https://registry.npmjs.org/lmdb/-/lmdb-3.5.1.tgz 0ms (cache hit)
3607 http cache listr2@https://registry.npmjs.org/listr2/-/listr2-9.0.5.tgz 0ms (cache hit)
3608 http cache jsonc-parser@https://registry.npmjs.org/jsonc-parser/-/jsonc-parser-3.3.1.tgz 0ms (cache hit)
3609 http cache istanbul-lib-instrument@https://registry.npmjs.org/istanbul-lib-instrument/-/istanbul-lib-instrument-6.0.3.tgz 0ms (cache hit)
3610 http cache esbuild@https://registry.npmjs.org/esbuild/-/esbuild-0.28.1.tgz 0ms (cache hit)
3611 http cache npm-package-arg@https://registry.npmjs.org/npm-package-arg/-/npm-package-arg-13.0.2.tgz 0ms (cache hit)
3612 http cache beasties@https://registry.npmjs.org/beasties/-/beasties-0.4.1.tgz 0ms (cache hit)
3613 http cache @inquirer/confirm@https://registry.npmjs.org/@inquirer/confirm/-/confirm-5.1.21.tgz 0ms (cache hit)
3614 http cache https-proxy-agent@https://registry.npmjs.org/https-proxy-agent/-/https-proxy-agent-7.0.6.tgz 0ms (cache hit)
3615 http cache vite@https://registry.npmjs.org/vite/-/vite-7.3.6.tgz 0ms (cache hit)
3616 http cache browserslist@https://registry.npmjs.org/browserslist/-/browserslist-4.29.0.tgz 0ms (cache hit)
3617 http cache @vitejs/plugin-basic-ssl@https://registry.npmjs.org/@vitejs/plugin-basic-ssl/-/plugin-basic-ssl-2.1.4.tgz 1ms (cache hit)
3618 http cache @babel/core@https://registry.npmjs.org/@babel/core/-/core-7.29.7.tgz 0ms (cache hit)
3619 http cache @angular-devkit/architect@https://registry.npmjs.org/@angular-devkit/architect/-/architect-0.2102.24.tgz 0ms (cache hit)
3620 http cache @babel/helper-annotate-as-pure@https://registry.npmjs.org/@babel/helper-annotate-as-pure/-/helper-annotate-as-pure-7.27.3.tgz 0ms (cache hit)
3621 http cache vitest@https://registry.npmjs.org/vitest/-/vitest-4.1.11.tgz 0ms (cache hit)
3622 http cache jsdom@https://registry.npmjs.org/jsdom/-/jsdom-27.4.0.tgz 0ms (cache hit)
3623 http cache @angular/platform-browser@https://registry.npmjs.org/@angular/platform-browser/-/platform-browser-21.2.23.tgz 0ms (cache hit)
3624 http cache @angular/forms@https://registry.npmjs.org/@angular/forms/-/forms-21.2.23.tgz 0ms (cache hit)
3625 http cache @angular/router@https://registry.npmjs.org/@angular/router/-/router-21.2.23.tgz 0ms (cache hit)
3626 http cache rxjs@https://registry.npmjs.org/rxjs/-/rxjs-7.8.2.tgz 0ms (cache hit)
3627 http cache @angular/common@https://registry.npmjs.org/@angular/common/-/common-21.2.23.tgz 0ms (cache hit)
3628 http cache @angular/cli@https://registry.npmjs.org/@angular/cli/-/cli-21.2.24.tgz 0ms (cache hit)
3629 http cache @angular/compiler-cli@https://registry.npmjs.org/@angular/compiler-cli/-/compiler-cli-21.2.23.tgz 0ms (cache hit)
3630 http cache @angular/compiler@https://registry.npmjs.org/@angular/compiler/-/compiler-21.2.23.tgz 0ms (cache hit)
3631 http cache @angular/build@https://registry.npmjs.org/@angular/build/-/build-21.2.24.tgz 0ms (cache hit)
3632 http cache tslib@https://registry.npmjs.org/tslib/-/tslib-2.8.1.tgz 0ms (cache hit)
3633 http cache typescript@https://registry.npmjs.org/typescript/-/typescript-5.9.3.tgz 0ms (cache hit)
3634 http cache wrap-ansi@https://registry.npmjs.org/wrap-ansi/-/wrap-ansi-9.0.2.tgz 0ms (cache hit)
3635 http cache string-width@https://registry.npmjs.org/string-width/-/string-width-7.2.0.tgz 0ms (cache hit)
3636 http cache convert-source-map@https://registry.npmjs.org/convert-source-map/-/convert-source-map-2.0.0.tgz 0ms (cache hit)
3637 http cache node-addon-api@https://registry.npmjs.org/node-addon-api/-/node-addon-api-7.1.1.tgz 0ms (cache hit)
3638 http cache @ampproject/remapping@https://registry.npmjs.org/@ampproject/remapping/-/remapping-2.3.0.tgz 0ms (cache hit)
3639 http cache @babel/helper-split-export-declaration@https://registry.npmjs.org/@babel/helper-split-export-declaration/-/helper-split-export-declaration-7.24.7.tgz 0ms (cache hit)
3640 http cache lru-cache@https://registry.npmjs.org/lru-cache/-/lru-cache-11.5.2.tgz 0ms (cache hit)
3641 http cache lru-cache@https://registry.npmjs.org/lru-cache/-/lru-cache-11.5.2.tgz 0ms (cache hit)
3642 http cache yallist@https://registry.npmjs.org/yallist/-/yallist-4.0.0.tgz 0ms (cache hit)
3643 http cache minipass@https://registry.npmjs.org/minipass/-/minipass-3.3.6.tgz 0ms (cache hit)
3644 http cache isexe@https://registry.npmjs.org/isexe/-/isexe-4.0.0.tgz 0ms (cache hit)
3645 http cache which@https://registry.npmjs.org/which/-/which-6.0.1.tgz 0ms (cache hit)
3646 http cache undici@https://registry.npmjs.org/undici/-/undici-6.28.1.tgz 0ms (cache hit)
3647 http cache lru-cache@https://registry.npmjs.org/lru-cache/-/lru-cache-11.5.2.tgz 0ms (cache hit)
3648 http cache isexe@https://registry.npmjs.org/isexe/-/isexe-4.0.0.tgz 0ms (cache hit)
3649 http cache yallist@https://registry.npmjs.org/yallist/-/yallist-5.0.0.tgz 0ms (cache hit)
3650 http cache which@https://registry.npmjs.org/which/-/which-6.0.1.tgz 0ms (cache hit)
3651 http cache isexe@https://registry.npmjs.org/isexe/-/isexe-4.0.0.tgz 0ms (cache hit)
3652 http cache yallist@https://registry.npmjs.org/yallist/-/yallist-4.0.0.tgz 0ms (cache hit)
3653 http cache which@https://registry.npmjs.org/which/-/which-6.0.1.tgz 0ms (cache hit)
3654 http cache minipass@https://registry.npmjs.org/minipass/-/minipass-3.3.6.tgz 0ms (cache hit)
3655 http cache @angular/core@https://registry.npmjs.org/@angular/core/-/core-21.2.23.tgz 0ms (cache hit)
3656 http cache lru-cache@https://registry.npmjs.org/lru-cache/-/lru-cache-11.5.2.tgz 0ms (cache hit)
3657 http cache lru-cache@https://registry.npmjs.org/lru-cache/-/lru-cache-11.5.2.tgz 0ms (cache hit)
3658 http cache lru-cache@https://registry.npmjs.org/lru-cache/-/lru-cache-11.5.2.tgz 0ms (cache hit)
3659 http cache whatwg-mimetype@https://registry.npmjs.org/whatwg-mimetype/-/whatwg-mimetype-5.0.0.tgz 0ms (cache hit)
3660 http cache string-width@https://registry.npmjs.org/string-width/-/string-width-7.2.0.tgz 0ms (cache hit)
3661 http cache entities@https://registry.npmjs.org/entities/-/entities-8.1.0.tgz 0ms (cache hit)
3662 http cache wrap-ansi@https://registry.npmjs.org/wrap-ansi/-/wrap-ansi-9.0.2.tgz 0ms (cache hit)
3663 http cache slice-ansi@https://registry.npmjs.org/slice-ansi/-/slice-ansi-7.1.2.tgz 0ms (cache hit)
3664 http cache lru-cache@https://registry.npmjs.org/lru-cache/-/lru-cache-11.5.2.tgz 0ms (cache hit)
3665 http cache content-type@https://registry.npmjs.org/content-type/-/content-type-2.1.0.tgz 0ms (cache hit)
3666 http cache lru-cache@https://registry.npmjs.org/lru-cache/-/lru-cache-11.5.2.tgz 0ms (cache hit)
3667 http cache content-type@https://registry.npmjs.org/content-type/-/content-type-2.1.0.tgz 0ms (cache hit)
3668 http cache content-type@https://registry.npmjs.org/content-type/-/content-type-2.1.0.tgz 0ms (cache hit)
3669 http cache ansi-regex@https://registry.npmjs.org/ansi-regex/-/ansi-regex-5.0.1.tgz 0ms (cache hit)
3670 http cache is-fullwidth-code-point@https://registry.npmjs.org/is-fullwidth-code-point/-/is-fullwidth-code-point-3.0.0.tgz 0ms (cache hit)
3671 http cache emoji-regex@https://registry.npmjs.org/emoji-regex/-/emoji-regex-8.0.0.tgz 0ms (cache hit)
3672 http cache strip-ansi@https://registry.npmjs.org/strip-ansi/-/strip-ansi-6.0.1.tgz 0ms (cache hit)
3673 http cache string-width@https://registry.npmjs.org/string-width/-/string-width-4.2.3.tgz 0ms (cache hit)
3674 http cache ansi-styles@https://registry.npmjs.org/ansi-styles/-/ansi-styles-4.3.0.tgz 0ms (cache hit)
3675 http cache semver@https://registry.npmjs.org/semver/-/semver-6.3.1.tgz 0ms (cache hit)
3676 http cache string-width@https://registry.npmjs.org/string-width/-/string-width-7.2.0.tgz 0ms (cache hit)
3677 http cache source-map@https://registry.npmjs.org/source-map/-/source-map-0.6.1.tgz 0ms (cache hit)
3678 http cache entities@https://registry.npmjs.org/entities/-/entities-6.0.1.tgz 0ms (cache hit)
3679 http cache entities@https://registry.npmjs.org/entities/-/entities-7.0.1.tgz 0ms (cache hit)
3680 http cache string-width@https://registry.npmjs.org/string-width/-/string-width-7.2.0.tgz 0ms (cache hit)
3681 http cache readdirp@https://registry.npmjs.org/readdirp/-/readdirp-4.1.2.tgz 0ms (cache hit)
3682 http cache chokidar@https://registry.npmjs.org/chokidar/-/chokidar-4.0.3.tgz 0ms (cache hit)
3683 silly tarball no local data for yargs-parser@https://registry.npmjs.org/yargs-parser/-/yargs-parser-22.0.0.tgz. Extracting by manifest.
3684 silly tarball no local data for color-name@https://registry.npmjs.org/color-name/-/color-name-1.1.4.tgz. Extracting by manifest.
3685 silly tarball no local data for y18n@https://registry.npmjs.org/y18n/-/y18n-5.0.8.tgz. Extracting by manifest.
3686 silly tarball no local data for cliui@https://registry.npmjs.org/cliui/-/cliui-9.0.1.tgz. Extracting by manifest.
3687 silly tarball no local data for isexe@https://registry.npmjs.org/isexe/-/isexe-2.0.0.tgz. Extracting by manifest.
3688 silly tarball no local data for stackback@https://registry.npmjs.org/stackback/-/stackback-0.0.2.tgz. Extracting by manifest.
3689 silly tarball no local data for get-caller-file@https://registry.npmjs.org/get-caller-file/-/get-caller-file-2.0.5.tgz. Extracting by manifest.
3690 silly tarball no local data for punycode@https://registry.npmjs.org/punycode/-/punycode-2.3.1.tgz. Extracting by manifest.
3691 http cache wrap-ansi@https://registry.npmjs.org/wrap-ansi/-/wrap-ansi-9.0.2.tgz 0ms (cache hit)
3692 silly tarball no local data for tr46@https://registry.npmjs.org/tr46/-/tr46-6.0.0.tgz. Extracting by manifest.
3693 silly tarball no local data for color-convert@https://registry.npmjs.org/color-convert/-/color-convert-2.0.1.tgz. Extracting by manifest.
3694 silly tarball no local data for estree-walker@https://registry.npmjs.org/estree-walker/-/estree-walker-3.0.3.tgz. Extracting by manifest.
3695 silly tarball no local data for @types/deep-eql@https://registry.npmjs.org/@types/deep-eql/-/deep-eql-4.0.2.tgz. Extracting by manifest.
3696 silly tarball no local data for glob-to-regexp@https://registry.npmjs.org/glob-to-regexp/-/glob-to-regexp-0.4.1.tgz. Extracting by manifest.
3697 silly tarball no local data for emoji-regex@https://registry.npmjs.org/emoji-regex/-/emoji-regex-10.6.0.tgz. Extracting by manifest.
3698 silly tarball no local data for @types/chai@https://registry.npmjs.org/@types/chai/-/chai-5.2.3.tgz. Extracting by manifest.
3699 silly tarball no local data for assertion-error@https://registry.npmjs.org/assertion-error/-/assertion-error-2.0.1.tgz. Extracting by manifest.
3700 silly tarball no local data for why-is-node-running@https://registry.npmjs.org/why-is-node-running/-/why-is-node-running-2.3.0.tgz. Extracting by manifest.
3701 silly tarball no local data for chai@https://registry.npmjs.org/chai/-/chai-6.2.2.tgz. Extracting by manifest.
3702 http cache semver@https://registry.npmjs.org/semver/-/semver-6.3.1.tgz 1ms (cache hit)
3703 silly tarball no local data for tinyexec@https://registry.npmjs.org/tinyexec/-/tinyexec-1.3.1.tgz. Extracting by manifest.
3704 http cache convert-source-map@https://registry.npmjs.org/convert-source-map/-/convert-source-map-2.0.0.tgz 0ms (cache hit)
3705 silly tarball no local data for tinyrainbow@https://registry.npmjs.org/tinyrainbow/-/tinyrainbow-3.1.1.tgz. Extracting by manifest.
3706 silly tarball no local data for obug@https://registry.npmjs.org/obug/-/obug-2.2.1.tgz. Extracting by manifest.
3707 silly tarball no local data for std-env@https://registry.npmjs.org/std-env/-/std-env-4.2.0.tgz. Extracting by manifest.
3708 silly tarball no local data for tinybench@https://registry.npmjs.org/tinybench/-/tinybench-2.9.0.tgz. Extracting by manifest.
3709 silly tarball no local data for es-module-lexer@https://registry.npmjs.org/es-module-lexer/-/es-module-lexer-2.3.2.tgz. Extracting by manifest.
3710 silly tarball no local data for pathe@https://registry.npmjs.org/pathe/-/pathe-2.0.3.tgz. Extracting by manifest.
3711 silly tarball no local data for @vitest/spy@https://registry.npmjs.org/@vitest/spy/-/spy-4.1.11.tgz. Extracting by manifest.
3712 silly tarball no local data for expect-type@https://registry.npmjs.org/expect-type/-/expect-type-1.4.0.tgz. Extracting by manifest.
3713 silly tarball no local data for @vitest/runner@https://registry.npmjs.org/@vitest/runner/-/runner-4.1.11.tgz. Extracting by manifest.
3714 silly tarball no local data for @vitest/snapshot@https://registry.npmjs.org/@vitest/snapshot/-/snapshot-4.1.11.tgz. Extracting by manifest.
3715 silly tarball no local data for @types/estree@https://registry.npmjs.org/@types/estree/-/estree-1.0.9.tgz. Extracting by manifest.
3716 silly tarball no local data for @rollup/rollup-win32-x64-msvc@https://registry.npmjs.org/@rollup/rollup-win32-x64-msvc/-/rollup-win32-x64-msvc-4.63.3.tgz. Extracting by manifest.
3717 silly tarball no local data for @vitest/utils@https://registry.npmjs.org/@vitest/utils/-/utils-4.1.11.tgz. Extracting by manifest.
3718 silly tarball no local data for @rollup/rollup-win32-x64-gnu@https://registry.npmjs.org/@rollup/rollup-win32-x64-gnu/-/rollup-win32-x64-gnu-4.63.3.tgz. Extracting by manifest.
3719 silly tarball no local data for siginfo@https://registry.npmjs.org/siginfo/-/siginfo-2.0.0.tgz. Extracting by manifest.
3720 silly tarball no local data for rollup@https://registry.npmjs.org/rollup/-/rollup-4.63.3.tgz. Extracting by manifest.
3721 silly tarball no local data for media-typer@https://registry.npmjs.org/media-typer/-/media-typer-1.1.1.tgz. Extracting by manifest.
3722 silly tarball no local data for escalade@https://registry.npmjs.org/escalade/-/escalade-3.2.0.tgz. Extracting by manifest.
3723 silly tarball no local data for tldts-core@https://registry.npmjs.org/tldts-core/-/tldts-core-7.4.13.tgz. Extracting by manifest.
3724 silly tarball no local data for @tufjs/canonical-json@https://registry.npmjs.org/@tufjs/canonical-json/-/canonical-json-2.0.0.tgz. Extracting by manifest.
3725 silly tarball no local data for @tufjs/models@https://registry.npmjs.org/@tufjs/models/-/models-4.1.0.tgz. Extracting by manifest.
3726 silly tarball no local data for tldts@https://registry.npmjs.org/tldts/-/tldts-7.4.13.tgz. Extracting by manifest.
3727 silly tarball no local data for @isaacs/fs-minipass@https://registry.npmjs.org/@isaacs/fs-minipass/-/fs-minipass-4.0.1.tgz. Extracting by manifest.
3728 silly tarball no local data for chownr@https://registry.npmjs.org/chownr/-/chownr-3.0.0.tgz. Extracting by manifest.
3729 silly tarball no local data for fdir@https://registry.npmjs.org/fdir/-/fdir-6.5.0.tgz. Extracting by manifest.
3730 silly tarball no local data for ansi-regex@https://registry.npmjs.org/ansi-regex/-/ansi-regex-6.3.0.tgz. Extracting by manifest.
3731 silly tarball no local data for spdx-license-ids@https://registry.npmjs.org/spdx-license-ids/-/spdx-license-ids-3.0.24.tgz. Extracting by manifest.
3732 silly tarball no local data for buffer-from@https://registry.npmjs.org/buffer-from/-/buffer-from-1.1.2.tgz. Extracting by manifest.
3733 silly tarball no local data for smart-buffer@https://registry.npmjs.org/smart-buffer/-/smart-buffer-4.2.0.tgz. Extracting by manifest.
3734 silly tarball no local data for spdx-exceptions@https://registry.npmjs.org/spdx-exceptions/-/spdx-exceptions-2.5.0.tgz. Extracting by manifest.
3735 silly tarball no local data for socks@https://registry.npmjs.org/socks/-/socks-2.8.10.tgz. Extracting by manifest.
3736 silly tarball no local data for get-east-asian-width@https://registry.npmjs.org/get-east-asian-width/-/get-east-asian-width-1.7.0.tgz. Extracting by manifest.
3737 silly tarball no local data for is-fullwidth-code-point@https://registry.npmjs.org/is-fullwidth-code-point/-/is-fullwidth-code-point-5.1.0.tgz. Extracting by manifest.
3738 silly tarball no local data for @sigstore/verify@https://registry.npmjs.org/@sigstore/verify/-/verify-3.1.1.tgz. Extracting by manifest.
3739 silly tarball no local data for tuf-js@https://registry.npmjs.org/tuf-js/-/tuf-js-4.1.0.tgz. Extracting by manifest.
3740 silly tarball no local data for @sigstore/tuf@https://registry.npmjs.org/@sigstore/tuf/-/tuf-4.0.2.tgz. Extracting by manifest.
3741 silly tarball no local data for ansi-styles@https://registry.npmjs.org/ansi-styles/-/ansi-styles-6.2.3.tgz. Extracting by manifest.
3742 silly tarball no local data for @sigstore/sign@https://registry.npmjs.org/@sigstore/sign/-/sign-4.1.1.tgz. Extracting by manifest.
3743 silly tarball no local data for @sigstore/protobuf-specs@https://registry.npmjs.org/@sigstore/protobuf-specs/-/protobuf-specs-0.5.2.tgz. Extracting by manifest.
3744 silly tarball no local data for @sigstore/core@https://registry.npmjs.org/@sigstore/core/-/core-3.2.1.tgz. Extracting by manifest.
3745 silly tarball no local data for @sigstore/bundle@https://registry.npmjs.org/@sigstore/bundle/-/bundle-4.0.0.tgz. Extracting by manifest.
3746 silly tarball no local data for dunder-proto@https://registry.npmjs.org/dunder-proto/-/dunder-proto-1.0.1.tgz. Extracting by manifest.
3747 silly tarball no local data for @vitest/pretty-format@https://registry.npmjs.org/@vitest/pretty-format/-/pretty-format-4.1.11.tgz. Extracting by manifest.
3748 silly tarball no local data for math-intrinsics@https://registry.npmjs.org/math-intrinsics/-/math-intrinsics-1.1.0.tgz. Extracting by manifest.
3749 silly tarball no local data for hasown@https://registry.npmjs.org/hasown/-/hasown-2.0.4.tgz. Extracting by manifest.
3750 silly tarball no local data for gopd@https://registry.npmjs.org/gopd/-/gopd-1.2.0.tgz. Extracting by manifest.
3751 silly tarball no local data for get-proto@https://registry.npmjs.org/get-proto/-/get-proto-1.0.1.tgz. Extracting by manifest.
3752 silly tarball no local data for es-object-atoms@https://registry.npmjs.org/es-object-atoms/-/es-object-atoms-1.1.2.tgz. Extracting by manifest.
3753 silly tarball no local data for @vitest/mocker@https://registry.npmjs.org/@vitest/mocker/-/mocker-4.1.11.tgz. Extracting by manifest.
3754 silly tarball no local data for has-symbols@https://registry.npmjs.org/has-symbols/-/has-symbols-1.1.0.tgz. Extracting by manifest.
3755 silly tarball no local data for @vitest/expect@https://registry.npmjs.org/@vitest/expect/-/expect-4.1.11.tgz. Extracting by manifest.
3756 silly tarball no local data for function-bind@https://registry.npmjs.org/function-bind/-/function-bind-1.1.2.tgz. Extracting by manifest.
3757 silly tarball no local data for call-bound@https://registry.npmjs.org/call-bound/-/call-bound-1.0.4.tgz. Extracting by manifest.
3758 silly tarball no local data for call-bind-apply-helpers@https://registry.npmjs.org/call-bind-apply-helpers/-/call-bind-apply-helpers-1.0.2.tgz. Extracting by manifest.
3759 silly tarball no local data for side-channel-weakmap@https://registry.npmjs.org/side-channel-weakmap/-/side-channel-weakmap-1.0.2.tgz. Extracting by manifest.
3760 silly tarball no local data for side-channel-list@https://registry.npmjs.org/side-channel-list/-/side-channel-list-1.0.1.tgz. Extracting by manifest.
3761 silly tarball no local data for get-intrinsic@https://registry.npmjs.org/get-intrinsic/-/get-intrinsic-1.3.0.tgz. Extracting by manifest.
3762 silly tarball no local data for es-errors@https://registry.npmjs.org/es-errors/-/es-errors-1.3.0.tgz. Extracting by manifest.
3763 silly tarball no local data for object-inspect@https://registry.npmjs.org/object-inspect/-/object-inspect-1.13.4.tgz. Extracting by manifest.
3764 silly tarball no local data for side-channel-map@https://registry.npmjs.org/side-channel-map/-/side-channel-map-1.0.1.tgz. Extracting by manifest.
3765 silly tarball no local data for shebang-regex@https://registry.npmjs.org/shebang-regex/-/shebang-regex-3.0.0.tgz. Extracting by manifest.
3766 silly tarball no local data for xmlchars@https://registry.npmjs.org/xmlchars/-/xmlchars-2.2.0.tgz. Extracting by manifest.
3767 silly tarball no local data for @parcel/watcher-win32-x64@https://registry.npmjs.org/@parcel/watcher-win32-x64/-/watcher-win32-x64-2.6.0.tgz. Extracting by manifest.
3768 silly tarball no local data for is-extglob@https://registry.npmjs.org/is-extglob/-/is-extglob-2.1.1.tgz. Extracting by manifest.
3769 silly tarball no local data for is-glob@https://registry.npmjs.org/is-glob/-/is-glob-4.0.3.tgz. Extracting by manifest.
3770 silly tarball no local data for @parcel/watcher@https://registry.npmjs.org/@parcel/watcher/-/watcher-2.6.0.tgz. Extracting by manifest.
3771 silly tarball no local data for is-promise@https://registry.npmjs.org/is-promise/-/is-promise-4.0.0.tgz. Extracting by manifest.
3772 silly tarball no local data for immutable@https://registry.npmjs.org/immutable/-/immutable-5.1.9.tgz. Extracting by manifest.
3773 silly tarball no local data for path-to-regexp@https://registry.npmjs.org/path-to-regexp/-/path-to-regexp-8.4.2.tgz. Extracting by manifest.
3774 silly tarball no local data for @oxc-project/types@https://registry.npmjs.org/@oxc-project/types/-/types-0.113.0.tgz. Extracting by manifest.
3775 silly tarball no local data for onetime@https://registry.npmjs.org/onetime/-/onetime-7.0.0.tgz. Extracting by manifest.
3776 silly tarball no local data for side-channel@https://registry.npmjs.org/side-channel/-/side-channel-1.1.1.tgz. Extracting by manifest.
3777 silly tarball no local data for @rolldown/pluginutils@https://registry.npmjs.org/@rolldown/pluginutils/-/pluginutils-1.0.0-rc.4.tgz. Extracting by manifest.
3778 silly tarball no local data for @rolldown/binding-win32-x64-msvc@https://registry.npmjs.org/@rolldown/binding-win32-x64-msvc/-/binding-win32-x64-msvc-1.0.0-rc.4.tgz. Extracting by manifest.
3779 silly tarball no local data for unpipe@https://registry.npmjs.org/unpipe/-/unpipe-1.0.0.tgz. Extracting by manifest.
3780 silly tarball no local data for ipaddr.js@https://registry.npmjs.org/ipaddr.js/-/ipaddr.js-1.9.1.tgz. Extracting by manifest.
3781 silly tarball no local data for forwarded@https://registry.npmjs.org/forwarded/-/forwarded-0.2.0.tgz. Extracting by manifest.
3782 silly tarball no local data for mimic-function@https://registry.npmjs.org/mimic-function/-/mimic-function-5.0.1.tgz. Extracting by manifest.
3783 silly tarball no local data for @napi-rs/nice-win32-x64-msvc@https://registry.npmjs.org/@napi-rs/nice-win32-x64-msvc/-/nice-win32-x64-msvc-1.1.1.tgz. Extracting by manifest.
3784 silly tarball no local data for @napi-rs/nice@https://registry.npmjs.org/@napi-rs/nice/-/nice-1.1.1.tgz. Extracting by manifest.
3785 silly tarball no local data for nanoid@https://registry.npmjs.org/nanoid/-/nanoid-3.3.19.tgz. Extracting by manifest.
3786 silly tarball no local data for es-define-property@https://registry.npmjs.org/es-define-property/-/es-define-property-1.0.1.tgz. Extracting by manifest.
3787 silly tarball no local data for parse5-sax-parser@https://registry.npmjs.org/parse5-sax-parser/-/parse5-sax-parser-8.0.0.tgz. Extracting by manifest.
3788 silly tarball no local data for @npmcli/agent@https://registry.npmjs.org/@npmcli/agent/-/agent-4.0.2.tgz. Extracting by manifest.
3789 silly tarball no local data for socks-proxy-agent@https://registry.npmjs.org/socks-proxy-agent/-/socks-proxy-agent-8.0.5.tgz. Extracting by manifest.
3790 silly tarball no local data for minizlib@https://registry.npmjs.org/minizlib/-/minizlib-3.1.0.tgz. Extracting by manifest.
3791 silly tarball no local data for @npmcli/redact@https://registry.npmjs.org/@npmcli/redact/-/redact-4.0.0.tgz. Extracting by manifest.
3792 silly tarball no local data for minipass-sized@https://registry.npmjs.org/minipass-sized/-/minipass-sized-2.0.0.tgz. Extracting by manifest.
3793 silly tarball no local data for http-cache-semantics@https://registry.npmjs.org/http-cache-semantics/-/http-cache-semantics-4.2.0.tgz. Extracting by manifest.
3794 silly tarball no local data for minipass-fetch@https://registry.npmjs.org/minipass-fetch/-/minipass-fetch-5.0.2.tgz. Extracting by manifest.
3795 silly tarball no local data for jsonparse@https://registry.npmjs.org/jsonparse/-/jsonparse-1.3.1.tgz. Extracting by manifest.
3796 silly tarball no local data for make-fetch-happen@https://registry.npmjs.org/make-fetch-happen/-/make-fetch-happen-15.0.6.tgz. Extracting by manifest.
3797 silly tarball no local data for ignore-walk@https://registry.npmjs.org/ignore-walk/-/ignore-walk-8.0.0.tgz. Extracting by manifest.
3798 silly tarball no local data for npm-install-checks@https://registry.npmjs.org/npm-install-checks/-/npm-install-checks-8.0.0.tgz. Extracting by manifest.
3799 silly tarball no local data for abbrev@https://registry.npmjs.org/abbrev/-/abbrev-4.0.0.tgz. Extracting by manifest.
3800 silly tarball no local data for nopt@https://registry.npmjs.org/nopt/-/nopt-9.0.0.tgz. Extracting by manifest.
3801 silly tarball no local data for graceful-fs@https://registry.npmjs.org/graceful-fs/-/graceful-fs-4.2.11.tgz. Extracting by manifest.
3802 silly tarball no local data for exponential-backoff@https://registry.npmjs.org/exponential-backoff/-/exponential-backoff-3.1.3.tgz. Extracting by manifest.
3803 silly tarball no local data for balanced-match@https://registry.npmjs.org/balanced-match/-/balanced-match-4.0.4.tgz. Extracting by manifest.
3804 silly tarball no local data for path-scurry@https://registry.npmjs.org/path-scurry/-/path-scurry-2.0.2.tgz. Extracting by manifest.
3805 silly tarball no local data for p-map@https://registry.npmjs.org/p-map/-/p-map-7.0.8.tgz. Extracting by manifest.
3806 silly tarball no local data for env-paths@https://registry.npmjs.org/env-paths/-/env-paths-2.2.1.tgz. Extracting by manifest.
3807 silly tarball no local data for @npmcli/fs@https://registry.npmjs.org/@npmcli/fs/-/fs-5.0.0.tgz. Extracting by manifest.
3808 silly tarball no local data for minipass-flush@https://registry.npmjs.org/minipass-flush/-/minipass-flush-1.0.7.tgz. Extracting by manifest.
3809 silly tarball no local data for minipass-collect@https://registry.npmjs.org/minipass-collect/-/minipass-collect-2.0.1.tgz. Extracting by manifest.
3810 silly tarball no local data for minimatch@https://registry.npmjs.org/minimatch/-/minimatch-10.2.6.tgz. Extracting by manifest.
3811 silly tarball no local data for @npmcli/node-gyp@https://registry.npmjs.org/@npmcli/node-gyp/-/node-gyp-5.0.0.tgz. Extracting by manifest.
3812 silly tarball no local data for node-gyp@https://registry.npmjs.org/node-gyp/-/node-gyp-12.4.0.tgz. Extracting by manifest.
3813 silly tarball no local data for minipass-pipeline@https://registry.npmjs.org/minipass-pipeline/-/minipass-pipeline-1.2.4.tgz. Extracting by manifest.
3814 silly tarball no local data for brace-expansion@https://registry.npmjs.org/brace-expansion/-/brace-expansion-5.0.12.tgz. Extracting by manifest.
3815 silly tarball no local data for spdx-expression-parse@https://registry.npmjs.org/spdx-expression-parse/-/spdx-expression-parse-4.0.0.tgz. Extracting by manifest.
3816 silly tarball no local data for json-parse-even-better-errors@https://registry.npmjs.org/json-parse-even-better-errors/-/json-parse-even-better-errors-5.0.0.tgz. Extracting by manifest.
3817 silly tarball no local data for npm-bundled@https://registry.npmjs.org/npm-bundled/-/npm-bundled-5.0.0.tgz. Extracting by manifest.
3818 silly tarball no local data for npm-normalize-package-bin@https://registry.npmjs.org/npm-normalize-package-bin/-/npm-normalize-package-bin-5.0.0.tgz. Extracting by manifest.
3819 silly tarball no local data for sigstore@https://registry.npmjs.org/sigstore/-/sigstore-4.1.1.tgz. Extracting by manifest.
3820 silly tarball no local data for glob@https://registry.npmjs.org/glob/-/glob-13.0.6.tgz. Extracting by manifest.
3821 silly tarball no local data for npm-registry-fetch@https://registry.npmjs.org/npm-registry-fetch/-/npm-registry-fetch-19.1.1.tgz. Extracting by manifest.
3822 silly tarball no local data for tar@https://registry.npmjs.org/tar/-/tar-7.5.22.tgz. Extracting by manifest.
3823 silly tarball no local data for ssri@https://registry.npmjs.org/ssri/-/ssri-13.0.1.tgz. Extracting by manifest.
3824 silly tarball no local data for npm-pick-manifest@https://registry.npmjs.org/npm-pick-manifest/-/npm-pick-manifest-11.0.3.tgz. Extracting by manifest.
3825 silly tarball no local data for minipass@https://registry.npmjs.org/minipass/-/minipass-7.1.3.tgz. Extracting by manifest.
3826 silly tarball no local data for npm-packlist@https://registry.npmjs.org/npm-packlist/-/npm-packlist-10.0.4.tgz. Extracting by manifest.
3827 silly tarball no local data for fs-minipass@https://registry.npmjs.org/fs-minipass/-/fs-minipass-3.0.3.tgz. Extracting by manifest.
3828 silly tarball no local data for cacache@https://registry.npmjs.org/cacache/-/cacache-20.0.4.tgz. Extracting by manifest.
3829 silly tarball no local data for @npmcli/run-script@https://registry.npmjs.org/@npmcli/run-script/-/run-script-10.0.4.tgz. Extracting by manifest.
3830 silly tarball no local data for @npmcli/promise-spawn@https://registry.npmjs.org/@npmcli/promise-spawn/-/promise-spawn-9.0.1.tgz. Extracting by manifest.
3831 silly tarball no local data for @gar/promise-retry@https://registry.npmjs.org/@gar/promise-retry/-/promise-retry-1.0.3.tgz. Extracting by manifest.
3832 silly tarball no local data for @npmcli/git@https://registry.npmjs.org/@npmcli/git/-/git-7.0.2.tgz. Extracting by manifest.
3833 silly tarball no local data for stdin-discarder@https://registry.npmjs.org/stdin-discarder/-/stdin-discarder-0.3.2.tgz. Extracting by manifest.
3834 silly tarball no local data for @npmcli/package-json@https://registry.npmjs.org/@npmcli/package-json/-/package-json-7.0.5.tgz. Extracting by manifest.
3835 silly tarball no local data for yoctocolors@https://registry.npmjs.org/yoctocolors/-/yoctocolors-2.2.0.tgz. Extracting by manifest.
3836 silly tarball no local data for is-interactive@https://registry.npmjs.org/is-interactive/-/is-interactive-2.0.0.tgz. Extracting by manifest.
3837 silly tarball no local data for is-unicode-supported@https://registry.npmjs.org/is-unicode-supported/-/is-unicode-supported-2.1.0.tgz. Extracting by manifest.
3838 silly tarball no local data for log-symbols@https://registry.npmjs.org/log-symbols/-/log-symbols-7.0.1.tgz. Extracting by manifest.
3839 silly tarball no local data for cli-spinners@https://registry.npmjs.org/cli-spinners/-/cli-spinners-3.4.0.tgz. Extracting by manifest.
3840 silly tarball no local data for @npmcli/installed-package-contents@https://registry.npmjs.org/@npmcli/installed-package-contents/-/installed-package-contents-4.0.0.tgz. Extracting by manifest.
3841 silly tarball no local data for chalk@https://registry.npmjs.org/chalk/-/chalk-5.6.2.tgz. Extracting by manifest.
3842 silly tarball no local data for ee-first@https://registry.npmjs.org/ee-first/-/ee-first-1.1.1.tgz. Extracting by manifest.
3843 silly tarball no local data for validate-npm-package-name@https://registry.npmjs.org/validate-npm-package-name/-/validate-npm-package-name-7.0.2.tgz. Extracting by manifest.
3844 silly tarball no local data for hosted-git-info@https://registry.npmjs.org/hosted-git-info/-/hosted-git-info-9.0.3.tgz. Extracting by manifest.
3845 silly tarball no local data for detect-libc@https://registry.npmjs.org/detect-libc/-/detect-libc-2.1.2.tgz. Extracting by manifest.
3846 silly tarball no local data for wrappy@https://registry.npmjs.org/wrappy/-/wrappy-1.0.2.tgz. Extracting by manifest.
3847 silly tarball no local data for proc-log@https://registry.npmjs.org/proc-log/-/proc-log-6.1.0.tgz. Extracting by manifest.
3848 silly tarball no local data for msgpackr-extract@https://registry.npmjs.org/msgpackr-extract/-/msgpackr-extract-3.0.4.tgz. Extracting by manifest.
3849 silly tarball no local data for mime-db@https://registry.npmjs.org/mime-db/-/mime-db-1.54.0.tgz. Extracting by manifest.
3850 silly tarball no local data for @msgpackr-extract/msgpackr-extract-win32-x64@https://registry.npmjs.org/@msgpackr-extract/msgpackr-extract-win32-x64/-/msgpackr-extract-win32-x64-3.0.4.tgz. Extracting by manifest.
3851 silly tarball no local data for restore-cursor@https://registry.npmjs.org/restore-cursor/-/restore-cursor-5.1.0.tgz. Extracting by manifest.
3852 silly tarball no local data for environment@https://registry.npmjs.org/environment/-/environment-1.1.0.tgz. Extracting by manifest.
3853 silly tarball no local data for yallist@https://registry.npmjs.org/yallist/-/yallist-3.1.1.tgz. Extracting by manifest.
3854 silly tarball no local data for strip-ansi@https://registry.npmjs.org/strip-ansi/-/strip-ansi-7.2.0.tgz. Extracting by manifest.
3855 silly tarball no local data for cli-cursor@https://registry.npmjs.org/cli-cursor/-/cli-cursor-5.0.0.tgz. Extracting by manifest.
3856 silly tarball no local data for ansi-escapes@https://registry.npmjs.org/ansi-escapes/-/ansi-escapes-7.3.0.tgz. Extracting by manifest.
3857 silly tarball no local data for weak-lru-cache@https://registry.npmjs.org/weak-lru-cache/-/weak-lru-cache-1.2.2.tgz. Extracting by manifest.
3858 silly tarball no local data for ordered-binary@https://registry.npmjs.org/ordered-binary/-/ordered-binary-1.6.1.tgz. Extracting by manifest.
3859 silly tarball no local data for @lmdb/lmdb-win32-x64@https://registry.npmjs.org/@lmdb/lmdb-win32-x64/-/lmdb-win32-x64-3.5.1.tgz. Extracting by manifest.
3860 silly tarball no local data for node-addon-api@https://registry.npmjs.org/node-addon-api/-/node-addon-api-6.1.0.tgz. Extracting by manifest.
3861 silly tarball no local data for msgpackr@https://registry.npmjs.org/msgpackr/-/msgpackr-1.12.1.tgz. Extracting by manifest.
3862 silly tarball no local data for node-gyp-build-optional-packages@https://registry.npmjs.org/node-gyp-build-optional-packages/-/node-gyp-build-optional-packages-5.2.2.tgz. Extracting by manifest.
3863 silly tarball no local data for @harperfast/extended-iterable@https://registry.npmjs.org/@harperfast/extended-iterable/-/extended-iterable-1.0.3.tgz. Extracting by manifest.
3864 silly tarball no local data for string-width@https://registry.npmjs.org/string-width/-/string-width-8.2.2.tgz. Extracting by manifest.
3865 silly tarball no local data for slice-ansi@https://registry.npmjs.org/slice-ansi/-/slice-ansi-8.0.0.tgz. Extracting by manifest.
3866 silly tarball no local data for rfdc@https://registry.npmjs.org/rfdc/-/rfdc-1.4.1.tgz. Extracting by manifest.
3867 silly tarball no local data for eventemitter3@https://registry.npmjs.org/eventemitter3/-/eventemitter3-5.0.4.tgz. Extracting by manifest.
3868 silly tarball no local data for @csstools/css-color-parser@https://registry.npmjs.org/@csstools/css-color-parser/-/css-color-parser-4.2.3.tgz. Extracting by manifest.
3869 silly tarball no local data for cli-truncate@https://registry.npmjs.org/cli-truncate/-/cli-truncate-5.2.0.tgz. Extracting by manifest.
3870 silly tarball no local data for colorette@https://registry.npmjs.org/colorette/-/colorette-2.0.20.tgz. Extracting by manifest.
3871 silly tarball no local data for log-update@https://registry.npmjs.org/log-update/-/log-update-6.1.0.tgz. Extracting by manifest.
3872 silly tarball no local data for @csstools/color-helpers@https://registry.npmjs.org/@csstools/color-helpers/-/color-helpers-6.1.1.tgz. Extracting by manifest.
3873 silly tarball no local data for @csstools/css-parser-algorithms@https://registry.npmjs.org/@csstools/css-parser-algorithms/-/css-parser-algorithms-4.0.0.tgz. Extracting by manifest.
3874 silly tarball no local data for @csstools/css-calc@https://registry.npmjs.org/@csstools/css-calc/-/css-calc-3.4.0.tgz. Extracting by manifest.
3875 silly tarball no local data for @csstools/css-tokenizer@https://registry.npmjs.org/@csstools/css-tokenizer/-/css-tokenizer-4.0.0.tgz. Extracting by manifest.
3876 silly tarball no local data for @asamuzakjp/css-color@https://registry.npmjs.org/@asamuzakjp/css-color/-/css-color-4.1.2.tgz. Extracting by manifest.
3877 silly tarball no local data for @csstools/css-syntax-patches-for-csstree@https://registry.npmjs.org/@csstools/css-syntax-patches-for-csstree/-/css-syntax-patches-for-csstree-1.1.14.tgz. Extracting by manifest.
3878 silly tarball no local data for source-map-js@https://registry.npmjs.org/source-map-js/-/source-map-js-1.2.1.tgz. Extracting by manifest.
3879 silly tarball no local data for @asamuzakjp/nwsapi@https://registry.npmjs.org/@asamuzakjp/nwsapi/-/nwsapi-2.3.9.tgz. Extracting by manifest.
3880 silly tarball no local data for bidi-js@https://registry.npmjs.org/bidi-js/-/bidi-js-1.1.0.tgz. Extracting by manifest.
3881 silly tarball no local data for mdn-data@https://registry.npmjs.org/mdn-data/-/mdn-data-2.27.1.tgz. Extracting by manifest.
3882 silly tarball no local data for whatwg-url@https://registry.npmjs.org/whatwg-url/-/whatwg-url-15.1.0.tgz. Extracting by manifest.
3883 silly tarball no local data for xml-name-validator@https://registry.npmjs.org/xml-name-validator/-/xml-name-validator-5.0.0.tgz. Extracting by manifest.
3884 silly tarball no local data for ws@https://registry.npmjs.org/ws/-/ws-8.21.3.tgz. Extracting by manifest.
3885 silly tarball no local data for css-tree@https://registry.npmjs.org/css-tree/-/css-tree-3.2.1.tgz. Extracting by manifest.
3886 silly tarball no local data for whatwg-mimetype@https://registry.npmjs.org/whatwg-mimetype/-/whatwg-mimetype-4.0.0.tgz. Extracting by manifest.
3887 silly tarball no local data for webidl-conversions@https://registry.npmjs.org/webidl-conversions/-/webidl-conversions-8.0.1.tgz. Extracting by manifest.
3888 silly tarball no local data for w3c-xmlserializer@https://registry.npmjs.org/w3c-xmlserializer/-/w3c-xmlserializer-5.0.0.tgz. Extracting by manifest.
3889 silly tarball no local data for tough-cookie@https://registry.npmjs.org/tough-cookie/-/tough-cookie-6.0.2.tgz. Extracting by manifest.
3890 silly tarball no local data for symbol-tree@https://registry.npmjs.org/symbol-tree/-/symbol-tree-3.2.4.tgz. Extracting by manifest.
3891 silly tarball no local data for saxes@https://registry.npmjs.org/saxes/-/saxes-6.0.0.tgz. Extracting by manifest.
3892 silly tarball no local data for html-encoding-sniffer@https://registry.npmjs.org/html-encoding-sniffer/-/html-encoding-sniffer-6.0.0.tgz. Extracting by manifest.
3893 silly tarball no local data for parse5@https://registry.npmjs.org/parse5/-/parse5-8.0.1.tgz. Extracting by manifest.
3894 silly tarball no local data for is-potential-custom-element-name@https://registry.npmjs.org/is-potential-custom-element-name/-/is-potential-custom-element-name-1.0.1.tgz. Extracting by manifest.
3895 silly tarball no local data for @exodus/bytes@https://registry.npmjs.org/@exodus/bytes/-/bytes-1.15.1.tgz. Extracting by manifest.
3896 silly tarball no local data for decimal.js@https://registry.npmjs.org/decimal.js/-/decimal.js-10.6.0.tgz. Extracting by manifest.
3897 silly tarball no local data for http-proxy-agent@https://registry.npmjs.org/http-proxy-agent/-/http-proxy-agent-7.0.2.tgz. Extracting by manifest.
3898 silly tarball no local data for cssstyle@https://registry.npmjs.org/cssstyle/-/cssstyle-5.3.7.tgz. Extracting by manifest.
3899 silly tarball no local data for @asamuzakjp/dom-selector@https://registry.npmjs.org/@asamuzakjp/dom-selector/-/dom-selector-6.8.1.tgz. Extracting by manifest.
3900 silly tarball no local data for istanbul-lib-coverage@https://registry.npmjs.org/istanbul-lib-coverage/-/istanbul-lib-coverage-3.2.2.tgz. Extracting by manifest.
3901 silly tarball no local data for @acemir/cssom@https://registry.npmjs.org/@acemir/cssom/-/cssom-0.9.31.tgz. Extracting by manifest.
3902 silly tarball no local data for @istanbuljs/schema@https://registry.npmjs.org/@istanbuljs/schema/-/schema-0.1.6.tgz. Extracting by manifest.
3903 silly tarball no local data for safer-buffer@https://registry.npmjs.org/safer-buffer/-/safer-buffer-2.1.2.tgz. Extracting by manifest.
3904 silly tarball no local data for agent-base@https://registry.npmjs.org/agent-base/-/agent-base-7.1.4.tgz. Extracting by manifest.
3905 silly tarball no local data for data-urls@https://registry.npmjs.org/data-urls/-/data-urls-6.0.1.tgz. Extracting by manifest.
3906 silly tarball no local data for toidentifier@https://registry.npmjs.org/toidentifier/-/toidentifier-1.0.1.tgz. Extracting by manifest.
3907 silly tarball no local data for inherits@https://registry.npmjs.org/inherits/-/inherits-2.0.4.tgz. Extracting by manifest.
3908 silly tarball no local data for type-is@https://registry.npmjs.org/type-is/-/type-is-2.1.0.tgz. Extracting by manifest.
3909 silly tarball no local data for ip-address@https://registry.npmjs.org/ip-address/-/ip-address-10.7.2.tgz. Extracting by manifest.
3910 silly tarball no local data for setprototypeof@https://registry.npmjs.org/setprototypeof/-/setprototypeof-1.2.0.tgz. Extracting by manifest.
3911 silly tarball no local data for negotiator@https://registry.npmjs.org/negotiator/-/negotiator-1.1.0.tgz. Extracting by manifest.
3912 silly tarball no local data for statuses@https://registry.npmjs.org/statuses/-/statuses-2.0.2.tgz. Extracting by manifest.
3913 silly tarball no local data for serve-static@https://registry.npmjs.org/serve-static/-/serve-static-2.2.1.tgz. Extracting by manifest.
3914 silly tarball no local data for send@https://registry.npmjs.org/send/-/send-1.2.1.tgz. Extracting by manifest.
3915 silly tarball no local data for range-parser@https://registry.npmjs.org/range-parser/-/range-parser-1.3.0.tgz. Extracting by manifest.
3916 silly tarball no local data for router@https://registry.npmjs.org/router/-/router-2.2.0.tgz. Extracting by manifest.
3917 silly tarball no local data for qs@https://registry.npmjs.org/qs/-/qs-6.16.0.tgz. Extracting by manifest.
3918 silly tarball no local data for proxy-addr@https://registry.npmjs.org/proxy-addr/-/proxy-addr-2.0.8.tgz. Extracting by manifest.
3919 silly tarball no local data for parseurl@https://registry.npmjs.org/parseurl/-/parseurl-1.3.3.tgz. Extracting by manifest.
3920 silly tarball no local data for on-finished@https://registry.npmjs.org/on-finished/-/on-finished-2.4.1.tgz. Extracting by manifest.
3921 silly tarball no local data for once@https://registry.npmjs.org/once/-/once-1.4.0.tgz. Extracting by manifest.
3922 silly tarball no local data for mime-types@https://registry.npmjs.org/mime-types/-/mime-types-3.0.2.tgz. Extracting by manifest.
3923 silly tarball no local data for merge-descriptors@https://registry.npmjs.org/merge-descriptors/-/merge-descriptors-2.0.0.tgz. Extracting by manifest.
3924 silly tarball no local data for http-errors@https://registry.npmjs.org/http-errors/-/http-errors-2.0.1.tgz. Extracting by manifest.
3925 silly tarball no local data for fresh@https://registry.npmjs.org/fresh/-/fresh-2.0.0.tgz. Extracting by manifest.
3926 silly tarball no local data for finalhandler@https://registry.npmjs.org/finalhandler/-/finalhandler-2.1.1.tgz. Extracting by manifest.
3927 silly tarball no local data for etag@https://registry.npmjs.org/etag/-/etag-1.8.1.tgz. Extracting by manifest.
3928 silly tarball no local data for escape-html@https://registry.npmjs.org/escape-html/-/escape-html-1.0.3.tgz. Extracting by manifest.
3929 silly tarball no local data for encodeurl@https://registry.npmjs.org/encodeurl/-/encodeurl-2.0.0.tgz. Extracting by manifest.
3930 silly tarball no local data for depd@https://registry.npmjs.org/depd/-/depd-2.0.0.tgz. Extracting by manifest.
3931 silly tarball no local data for cookie-signature@https://registry.npmjs.org/cookie-signature/-/cookie-signature-1.2.2.tgz. Extracting by manifest.
3932 silly tarball no local data for cookie@https://registry.npmjs.org/cookie/-/cookie-0.7.2.tgz. Extracting by manifest.
3933 silly tarball no local data for content-disposition@https://registry.npmjs.org/content-disposition/-/content-disposition-1.1.0.tgz. Extracting by manifest.
3934 silly tarball no local data for body-parser@https://registry.npmjs.org/body-parser/-/body-parser-2.3.0.tgz. Extracting by manifest.
3935 silly tarball no local data for @esbuild/win32-x64@https://registry.npmjs.org/@esbuild/win32-x64/-/win32-x64-0.28.1.tgz. Extracting by manifest.
3936 silly tarball no local data for entities@https://registry.npmjs.org/entities/-/entities-4.5.0.tgz. Extracting by manifest.
3937 silly tarball no local data for accepts@https://registry.npmjs.org/accepts/-/accepts-2.0.0.tgz. Extracting by manifest.
3938 silly tarball no local data for domelementtype@https://registry.npmjs.org/domelementtype/-/domelementtype-2.3.0.tgz. Extracting by manifest.
3939 silly tarball no local data for ms@https://registry.npmjs.org/ms/-/ms-2.1.3.tgz. Extracting by manifest.
3940 silly tarball no local data for nth-check@https://registry.npmjs.org/nth-check/-/nth-check-2.1.1.tgz. Extracting by manifest.
3941 silly tarball no local data for domutils@https://registry.npmjs.org/domutils/-/domutils-3.2.2.tgz. Extracting by manifest.
3942 silly tarball no local data for boolbase@https://registry.npmjs.org/boolbase/-/boolbase-1.0.0.tgz. Extracting by manifest.
3943 silly tarball no local data for which@https://registry.npmjs.org/which/-/which-2.0.2.tgz. Extracting by manifest.
3944 silly tarball no local data for shebang-command@https://registry.npmjs.org/shebang-command/-/shebang-command-2.0.0.tgz. Extracting by manifest.
3945 silly tarball no local data for path-key@https://registry.npmjs.org/path-key/-/path-key-3.1.1.tgz. Extracting by manifest.
3946 silly tarball no local data for vary@https://registry.npmjs.org/vary/-/vary-1.1.2.tgz. Extracting by manifest.
3947 silly tarball no local data for object-assign@https://registry.npmjs.org/object-assign/-/object-assign-4.1.1.tgz. Extracting by manifest.
3948 silly tarball no local data for update-browserslist-db@https://registry.npmjs.org/update-browserslist-db/-/update-browserslist-db-1.3.3.tgz. Extracting by manifest.
3949 silly tarball no local data for readdirp@https://registry.npmjs.org/readdirp/-/readdirp-5.1.1.tgz. Extracting by manifest.
3950 silly tarball no local data for electron-to-chromium@https://registry.npmjs.org/electron-to-chromium/-/electron-to-chromium-1.5.430.tgz. Extracting by manifest.
3951 silly tarball no local data for caniuse-lite@https://registry.npmjs.org/caniuse-lite/-/caniuse-lite-1.0.30001810.tgz. Extracting by manifest.
3952 silly tarball no local data for baseline-browser-mapping@https://registry.npmjs.org/baseline-browser-mapping/-/baseline-browser-mapping-2.11.24.tgz. Extracting by manifest.
3953 silly tarball no local data for postcss-safe-parser@https://registry.npmjs.org/postcss-safe-parser/-/postcss-safe-parser-7.1.0.tgz. Extracting by manifest.
3954 silly tarball no local data for bytes@https://registry.npmjs.org/bytes/-/bytes-3.1.2.tgz. Extracting by manifest.
3955 silly tarball no local data for postcss-media-query-parser@https://registry.npmjs.org/postcss-media-query-parser/-/postcss-media-query-parser-0.2.3.tgz. Extracting by manifest.
3956 silly tarball no local data for domhandler@https://registry.npmjs.org/domhandler/-/domhandler-5.0.3.tgz. Extracting by manifest.
3957 silly tarball no local data for postcss@https://registry.npmjs.org/postcss/-/postcss-8.5.28.tgz. Extracting by manifest.
3958 silly tarball no local data for htmlparser2@https://registry.npmjs.org/htmlparser2/-/htmlparser2-10.1.0.tgz. Extracting by manifest.
3959 silly tarball no local data for css-what@https://registry.npmjs.org/css-what/-/css-what-7.0.0.tgz. Extracting by manifest.
3960 silly tarball no local data for @algolia/requester-node-http@https://registry.npmjs.org/@algolia/requester-node-http/-/requester-node-http-5.48.1.tgz. Extracting by manifest.
3961 silly tarball no local data for css-select@https://registry.npmjs.org/css-select/-/css-select-6.0.0.tgz. Extracting by manifest.
3962 silly tarball no local data for dom-serializer@https://registry.npmjs.org/dom-serializer/-/dom-serializer-2.0.0.tgz. Extracting by manifest.
3963 silly tarball no local data for @algolia/requester-fetch@https://registry.npmjs.org/@algolia/requester-fetch/-/requester-fetch-5.48.1.tgz. Extracting by manifest.
3964 silly tarball no local data for @algolia/monitoring@https://registry.npmjs.org/@algolia/monitoring/-/monitoring-1.48.1.tgz. Extracting by manifest.
3965 silly tarball no local data for @algolia/requester-browser-xhr@https://registry.npmjs.org/@algolia/requester-browser-xhr/-/requester-browser-xhr-5.48.1.tgz. Extracting by manifest.
3966 silly tarball no local data for @algolia/recommend@https://registry.npmjs.org/@algolia/recommend/-/recommend-5.48.1.tgz. Extracting by manifest.
3967 silly tarball no local data for @algolia/ingestion@https://registry.npmjs.org/@algolia/ingestion/-/ingestion-1.48.1.tgz. Extracting by manifest.
3968 silly tarball no local data for @algolia/client-search@https://registry.npmjs.org/@algolia/client-search/-/client-search-5.48.1.tgz. Extracting by manifest.
3969 silly tarball no local data for @algolia/client-query-suggestions@https://registry.npmjs.org/@algolia/client-query-suggestions/-/client-query-suggestions-5.48.1.tgz. Extracting by manifest.
3970 silly tarball no local data for @algolia/client-personalization@https://registry.npmjs.org/@algolia/client-personalization/-/client-personalization-5.48.1.tgz. Extracting by manifest.
3971 silly tarball no local data for @algolia/client-insights@https://registry.npmjs.org/@algolia/client-insights/-/client-insights-5.48.1.tgz. Extracting by manifest.
3972 silly tarball no local data for @algolia/client-analytics@https://registry.npmjs.org/@algolia/client-analytics/-/client-analytics-5.48.1.tgz. Extracting by manifest.
3973 silly tarball no local data for @algolia/client-common@https://registry.npmjs.org/@algolia/client-common/-/client-common-5.48.1.tgz. Extracting by manifest.
3974 silly tarball no local data for require-from-string@https://registry.npmjs.org/require-from-string/-/require-from-string-2.0.2.tgz. Extracting by manifest.
3975 silly tarball no local data for @algolia/client-abtesting@https://registry.npmjs.org/@algolia/client-abtesting/-/client-abtesting-5.48.1.tgz. Extracting by manifest.
3976 silly tarball no local data for @algolia/abtesting@https://registry.npmjs.org/@algolia/abtesting/-/abtesting-1.14.1.tgz. Extracting by manifest.
3977 silly tarball no local data for fast-uri@https://registry.npmjs.org/fast-uri/-/fast-uri-3.1.8.tgz. Extracting by manifest.
3978 silly tarball no local data for json-schema-traverse@https://registry.npmjs.org/json-schema-traverse/-/json-schema-traverse-1.0.0.tgz. Extracting by manifest.
3979 silly tarball no local data for zod-to-json-schema@https://registry.npmjs.org/zod-to-json-schema/-/zod-to-json-schema-3.25.2.tgz. Extracting by manifest.
3980 silly tarball no local data for fast-deep-equal@https://registry.npmjs.org/fast-deep-equal/-/fast-deep-equal-3.1.3.tgz. Extracting by manifest.
3981 silly tarball no local data for raw-body@https://registry.npmjs.org/raw-body/-/raw-body-3.0.2.tgz. Extracting by manifest.
3982 silly tarball no local data for pkce-challenge@https://registry.npmjs.org/pkce-challenge/-/pkce-challenge-5.0.1.tgz. Extracting by manifest.
3983 silly tarball no local data for jose@https://registry.npmjs.org/jose/-/jose-6.2.12.tgz. Extracting by manifest.
3984 silly tarball no local data for express-rate-limit@https://registry.npmjs.org/express-rate-limit/-/express-rate-limit-8.7.0.tgz. Extracting by manifest.
3985 silly tarball no local data for express@https://registry.npmjs.org/express/-/express-5.2.1.tgz. Extracting by manifest.
3986 silly tarball no local data for node-releases@https://registry.npmjs.org/node-releases/-/node-releases-2.0.55.tgz. Extracting by manifest.
3987 silly tarball no local data for json-schema-typed@https://registry.npmjs.org/json-schema-typed/-/json-schema-typed-8.0.2.tgz. Extracting by manifest.
3988 silly tarball no local data for eventsource-parser@https://registry.npmjs.org/eventsource-parser/-/eventsource-parser-3.1.1.tgz. Extracting by manifest.
3989 silly tarball no local data for eventsource@https://registry.npmjs.org/eventsource/-/eventsource-3.0.7.tgz. Extracting by manifest.
3990 silly tarball no local data for cors@https://registry.npmjs.org/cors/-/cors-2.8.6.tgz. Extracting by manifest.
3991 silly tarball no local data for hono@https://registry.npmjs.org/hono/-/hono-4.13.8.tgz. Extracting by manifest.
3992 silly tarball no local data for cross-spawn@https://registry.npmjs.org/cross-spawn/-/cross-spawn-7.0.6.tgz. Extracting by manifest.
3993 silly tarball no local data for content-type@https://registry.npmjs.org/content-type/-/content-type-1.0.5.tgz. Extracting by manifest.
3994 silly tarball no local data for @hono/node-server@https://registry.npmjs.org/@hono/node-server/-/node-server-2.1.1.tgz. Extracting by manifest.
3995 silly tarball no local data for @jridgewell/resolve-uri@https://registry.npmjs.org/@jridgewell/resolve-uri/-/resolve-uri-3.1.2.tgz. Extracting by manifest.
3996 silly tarball no local data for @inquirer/external-editor@https://registry.npmjs.org/@inquirer/external-editor/-/external-editor-1.0.3.tgz. Extracting by manifest.
3997 silly tarball no local data for chardet@https://registry.npmjs.org/chardet/-/chardet-2.2.0.tgz. Extracting by manifest.
3998 silly tarball no local data for @inquirer/select@https://registry.npmjs.org/@inquirer/select/-/select-4.4.2.tgz. Extracting by manifest.
3999 silly tarball no local data for iconv-lite@https://registry.npmjs.org/iconv-lite/-/iconv-lite-0.7.3.tgz. Extracting by manifest.
4000 silly tarball no local data for @inquirer/rawlist@https://registry.npmjs.org/@inquirer/rawlist/-/rawlist-4.1.11.tgz. Extracting by manifest.
4001 silly tarball no local data for @inquirer/search@https://registry.npmjs.org/@inquirer/search/-/search-3.2.2.tgz. Extracting by manifest.
4002 silly tarball no local data for @inquirer/password@https://registry.npmjs.org/@inquirer/password/-/password-4.0.23.tgz. Extracting by manifest.
4003 silly tarball no local data for @inquirer/number@https://registry.npmjs.org/@inquirer/number/-/number-3.0.23.tgz. Extracting by manifest.
4004 silly tarball no local data for @inquirer/checkbox@https://registry.npmjs.org/@inquirer/checkbox/-/checkbox-4.3.2.tgz. Extracting by manifest.
4005 silly tarball no local data for @inquirer/expand@https://registry.npmjs.org/@inquirer/expand/-/expand-4.0.23.tgz. Extracting by manifest.
4006 silly tarball no local data for @inquirer/editor@https://registry.npmjs.org/@inquirer/editor/-/editor-4.2.23.tgz. Extracting by manifest.
4007 silly tarball no local data for wrap-ansi@https://registry.npmjs.org/wrap-ansi/-/wrap-ansi-6.2.0.tgz. Extracting by manifest.
4008 silly tarball no local data for @inquirer/input@https://registry.npmjs.org/@inquirer/input/-/input-4.3.1.tgz. Extracting by manifest.
4009 silly tarball no local data for yoctocolors-cjs@https://registry.npmjs.org/yoctocolors-cjs/-/yoctocolors-cjs-2.1.3.tgz. Extracting by manifest.
4010 silly tarball no local data for mute-stream@https://registry.npmjs.org/mute-stream/-/mute-stream-2.0.0.tgz. Extracting by manifest.
4011 silly tarball no local data for signal-exit@https://registry.npmjs.org/signal-exit/-/signal-exit-4.1.0.tgz. Extracting by manifest.
4012 silly tarball no local data for @inquirer/figures@https://registry.npmjs.org/@inquirer/figures/-/figures-1.0.15.tgz. Extracting by manifest.
4013 silly tarball no local data for @inquirer/ansi@https://registry.npmjs.org/@inquirer/ansi/-/ansi-1.0.2.tgz. Extracting by manifest.
4014 silly tarball no local data for @inquirer/type@https://registry.npmjs.org/@inquirer/type/-/type-3.0.10.tgz. Extracting by manifest.
4015 silly tarball no local data for cli-width@https://registry.npmjs.org/cli-width/-/cli-width-4.1.0.tgz. Extracting by manifest.
4016 silly tarball no local data for @inquirer/core@https://registry.npmjs.org/@inquirer/core/-/core-10.3.2.tgz. Extracting by manifest.
4017 silly tarball no local data for @babel/helper-string-parser@https://registry.npmjs.org/@babel/helper-string-parser/-/helper-string-parser-7.29.7.tgz. Extracting by manifest.
4018 silly tarball no local data for lru-cache@https://registry.npmjs.org/lru-cache/-/lru-cache-5.1.1.tgz. Extracting by manifest.
4019 silly tarball no local data for jsesc@https://registry.npmjs.org/jsesc/-/jsesc-3.1.0.tgz. Extracting by manifest.
4020 silly tarball no local data for @babel/helper-globals@https://registry.npmjs.org/@babel/helper-globals/-/helper-globals-7.29.7.tgz. Extracting by manifest.
4021 silly tarball no local data for picocolors@https://registry.npmjs.org/picocolors/-/picocolors-1.1.1.tgz. Extracting by manifest.
4022 silly tarball no local data for @babel/helper-module-imports@https://registry.npmjs.org/@babel/helper-module-imports/-/helper-module-imports-7.29.7.tgz. Extracting by manifest.
4023 silly tarball no local data for @babel/helper-validator-option@https://registry.npmjs.org/@babel/helper-validator-option/-/helper-validator-option-7.29.7.tgz. Extracting by manifest.
4024 silly tarball no local data for @babel/compat-data@https://registry.npmjs.org/@babel/compat-data/-/compat-data-7.29.7.tgz. Extracting by manifest.
4025 silly tarball no local data for js-tokens@https://registry.npmjs.org/js-tokens/-/js-tokens-4.0.0.tgz. Extracting by manifest.
4026 silly tarball no local data for @babel/helper-validator-identifier@https://registry.npmjs.org/@babel/helper-validator-identifier/-/helper-validator-identifier-7.29.7.tgz. Extracting by manifest.
4027 silly tarball no local data for @jridgewell/remapping@https://registry.npmjs.org/@jridgewell/remapping/-/remapping-2.3.5.tgz. Extracting by manifest.
4028 silly tarball no local data for @babel/types@https://registry.npmjs.org/@babel/types/-/types-7.29.8.tgz. Extracting by manifest.
4029 silly tarball no local data for @babel/traverse@https://registry.npmjs.org/@babel/traverse/-/traverse-7.29.8.tgz. Extracting by manifest.
4030 silly tarball no local data for @babel/template@https://registry.npmjs.org/@babel/template/-/template-7.29.7.tgz. Extracting by manifest.
4031 silly tarball no local data for gensync@https://registry.npmjs.org/gensync/-/gensync-1.0.0-beta.2.tgz. Extracting by manifest.
4032 silly tarball no local data for json5@https://registry.npmjs.org/json5/-/json5-2.2.3.tgz. Extracting by manifest.
4033 silly tarball no local data for debug@https://registry.npmjs.org/debug/-/debug-4.4.3.tgz. Extracting by manifest.
4034 silly tarball no local data for @babel/parser@https://registry.npmjs.org/@babel/parser/-/parser-7.29.8.tgz. Extracting by manifest.
4035 silly tarball no local data for @babel/helper-compilation-targets@https://registry.npmjs.org/@babel/helper-compilation-targets/-/helper-compilation-targets-7.29.7.tgz. Extracting by manifest.
4036 silly tarball no local data for @babel/helpers@https://registry.npmjs.org/@babel/helpers/-/helpers-7.29.7.tgz. Extracting by manifest.
4037 silly tarball no local data for @babel/code-frame@https://registry.npmjs.org/@babel/code-frame/-/code-frame-7.29.7.tgz. Extracting by manifest.
4038 silly tarball no local data for @standard-schema/spec@https://registry.npmjs.org/@standard-schema/spec/-/spec-1.1.0.tgz. Extracting by manifest.
4039 silly tarball no local data for reflect-metadata@https://registry.npmjs.org/reflect-metadata/-/reflect-metadata-0.2.2.tgz. Extracting by manifest.
4040 silly tarball no local data for convert-source-map@https://registry.npmjs.org/convert-source-map/-/convert-source-map-1.9.0.tgz. Extracting by manifest.
4041 silly tarball no local data for chokidar@https://registry.npmjs.org/chokidar/-/chokidar-5.0.0.tgz. Extracting by manifest.
4042 silly tarball no local data for @jridgewell/sourcemap-codec@https://registry.npmjs.org/@jridgewell/sourcemap-codec/-/sourcemap-codec-1.6.0.tgz. Extracting by manifest.
4043 silly tarball no local data for ora@https://registry.npmjs.org/ora/-/ora-9.3.0.tgz. Extracting by manifest.
4044 silly tarball no local data for @babel/helper-module-transforms@https://registry.npmjs.org/@babel/helper-module-transforms/-/helper-module-transforms-7.29.7.tgz. Extracting by manifest.
4045 silly tarball no local data for zod@https://registry.npmjs.org/zod/-/zod-4.3.6.tgz. Extracting by manifest.
4046 http fetch POST 200 https://registry.npmjs.org/-/npm/v1/security/advisories/bulk 1533ms
4047 silly audit report {}
4048 silly tarball no local data for yargs@https://registry.npmjs.org/yargs/-/yargs-18.0.0.tgz. Extracting by manifest.
4049 silly tarball no local data for @babel/generator@https://registry.npmjs.org/@babel/generator/-/generator-7.29.8.tgz. Extracting by manifest.
4050 silly tarball no local data for ini@https://registry.npmjs.org/ini/-/ini-6.0.0.tgz. Extracting by manifest.
4051 silly tarball no local data for @yarnpkg/lockfile@https://registry.npmjs.org/@yarnpkg/lockfile/-/lockfile-1.1.0.tgz. Extracting by manifest.
4052 silly tarball no local data for algoliasearch@https://registry.npmjs.org/algoliasearch/-/algoliasearch-5.48.1.tgz. Extracting by manifest.
4053 silly tarball no local data for @schematics/angular@https://registry.npmjs.org/@schematics/angular/-/angular-21.2.24.tgz. Extracting by manifest.
4054 silly tarball no local data for pacote@https://registry.npmjs.org/pacote/-/pacote-21.5.1.tgz. Extracting by manifest.
4055 silly tarball no local data for @modelcontextprotocol/sdk@https://registry.npmjs.org/@modelcontextprotocol/sdk/-/sdk-1.30.0.tgz. Extracting by manifest.
4056 silly tarball no local data for @listr2/prompt-adapter-inquirer@https://registry.npmjs.org/@listr2/prompt-adapter-inquirer/-/prompt-adapter-inquirer-3.0.5.tgz. Extracting by manifest.
4057 silly tarball no local data for @angular-devkit/schematics@https://registry.npmjs.org/@angular-devkit/schematics/-/schematics-21.2.24.tgz. Extracting by manifest.
4058 silly tarball no local data for ajv-formats@https://registry.npmjs.org/ajv-formats/-/ajv-formats-3.0.1.tgz. Extracting by manifest.
4059 silly tarball no local data for @inquirer/prompts@https://registry.npmjs.org/@inquirer/prompts/-/prompts-7.10.1.tgz. Extracting by manifest.
4060 silly tarball no local data for @angular-devkit/core@https://registry.npmjs.org/@angular-devkit/core/-/core-21.2.24.tgz. Extracting by manifest.
4061 silly tarball no local data for @jridgewell/trace-mapping@https://registry.npmjs.org/@jridgewell/trace-mapping/-/trace-mapping-0.3.31.tgz. Extracting by manifest.
4062 silly tarball no local data for ajv@https://registry.npmjs.org/ajv/-/ajv-8.18.0.tgz. Extracting by manifest.
4063 silly tarball no local data for @jridgewell/gen-mapping@https://registry.npmjs.org/@jridgewell/gen-mapping/-/gen-mapping-0.3.13.tgz. Extracting by manifest.
4064 silly tarball no local data for source-map@https://registry.npmjs.org/source-map/-/source-map-0.7.6.tgz. Extracting by manifest.
4065 silly tarball no local data for watchpack@https://registry.npmjs.org/watchpack/-/watchpack-2.5.1.tgz. Extracting by manifest.
4066 silly tarball no local data for undici@https://registry.npmjs.org/undici/-/undici-7.29.1.tgz. Extracting by manifest.
4067 silly tarball no local data for tinyglobby@https://registry.npmjs.org/tinyglobby/-/tinyglobby-0.2.15.tgz. Extracting by manifest.
4068 silly tarball no local data for source-map-support@https://registry.npmjs.org/source-map-support/-/source-map-support-0.5.21.tgz. Extracting by manifest.
4069 silly tarball no local data for semver@https://registry.npmjs.org/semver/-/semver-7.7.4.tgz. Extracting by manifest.
4070 silly tarball no local data for sass@https://registry.npmjs.org/sass/-/sass-1.97.3.tgz. Extracting by manifest.
4071 silly tarball no local data for piscina@https://registry.npmjs.org/piscina/-/piscina-5.2.0.tgz. Extracting by manifest.
4072 silly tarball no local data for rolldown@https://registry.npmjs.org/rolldown/-/rolldown-1.0.0-rc.4.tgz. Extracting by manifest.
4073 silly tarball no local data for picomatch@https://registry.npmjs.org/picomatch/-/picomatch-4.0.4.tgz. Extracting by manifest.
4074 silly tarball no local data for mrmime@https://registry.npmjs.org/mrmime/-/mrmime-2.0.1.tgz. Extracting by manifest.
4075 silly tarball no local data for magic-string@https://registry.npmjs.org/magic-string/-/magic-string-0.30.21.tgz. Extracting by manifest.
4076 silly tarball no local data for parse5-html-rewriting-stream@https://registry.npmjs.org/parse5-html-rewriting-stream/-/parse5-html-rewriting-stream-8.0.0.tgz. Extracting by manifest.
4077 silly tarball no local data for lmdb@https://registry.npmjs.org/lmdb/-/lmdb-3.5.1.tgz. Extracting by manifest.
4078 silly tarball no local data for listr2@https://registry.npmjs.org/listr2/-/listr2-9.0.5.tgz. Extracting by manifest.
4079 silly tarball no local data for jsonc-parser@https://registry.npmjs.org/jsonc-parser/-/jsonc-parser-3.3.1.tgz. Extracting by manifest.
4080 silly tarball no local data for istanbul-lib-instrument@https://registry.npmjs.org/istanbul-lib-instrument/-/istanbul-lib-instrument-6.0.3.tgz. Extracting by manifest.
4081 silly tarball no local data for esbuild@https://registry.npmjs.org/esbuild/-/esbuild-0.28.1.tgz. Extracting by manifest.
4082 silly tarball no local data for npm-package-arg@https://registry.npmjs.org/npm-package-arg/-/npm-package-arg-13.0.2.tgz. Extracting by manifest.
4083 silly tarball no local data for beasties@https://registry.npmjs.org/beasties/-/beasties-0.4.1.tgz. Extracting by manifest.
4084 silly tarball no local data for @inquirer/confirm@https://registry.npmjs.org/@inquirer/confirm/-/confirm-5.1.21.tgz. Extracting by manifest.
4085 silly tarball no local data for https-proxy-agent@https://registry.npmjs.org/https-proxy-agent/-/https-proxy-agent-7.0.6.tgz. Extracting by manifest.
4086 silly tarball no local data for vite@https://registry.npmjs.org/vite/-/vite-7.3.6.tgz. Extracting by manifest.
4087 silly tarball no local data for browserslist@https://registry.npmjs.org/browserslist/-/browserslist-4.29.0.tgz. Extracting by manifest.
4088 silly tarball no local data for @vitejs/plugin-basic-ssl@https://registry.npmjs.org/@vitejs/plugin-basic-ssl/-/plugin-basic-ssl-2.1.4.tgz. Extracting by manifest.
4089 silly tarball no local data for @babel/core@https://registry.npmjs.org/@babel/core/-/core-7.29.7.tgz. Extracting by manifest.
4090 silly tarball no local data for @angular-devkit/architect@https://registry.npmjs.org/@angular-devkit/architect/-/architect-0.2102.24.tgz. Extracting by manifest.
4091 silly tarball no local data for @babel/helper-annotate-as-pure@https://registry.npmjs.org/@babel/helper-annotate-as-pure/-/helper-annotate-as-pure-7.27.3.tgz. Extracting by manifest.
4092 silly tarball no local data for vitest@https://registry.npmjs.org/vitest/-/vitest-4.1.11.tgz. Extracting by manifest.
4093 silly tarball no local data for jsdom@https://registry.npmjs.org/jsdom/-/jsdom-27.4.0.tgz. Extracting by manifest.
4094 silly tarball no local data for @angular/platform-browser@https://registry.npmjs.org/@angular/platform-browser/-/platform-browser-21.2.23.tgz. Extracting by manifest.
4095 silly tarball no local data for @angular/forms@https://registry.npmjs.org/@angular/forms/-/forms-21.2.23.tgz. Extracting by manifest.
4096 silly tarball no local data for @angular/router@https://registry.npmjs.org/@angular/router/-/router-21.2.23.tgz. Extracting by manifest.
4097 silly tarball no local data for rxjs@https://registry.npmjs.org/rxjs/-/rxjs-7.8.2.tgz. Extracting by manifest.
4098 silly tarball no local data for @angular/common@https://registry.npmjs.org/@angular/common/-/common-21.2.23.tgz. Extracting by manifest.
4099 silly tarball no local data for @angular/cli@https://registry.npmjs.org/@angular/cli/-/cli-21.2.24.tgz. Extracting by manifest.
4100 silly tarball no local data for @angular/compiler-cli@https://registry.npmjs.org/@angular/compiler-cli/-/compiler-cli-21.2.23.tgz. Extracting by manifest.
4101 silly tarball no local data for @angular/compiler@https://registry.npmjs.org/@angular/compiler/-/compiler-21.2.23.tgz. Extracting by manifest.
4102 silly tarball no local data for @angular/build@https://registry.npmjs.org/@angular/build/-/build-21.2.24.tgz. Extracting by manifest.
4103 silly tarball no local data for tslib@https://registry.npmjs.org/tslib/-/tslib-2.8.1.tgz. Extracting by manifest.
4104 silly tarball no local data for typescript@https://registry.npmjs.org/typescript/-/typescript-5.9.3.tgz. Extracting by manifest.
4105 silly tarball no local data for wrap-ansi@https://registry.npmjs.org/wrap-ansi/-/wrap-ansi-9.0.2.tgz. Extracting by manifest.
4106 silly tarball no local data for string-width@https://registry.npmjs.org/string-width/-/string-width-7.2.0.tgz. Extracting by manifest.
4107 silly tarball no local data for convert-source-map@https://registry.npmjs.org/convert-source-map/-/convert-source-map-2.0.0.tgz. Extracting by manifest.
4108 silly tarball no local data for node-addon-api@https://registry.npmjs.org/node-addon-api/-/node-addon-api-7.1.1.tgz. Extracting by manifest.
4109 silly tarball no local data for @ampproject/remapping@https://registry.npmjs.org/@ampproject/remapping/-/remapping-2.3.0.tgz. Extracting by manifest.
4110 silly tarball no local data for @babel/helper-split-export-declaration@https://registry.npmjs.org/@babel/helper-split-export-declaration/-/helper-split-export-declaration-7.24.7.tgz. Extracting by manifest.
4111 silly tarball no local data for lru-cache@https://registry.npmjs.org/lru-cache/-/lru-cache-11.5.2.tgz. Extracting by manifest.
4112 silly tarball no local data for lru-cache@https://registry.npmjs.org/lru-cache/-/lru-cache-11.5.2.tgz. Extracting by manifest.
4113 silly tarball no local data for yallist@https://registry.npmjs.org/yallist/-/yallist-4.0.0.tgz. Extracting by manifest.
4114 silly tarball no local data for minipass@https://registry.npmjs.org/minipass/-/minipass-3.3.6.tgz. Extracting by manifest.
4115 silly tarball no local data for isexe@https://registry.npmjs.org/isexe/-/isexe-4.0.0.tgz. Extracting by manifest.
4116 silly tarball no local data for which@https://registry.npmjs.org/which/-/which-6.0.1.tgz. Extracting by manifest.
4117 silly tarball no local data for undici@https://registry.npmjs.org/undici/-/undici-6.28.1.tgz. Extracting by manifest.
4118 silly tarball no local data for lru-cache@https://registry.npmjs.org/lru-cache/-/lru-cache-11.5.2.tgz. Extracting by manifest.
4119 silly tarball no local data for isexe@https://registry.npmjs.org/isexe/-/isexe-4.0.0.tgz. Extracting by manifest.
4120 silly tarball no local data for yallist@https://registry.npmjs.org/yallist/-/yallist-5.0.0.tgz. Extracting by manifest.
4121 silly tarball no local data for which@https://registry.npmjs.org/which/-/which-6.0.1.tgz. Extracting by manifest.
4122 silly tarball no local data for isexe@https://registry.npmjs.org/isexe/-/isexe-4.0.0.tgz. Extracting by manifest.
4123 silly tarball no local data for yallist@https://registry.npmjs.org/yallist/-/yallist-4.0.0.tgz. Extracting by manifest.
4124 silly tarball no local data for which@https://registry.npmjs.org/which/-/which-6.0.1.tgz. Extracting by manifest.
4125 silly tarball no local data for minipass@https://registry.npmjs.org/minipass/-/minipass-3.3.6.tgz. Extracting by manifest.
4126 silly tarball no local data for @angular/core@https://registry.npmjs.org/@angular/core/-/core-21.2.23.tgz. Extracting by manifest.
4127 silly tarball no local data for lru-cache@https://registry.npmjs.org/lru-cache/-/lru-cache-11.5.2.tgz. Extracting by manifest.
4128 silly tarball no local data for lru-cache@https://registry.npmjs.org/lru-cache/-/lru-cache-11.5.2.tgz. Extracting by manifest.
4129 silly tarball no local data for lru-cache@https://registry.npmjs.org/lru-cache/-/lru-cache-11.5.2.tgz. Extracting by manifest.
4130 silly tarball no local data for whatwg-mimetype@https://registry.npmjs.org/whatwg-mimetype/-/whatwg-mimetype-5.0.0.tgz. Extracting by manifest.
4131 silly tarball no local data for string-width@https://registry.npmjs.org/string-width/-/string-width-7.2.0.tgz. Extracting by manifest.
4132 silly tarball no local data for entities@https://registry.npmjs.org/entities/-/entities-8.1.0.tgz. Extracting by manifest.
4133 silly tarball no local data for wrap-ansi@https://registry.npmjs.org/wrap-ansi/-/wrap-ansi-9.0.2.tgz. Extracting by manifest.
4134 silly tarball no local data for slice-ansi@https://registry.npmjs.org/slice-ansi/-/slice-ansi-7.1.2.tgz. Extracting by manifest.
4135 silly tarball no local data for lru-cache@https://registry.npmjs.org/lru-cache/-/lru-cache-11.5.2.tgz. Extracting by manifest.
4136 silly tarball no local data for content-type@https://registry.npmjs.org/content-type/-/content-type-2.1.0.tgz. Extracting by manifest.
4137 silly tarball no local data for lru-cache@https://registry.npmjs.org/lru-cache/-/lru-cache-11.5.2.tgz. Extracting by manifest.
4138 silly tarball no local data for content-type@https://registry.npmjs.org/content-type/-/content-type-2.1.0.tgz. Extracting by manifest.
4139 silly tarball no local data for content-type@https://registry.npmjs.org/content-type/-/content-type-2.1.0.tgz. Extracting by manifest.
4140 silly tarball no local data for ansi-regex@https://registry.npmjs.org/ansi-regex/-/ansi-regex-5.0.1.tgz. Extracting by manifest.
4141 silly tarball no local data for is-fullwidth-code-point@https://registry.npmjs.org/is-fullwidth-code-point/-/is-fullwidth-code-point-3.0.0.tgz. Extracting by manifest.
4142 silly tarball no local data for emoji-regex@https://registry.npmjs.org/emoji-regex/-/emoji-regex-8.0.0.tgz. Extracting by manifest.
4143 silly tarball no local data for strip-ansi@https://registry.npmjs.org/strip-ansi/-/strip-ansi-6.0.1.tgz. Extracting by manifest.
4144 silly tarball no local data for string-width@https://registry.npmjs.org/string-width/-/string-width-4.2.3.tgz. Extracting by manifest.
4145 silly tarball no local data for ansi-styles@https://registry.npmjs.org/ansi-styles/-/ansi-styles-4.3.0.tgz. Extracting by manifest.
4146 silly tarball no local data for semver@https://registry.npmjs.org/semver/-/semver-6.3.1.tgz. Extracting by manifest.
4147 silly tarball no local data for string-width@https://registry.npmjs.org/string-width/-/string-width-7.2.0.tgz. Extracting by manifest.
4148 silly tarball no local data for source-map@https://registry.npmjs.org/source-map/-/source-map-0.6.1.tgz. Extracting by manifest.
4149 silly tarball no local data for entities@https://registry.npmjs.org/entities/-/entities-6.0.1.tgz. Extracting by manifest.
4150 silly tarball no local data for entities@https://registry.npmjs.org/entities/-/entities-7.0.1.tgz. Extracting by manifest.
4151 silly tarball no local data for string-width@https://registry.npmjs.org/string-width/-/string-width-7.2.0.tgz. Extracting by manifest.
4152 silly tarball no local data for readdirp@https://registry.npmjs.org/readdirp/-/readdirp-4.1.2.tgz. Extracting by manifest.
4153 silly tarball no local data for chokidar@https://registry.npmjs.org/chokidar/-/chokidar-4.0.3.tgz. Extracting by manifest.
4154 silly tarball no local data for wrap-ansi@https://registry.npmjs.org/wrap-ansi/-/wrap-ansi-9.0.2.tgz. Extracting by manifest.
4155 silly tarball no local data for semver@https://registry.npmjs.org/semver/-/semver-6.3.1.tgz. Extracting by manifest.
4156 silly tarball no local data for convert-source-map@https://registry.npmjs.org/convert-source-map/-/convert-source-map-2.0.0.tgz. Extracting by manifest.
4157 http fetch GET 200 https://registry.npmjs.org/get-caller-file/-/get-caller-file-2.0.5.tgz 2055ms (cache miss)
4158 http fetch GET 200 https://registry.npmjs.org/y18n/-/y18n-5.0.8.tgz 2064ms (cache miss)
4159 http fetch GET 200 https://registry.npmjs.org/stackback/-/stackback-0.0.2.tgz 2062ms (cache miss)
4160 http fetch GET 200 https://registry.npmjs.org/why-is-node-running/-/why-is-node-running-2.3.0.tgz 2109ms (cache miss)
4161 http fetch GET 200 https://registry.npmjs.org/color-name/-/color-name-1.1.4.tgz 2182ms (cache miss)
4162 http fetch GET 200 https://registry.npmjs.org/isexe/-/isexe-2.0.0.tgz 2181ms (cache miss)
4163 http fetch GET 200 https://registry.npmjs.org/assertion-error/-/assertion-error-2.0.1.tgz 2186ms (cache miss)
4164 http fetch GET 200 https://registry.npmjs.org/pathe/-/pathe-2.0.3.tgz 2154ms (cache miss)
4165 http fetch GET 200 https://registry.npmjs.org/tinyrainbow/-/tinyrainbow-3.1.1.tgz 2206ms (cache miss)
4166 http fetch GET 200 https://registry.npmjs.org/std-env/-/std-env-4.2.0.tgz 2204ms (cache miss)
4167 http fetch GET 200 https://registry.npmjs.org/@vitest/spy/-/spy-4.1.11.tgz 2457ms (cache miss)
4168 http fetch GET 200 https://registry.npmjs.org/tinyexec/-/tinyexec-1.3.1.tgz 2539ms (cache miss)
4169 http fetch GET 200 https://registry.npmjs.org/@types/estree/-/estree-1.0.9.tgz 2604ms (cache miss)
4170 http fetch GET 200 https://registry.npmjs.org/siginfo/-/siginfo-2.0.0.tgz 2672ms (cache miss)
4171 http fetch GET 200 https://registry.npmjs.org/media-typer/-/media-typer-1.1.1.tgz 3384ms (cache miss)
4172 http fetch GET 200 https://registry.npmjs.org/chownr/-/chownr-3.0.0.tgz 3460ms (cache miss)
4173 http fetch GET 200 https://registry.npmjs.org/cliui/-/cliui-9.0.1.tgz 3655ms (cache miss)
4174 http fetch GET 200 https://registry.npmjs.org/@tufjs/canonical-json/-/canonical-json-2.0.0.tgz 3581ms (cache miss)
4175 http fetch GET 200 https://registry.npmjs.org/escalade/-/escalade-3.2.0.tgz 3591ms (cache miss)
4176 http fetch GET 200 https://registry.npmjs.org/ansi-styles/-/ansi-styles-6.2.3.tgz 3680ms (cache miss)
4177 http fetch GET 200 https://registry.npmjs.org/@isaacs/fs-minipass/-/fs-minipass-4.0.1.tgz 3882ms (cache miss)
4178 http fetch GET 200 https://registry.npmjs.org/get-proto/-/get-proto-1.0.1.tgz 3811ms (cache miss)
4179 http fetch GET 200 https://registry.npmjs.org/call-bound/-/call-bound-1.0.4.tgz 3801ms (cache miss)
4180 http fetch GET 200 https://registry.npmjs.org/call-bind-apply-helpers/-/call-bind-apply-helpers-1.0.2.tgz 3802ms (cache miss)
4181 http fetch GET 200 https://registry.npmjs.org/side-channel-weakmap/-/side-channel-weakmap-1.0.2.tgz 3824ms (cache miss)
4182 http fetch GET 200 https://registry.npmjs.org/glob-to-regexp/-/glob-to-regexp-0.4.1.tgz 4024ms (cache miss)
4183 http fetch GET 200 https://registry.npmjs.org/dunder-proto/-/dunder-proto-1.0.1.tgz 3963ms (cache miss)
4184 http fetch GET 200 https://registry.npmjs.org/spdx-exceptions/-/spdx-exceptions-2.5.0.tgz 3994ms (cache miss)
4185 http fetch GET 200 https://registry.npmjs.org/chai/-/chai-6.2.2.tgz 4098ms (cache miss)
4186 http fetch GET 200 https://registry.npmjs.org/buffer-from/-/buffer-from-1.1.2.tgz 4133ms (cache miss)
4187 http fetch GET 200 https://registry.npmjs.org/get-intrinsic/-/get-intrinsic-1.3.0.tgz 4065ms (cache miss)
4188 http fetch GET 200 https://registry.npmjs.org/ansi-regex/-/ansi-regex-6.3.0.tgz 4256ms (cache miss)
4189 http fetch GET 200 https://registry.npmjs.org/spdx-license-ids/-/spdx-license-ids-3.0.24.tgz 4255ms (cache miss)
4190 http fetch GET 200 https://registry.npmjs.org/shebang-regex/-/shebang-regex-3.0.0.tgz 4172ms (cache miss)
4191 http fetch GET 200 https://registry.npmjs.org/is-fullwidth-code-point/-/is-fullwidth-code-point-5.1.0.tgz 4326ms (cache miss)
4192 http fetch GET 200 https://registry.npmjs.org/@types/deep-eql/-/deep-eql-4.0.2.tgz 4452ms (cache miss)
4193 http fetch GET 200 https://registry.npmjs.org/punycode/-/punycode-2.3.1.tgz 4480ms (cache miss)
4194 http fetch GET 200 https://registry.npmjs.org/is-extglob/-/is-extglob-2.1.1.tgz 4278ms (cache miss)
4195 http fetch GET 200 https://registry.npmjs.org/side-channel-list/-/side-channel-list-1.0.1.tgz 4416ms (cache miss)
4196 http fetch GET 200 https://registry.npmjs.org/tinybench/-/tinybench-2.9.0.tgz 4730ms (cache miss)
4197 http fetch GET 200 https://registry.npmjs.org/is-glob/-/is-glob-4.0.3.tgz 4589ms (cache miss)
4198 http fetch GET 200 https://registry.npmjs.org/is-promise/-/is-promise-4.0.0.tgz 4584ms (cache miss)
4199 http fetch GET 200 https://registry.npmjs.org/@vitest/pretty-format/-/pretty-format-4.1.11.tgz 4647ms (cache miss)
4200 http fetch GET 200 https://registry.npmjs.org/onetime/-/onetime-7.0.0.tgz 4581ms (cache miss)
4201 http fetch GET 200 https://registry.npmjs.org/emoji-regex/-/emoji-regex-10.6.0.tgz 4915ms (cache miss)
4202 http fetch GET 200 https://registry.npmjs.org/side-channel/-/side-channel-1.1.1.tgz 4716ms (cache miss)
4203 http fetch GET 200 https://registry.npmjs.org/mimic-function/-/mimic-function-5.0.1.tgz 4726ms (cache miss)
4204 http fetch GET 200 https://registry.npmjs.org/unpipe/-/unpipe-1.0.0.tgz 4869ms (cache miss)
4205 http fetch GET 200 https://registry.npmjs.org/es-define-property/-/es-define-property-1.0.1.tgz 4861ms (cache miss)
4206 http fetch GET 200 https://registry.npmjs.org/parse5-sax-parser/-/parse5-sax-parser-8.0.0.tgz 4862ms (cache miss)
4207 http fetch GET 200 https://registry.npmjs.org/@npmcli/agent/-/agent-4.0.2.tgz 4951ms (cache miss)
4208 http fetch GET 200 https://registry.npmjs.org/@rolldown/pluginutils/-/pluginutils-1.0.0-rc.4.tgz 4985ms (cache miss)
4209 http fetch GET 200 https://registry.npmjs.org/minipass-sized/-/minipass-sized-2.0.0.tgz 4961ms (cache miss)
4210 http fetch GET 200 https://registry.npmjs.org/ignore-walk/-/ignore-walk-8.0.0.tgz 5163ms (cache miss)
4211 http fetch GET 200 https://registry.npmjs.org/npm-install-checks/-/npm-install-checks-8.0.0.tgz 5162ms (cache miss)
4212 http fetch GET 200 https://registry.npmjs.org/nopt/-/nopt-9.0.0.tgz 5160ms (cache miss)
4213 http fetch GET 200 https://registry.npmjs.org/exponential-backoff/-/exponential-backoff-3.1.3.tgz 5156ms (cache miss)
4214 http fetch GET 200 https://registry.npmjs.org/minipass-flush/-/minipass-flush-1.0.7.tgz 5263ms (cache miss)
4215 http fetch GET 200 https://registry.npmjs.org/@types/chai/-/chai-5.2.3.tgz 5666ms (cache miss)
4216 http fetch GET 200 https://registry.npmjs.org/forwarded/-/forwarded-0.2.0.tgz 5451ms (cache miss)
4217 http fetch GET 200 https://registry.npmjs.org/graceful-fs/-/graceful-fs-4.2.11.tgz 5414ms (cache miss)
4218 http fetch GET 200 https://registry.npmjs.org/balanced-match/-/balanced-match-4.0.4.tgz 5585ms (cache miss)
4219 http fetch GET 200 https://registry.npmjs.org/npm-normalize-package-bin/-/npm-normalize-package-bin-5.0.0.tgz 5555ms (cache miss)
4220 http fetch GET 200 https://registry.npmjs.org/@npmcli/node-gyp/-/node-gyp-5.0.0.tgz 5570ms (cache miss)
4221 http fetch GET 200 https://registry.npmjs.org/spdx-expression-parse/-/spdx-expression-parse-4.0.0.tgz 5567ms (cache miss)
4222 http fetch GET 200 https://registry.npmjs.org/minipass-pipeline/-/minipass-pipeline-1.2.4.tgz 5575ms (cache miss)
4223 http fetch GET 200 https://registry.npmjs.org/json-parse-even-better-errors/-/json-parse-even-better-errors-5.0.0.tgz 5571ms (cache miss)
4224 http fetch GET 200 https://registry.npmjs.org/http-cache-semantics/-/http-cache-semantics-4.2.0.tgz 5772ms (cache miss)
4225 http fetch GET 200 https://registry.npmjs.org/minipass-collect/-/minipass-collect-2.0.1.tgz 5743ms (cache miss)
4226 http fetch GET 200 https://registry.npmjs.org/sigstore/-/sigstore-4.1.1.tgz 5741ms (cache miss)
4227 http fetch GET 200 https://registry.npmjs.org/env-paths/-/env-paths-2.2.1.tgz 5908ms (cache miss)
4228 http fetch GET 200 https://registry.npmjs.org/abbrev/-/abbrev-4.0.0.tgz 5921ms (cache miss)
4229 http fetch GET 200 https://registry.npmjs.org/stdin-discarder/-/stdin-discarder-0.3.2.tgz 5855ms (cache miss)
4230 http fetch GET 200 https://registry.npmjs.org/p-map/-/p-map-7.0.8.tgz 6072ms (cache miss)
4231 http fetch GET 200 https://registry.npmjs.org/npm-pick-manifest/-/npm-pick-manifest-11.0.3.tgz 6031ms (cache miss)
4232 http fetch GET 200 https://registry.npmjs.org/is-unicode-supported/-/is-unicode-supported-2.1.0.tgz 6019ms (cache miss)
4233 http fetch GET 200 https://registry.npmjs.org/log-symbols/-/log-symbols-7.0.1.tgz 6031ms (cache miss)
4234 http fetch GET 200 https://registry.npmjs.org/fdir/-/fdir-6.5.0.tgz 6428ms (cache miss)
4235 http fetch GET 200 https://registry.npmjs.org/get-east-asian-width/-/get-east-asian-width-1.7.0.tgz 6417ms (cache miss)
4236 http fetch GET 200 https://registry.npmjs.org/npm-bundled/-/npm-bundled-5.0.0.tgz 6240ms (cache miss)
4237 http fetch GET 200 https://registry.npmjs.org/chalk/-/chalk-5.6.2.tgz 6203ms (cache miss)
4238 http fetch GET 200 https://registry.npmjs.org/validate-npm-package-name/-/validate-npm-package-name-7.0.2.tgz 6199ms (cache miss)
4239 http fetch GET 200 https://registry.npmjs.org/@gar/promise-retry/-/promise-retry-1.0.3.tgz 6225ms (cache miss)
4240 http fetch GET 200 https://registry.npmjs.org/hosted-git-info/-/hosted-git-info-9.0.3.tgz 6200ms (cache miss)
4241 http fetch GET 200 https://registry.npmjs.org/ee-first/-/ee-first-1.1.1.tgz 6207ms (cache miss)
4242 http fetch GET 200 https://registry.npmjs.org/fs-minipass/-/fs-minipass-3.0.3.tgz 6382ms (cache miss)
4243 http fetch GET 200 https://registry.npmjs.org/npm-packlist/-/npm-packlist-10.0.4.tgz 6386ms (cache miss)
4244 http fetch GET 200 https://registry.npmjs.org/msgpackr-extract/-/msgpackr-extract-3.0.4.tgz 6352ms (cache miss)
4245 http fetch GET 200 https://registry.npmjs.org/detect-libc/-/detect-libc-2.1.2.tgz 6367ms (cache miss)
4246 http fetch GET 200 https://registry.npmjs.org/@napi-rs/nice/-/nice-1.1.1.tgz 6626ms (cache miss)
4247 http fetch GET 200 https://registry.npmjs.org/restore-cursor/-/restore-cursor-5.1.0.tgz 6497ms (cache miss)
4248 http fetch GET 200 https://registry.npmjs.org/environment/-/environment-1.1.0.tgz 6496ms (cache miss)
4249 http fetch GET 200 https://registry.npmjs.org/yallist/-/yallist-3.1.1.tgz 6496ms (cache miss)
4250 http fetch GET 200 https://registry.npmjs.org/strip-ansi/-/strip-ansi-7.2.0.tgz 6505ms (cache miss)
4251 http fetch GET 200 https://registry.npmjs.org/cli-cursor/-/cli-cursor-5.0.0.tgz 6505ms (cache miss)
4252 http fetch GET 200 https://registry.npmjs.org/color-convert/-/color-convert-2.0.1.tgz 7050ms (cache miss)
4253 http fetch GET 200 https://registry.npmjs.org/wrappy/-/wrappy-1.0.2.tgz 6777ms (cache miss)
4254 http fetch GET 200 https://registry.npmjs.org/ansi-escapes/-/ansi-escapes-7.3.0.tgz 6775ms (cache miss)
4255 http fetch GET 200 https://registry.npmjs.org/string-width/-/string-width-8.2.2.tgz 6784ms (cache miss)
4256 http fetch GET 200 https://registry.npmjs.org/rfdc/-/rfdc-1.4.1.tgz 6787ms (cache miss)
4257 http fetch GET 200 https://registry.npmjs.org/ipaddr.js/-/ipaddr.js-1.9.1.tgz 7135ms (cache miss)
4258 http fetch GET 200 https://registry.npmjs.org/is-interactive/-/is-interactive-2.0.0.tgz 7027ms (cache miss)
4259 http fetch GET 200 https://registry.npmjs.org/proc-log/-/proc-log-6.1.0.tgz 7011ms (cache miss)
4260 http fetch GET 200 https://registry.npmjs.org/log-update/-/log-update-6.1.0.tgz 6959ms (cache miss)
4261 http fetch GET 200 https://registry.npmjs.org/@harperfast/extended-iterable/-/extended-iterable-1.0.3.tgz 6995ms (cache miss)
4262 http fetch GET 200 https://registry.npmjs.org/slice-ansi/-/slice-ansi-8.0.0.tgz 7102ms (cache miss)
4263 http fetch GET 200 https://registry.npmjs.org/colorette/-/colorette-2.0.20.tgz 7201ms (cache miss)
4264 http fetch GET 200 https://registry.npmjs.org/xml-name-validator/-/xml-name-validator-5.0.0.tgz 7176ms (cache miss)
4265 http fetch GET 200 https://registry.npmjs.org/@csstools/css-color-parser/-/css-color-parser-4.2.3.tgz 7210ms (cache miss)
4266 http fetch GET 200 https://registry.npmjs.org/@oxc-project/types/-/types-0.113.0.tgz 7661ms (cache miss)
4267 http fetch GET 200 https://registry.npmjs.org/whatwg-mimetype/-/whatwg-mimetype-4.0.0.tgz 7446ms (cache miss)
4268 http fetch GET 200 https://registry.npmjs.org/@csstools/css-tokenizer/-/css-tokenizer-4.0.0.tgz 7470ms (cache miss)
4269 http fetch GET 200 https://registry.npmjs.org/w3c-xmlserializer/-/w3c-xmlserializer-5.0.0.tgz 7447ms (cache miss)
4270 http fetch GET 200 https://registry.npmjs.org/webidl-conversions/-/webidl-conversions-8.0.1.tgz 7451ms (cache miss)
4271 http fetch GET 200 https://registry.npmjs.org/hasown/-/hasown-2.0.4.tgz 7814ms (cache miss)
4272 http fetch GET 200 https://registry.npmjs.org/cli-truncate/-/cli-truncate-5.2.0.tgz 7581ms (cache miss)
4273 http fetch GET 200 https://registry.npmjs.org/@csstools/css-calc/-/css-calc-3.4.0.tgz 7580ms (cache miss)
4274 http fetch GET 200 https://registry.npmjs.org/html-encoding-sniffer/-/html-encoding-sniffer-6.0.0.tgz 7547ms (cache miss)
4275 http fetch GET 200 https://registry.npmjs.org/yargs-parser/-/yargs-parser-22.0.0.tgz 8133ms (cache miss)
4276 http fetch GET 200 https://registry.npmjs.org/cli-spinners/-/cli-spinners-3.4.0.tgz 7770ms (cache miss)
4277 http fetch GET 200 https://registry.npmjs.org/@npmcli/installed-package-contents/-/installed-package-contents-4.0.0.tgz 7770ms (cache miss)
4278 http fetch GET 200 https://registry.npmjs.org/http-proxy-agent/-/http-proxy-agent-7.0.2.tgz 7656ms (cache miss)
4279 http fetch GET 200 https://registry.npmjs.org/is-potential-custom-element-name/-/is-potential-custom-element-name-1.0.1.tgz 7851ms (cache miss)
4280 http fetch GET 200 https://registry.npmjs.org/symbol-tree/-/symbol-tree-3.2.4.tgz 7861ms (cache miss)
4281 http fetch GET 200 https://registry.npmjs.org/data-urls/-/data-urls-6.0.1.tgz 7849ms (cache miss)
4282 http fetch GET 200 https://registry.npmjs.org/toidentifier/-/toidentifier-1.0.1.tgz 7851ms (cache miss)
4283 http fetch GET 200 https://registry.npmjs.org/inherits/-/inherits-2.0.4.tgz 7851ms (cache miss)
4284 http fetch GET 200 https://registry.npmjs.org/yoctocolors/-/yoctocolors-2.2.0.tgz 8125ms (cache miss)
4285 http fetch GET 200 https://registry.npmjs.org/type-is/-/type-is-2.1.0.tgz 7980ms (cache miss)
4286 http fetch GET 200 https://registry.npmjs.org/@istanbuljs/schema/-/schema-0.1.6.tgz 7993ms (cache miss)
4287 http fetch GET 200 https://registry.npmjs.org/setprototypeof/-/setprototypeof-1.2.0.tgz 7979ms (cache miss)
4288 http fetch GET 200 https://registry.npmjs.org/negotiator/-/negotiator-1.1.0.tgz 7979ms (cache miss)
4289 http fetch GET 200 https://registry.npmjs.org/@npmcli/promise-spawn/-/promise-spawn-9.0.1.tgz 8230ms (cache miss)
4290 http fetch GET 200 https://registry.npmjs.org/statuses/-/statuses-2.0.2.tgz 8078ms (cache miss)
4291 http fetch GET 200 https://registry.npmjs.org/serve-static/-/serve-static-2.2.1.tgz 8079ms (cache miss)
4292 http fetch GET 200 https://registry.npmjs.org/obug/-/obug-2.2.1.tgz 8665ms (cache miss)
4293 http fetch GET 200 https://registry.npmjs.org/parseurl/-/parseurl-1.3.3.tgz 8223ms (cache miss)
4294 http fetch GET 200 https://registry.npmjs.org/on-finished/-/on-finished-2.4.1.tgz 8221ms (cache miss)
4295 http fetch GET 200 https://registry.npmjs.org/http-errors/-/http-errors-2.0.1.tgz 8214ms (cache miss)
4296 http fetch GET 200 https://registry.npmjs.org/merge-descriptors/-/merge-descriptors-2.0.0.tgz 8218ms (cache miss)
4297 http fetch GET 200 https://registry.npmjs.org/once/-/once-1.4.0.tgz 8222ms (cache miss)
4298 http fetch GET 200 https://registry.npmjs.org/mime-types/-/mime-types-3.0.2.tgz 8220ms (cache miss)
4299 http fetch GET 200 https://registry.npmjs.org/finalhandler/-/finalhandler-2.1.1.tgz 8213ms (cache miss)
4300 http fetch GET 200 https://registry.npmjs.org/etag/-/etag-1.8.1.tgz 8350ms (cache miss)
4301 http fetch GET 200 https://registry.npmjs.org/depd/-/depd-2.0.0.tgz 8346ms (cache miss)
4302 http fetch GET 200 https://registry.npmjs.org/encodeurl/-/encodeurl-2.0.0.tgz 8353ms (cache miss)
4303 http fetch GET 200 https://registry.npmjs.org/cookie-signature/-/cookie-signature-1.2.2.tgz 8355ms (cache miss)
4304 http fetch GET 200 https://registry.npmjs.org/cookie/-/cookie-0.7.2.tgz 8354ms (cache miss)
4305 http fetch GET 200 https://registry.npmjs.org/content-disposition/-/content-disposition-1.1.0.tgz 8354ms (cache miss)
4306 http fetch GET 200 https://registry.npmjs.org/send/-/send-1.2.1.tgz 8491ms (cache miss)
4307 http fetch GET 200 https://registry.npmjs.org/proxy-addr/-/proxy-addr-2.0.8.tgz 8508ms (cache miss)
4308 http fetch GET 200 https://registry.npmjs.org/fresh/-/fresh-2.0.0.tgz 8502ms (cache miss)
4309 http fetch GET 200 https://registry.npmjs.org/nth-check/-/nth-check-2.1.1.tgz 8475ms (cache miss)
4310 http fetch GET 200 https://registry.npmjs.org/ms/-/ms-2.1.3.tgz 8478ms (cache miss)
4311 http fetch GET 200 https://registry.npmjs.org/accepts/-/accepts-2.0.0.tgz 8484ms (cache miss)
4312 http fetch GET 200 https://registry.npmjs.org/domelementtype/-/domelementtype-2.3.0.tgz 8486ms (cache miss)
4313 http fetch GET 200 https://registry.npmjs.org/path-to-regexp/-/path-to-regexp-8.4.2.tgz 8936ms (cache miss)
4314 http fetch GET 200 https://registry.npmjs.org/@asamuzakjp/nwsapi/-/nwsapi-2.3.9.tgz 8731ms (cache miss)
4315 http fetch GET 200 https://registry.npmjs.org/router/-/router-2.2.0.tgz 8668ms (cache miss)
4316 http fetch GET 200 https://registry.npmjs.org/escape-html/-/escape-html-1.0.3.tgz 8640ms (cache miss)
4317 http fetch GET 200 https://registry.npmjs.org/update-browserslist-db/-/update-browserslist-db-1.3.3.tgz 8606ms (cache miss)
4318 http fetch GET 200 https://registry.npmjs.org/which/-/which-2.0.2.tgz 8618ms (cache miss)
4319 http fetch GET 200 https://registry.npmjs.org/boolbase/-/boolbase-1.0.0.tgz 8621ms (cache miss)
4320 http fetch GET 200 https://registry.npmjs.org/path-key/-/path-key-3.1.1.tgz 8617ms (cache miss)
4321 http fetch GET 200 https://registry.npmjs.org/range-parser/-/range-parser-1.3.0.tgz 8890ms (cache miss)
4322 http fetch GET 200 https://registry.npmjs.org/readdirp/-/readdirp-5.1.1.tgz 8825ms (cache miss)
4323 http fetch GET 200 https://registry.npmjs.org/bytes/-/bytes-3.1.2.tgz 8818ms (cache miss)
4324 http fetch GET 200 https://registry.npmjs.org/postcss-safe-parser/-/postcss-safe-parser-7.1.0.tgz 8868ms (cache miss)
4325 http fetch GET 200 https://registry.npmjs.org/ssri/-/ssri-13.0.1.tgz 9290ms (cache miss)
4326 http fetch GET 200 https://registry.npmjs.org/body-parser/-/body-parser-2.3.0.tgz 9070ms (cache miss)
4327 http fetch GET 200 https://registry.npmjs.org/object-assign/-/object-assign-4.1.1.tgz 9044ms (cache miss)
4328 http fetch GET 200 https://registry.npmjs.org/domhandler/-/domhandler-5.0.3.tgz 9035ms (cache miss)
4329 http fetch GET 200 https://registry.npmjs.org/dom-serializer/-/dom-serializer-2.0.0.tgz 9028ms (cache miss)
4330 http fetch GET 200 https://registry.npmjs.org/shebang-command/-/shebang-command-2.0.0.tgz 9065ms (cache miss)
4331 http fetch GET 200 https://registry.npmjs.org/node-gyp-build-optional-packages/-/node-gyp-build-optional-packages-5.2.2.tgz 9351ms (cache miss)
4332 http fetch GET 200 https://registry.npmjs.org/@algolia/requester-node-http/-/requester-node-http-5.48.1.tgz 9170ms (cache miss)
4333 http fetch GET 200 https://registry.npmjs.org/@algolia/requester-fetch/-/requester-fetch-5.48.1.tgz 9166ms (cache miss)
4334 http fetch GET 200 https://registry.npmjs.org/gopd/-/gopd-1.2.0.tgz 9679ms (cache miss)
4335 http fetch GET 200 https://registry.npmjs.org/socks-proxy-agent/-/socks-proxy-agent-8.0.5.tgz 9609ms (cache miss)
4336 http fetch GET 200 https://registry.npmjs.org/vary/-/vary-1.1.2.tgz 9331ms (cache miss)
4337 http fetch GET 200 https://registry.npmjs.org/@vitest/expect/-/expect-4.1.11.tgz 9839ms (cache miss)
4338 http fetch GET 200 https://registry.npmjs.org/@napi-rs/nice-win32-x64-msvc/-/nice-win32-x64-msvc-1.1.1.tgz 9784ms (cache miss)
4339 http fetch GET 200 https://registry.npmjs.org/@csstools/color-helpers/-/color-helpers-6.1.1.tgz 9603ms (cache miss)
4340 http fetch GET 200 https://registry.npmjs.org/@csstools/css-parser-algorithms/-/css-parser-algorithms-4.0.0.tgz 9604ms (cache miss)
4341 http fetch GET 200 https://registry.npmjs.org/require-from-string/-/require-from-string-2.0.2.tgz 9409ms (cache miss)
4342 http fetch GET 200 https://registry.npmjs.org/@csstools/css-syntax-patches-for-csstree/-/css-syntax-patches-for-csstree-1.1.14.tgz 9728ms (cache miss)
4343 http fetch GET 200 https://registry.npmjs.org/@algolia/requester-browser-xhr/-/requester-browser-xhr-5.48.1.tgz 9556ms (cache miss)
4344 http fetch GET 200 https://registry.npmjs.org/estree-walker/-/estree-walker-3.0.3.tgz 10417ms (cache miss)
4345 http fetch GET 200 https://registry.npmjs.org/es-module-lexer/-/es-module-lexer-2.3.2.tgz 10398ms (cache miss)
4346 http fetch GET 200 https://registry.npmjs.org/function-bind/-/function-bind-1.1.2.tgz 10269ms (cache miss)
4347 http fetch GET 200 https://registry.npmjs.org/saxes/-/saxes-6.0.0.tgz 9994ms (cache miss)
4348 http fetch GET 200 https://registry.npmjs.org/mime-db/-/mime-db-1.54.0.tgz 10088ms (cache miss)
4349 http fetch GET 200 https://registry.npmjs.org/json-schema-traverse/-/json-schema-traverse-1.0.0.tgz 9823ms (cache miss)
4350 http fetch GET 200 https://registry.npmjs.org/fast-deep-equal/-/fast-deep-equal-3.1.3.tgz 9821ms (cache miss)
4351 http fetch GET 200 https://registry.npmjs.org/side-channel-map/-/side-channel-map-1.0.1.tgz 10309ms (cache miss)
4352 http fetch GET 200 https://registry.npmjs.org/node-releases/-/node-releases-2.0.55.tgz 9881ms (cache miss)
4353 http fetch GET 200 https://registry.npmjs.org/safer-buffer/-/safer-buffer-2.1.2.tgz 10289ms (cache miss)
4354 http fetch GET 200 https://registry.npmjs.org/content-type/-/content-type-1.0.5.tgz 10182ms (cache miss)
4355 http fetch GET 200 https://registry.npmjs.org/cors/-/cors-2.8.6.tgz 10195ms (cache miss)
4356 http fetch GET 200 https://registry.npmjs.org/raw-body/-/raw-body-3.0.2.tgz 10351ms (cache miss)
4357 http fetch GET 200 https://registry.npmjs.org/@inquirer/external-editor/-/external-editor-1.0.3.tgz 10343ms (cache miss)
4358 http fetch GET 200 https://registry.npmjs.org/@inquirer/checkbox/-/checkbox-4.3.2.tgz 10330ms (cache miss)
4359 http fetch GET 200 https://registry.npmjs.org/@inquirer/select/-/select-4.4.2.tgz 10343ms (cache miss)
4360 http fetch GET 200 https://registry.npmjs.org/@npmcli/redact/-/redact-4.0.0.tgz 10853ms (cache miss)
4361 http fetch GET 200 https://registry.npmjs.org/wrap-ansi/-/wrap-ansi-6.2.0.tgz 10517ms (cache miss)
4362 http fetch GET 200 https://registry.npmjs.org/weak-lru-cache/-/weak-lru-cache-1.2.2.tgz 10855ms (cache miss)
4363 http fetch GET 200 https://registry.npmjs.org/mute-stream/-/mute-stream-2.0.0.tgz 10627ms (cache miss)
4364 http fetch GET 200 https://registry.npmjs.org/@inquirer/rawlist/-/rawlist-4.1.11.tgz 10651ms (cache miss)
4365 http fetch GET 200 https://registry.npmjs.org/@inquirer/search/-/search-3.2.2.tgz 10651ms (cache miss)
4366 http fetch GET 200 https://registry.npmjs.org/@inquirer/expand/-/expand-4.0.23.tgz 10644ms (cache miss)
4367 http fetch GET 200 https://registry.npmjs.org/@inquirer/editor/-/editor-4.2.23.tgz 10687ms (cache miss)
4368 http fetch GET 200 https://registry.npmjs.org/@inquirer/number/-/number-3.0.23.tgz 10696ms (cache miss)
4369 http fetch GET 200 https://registry.npmjs.org/@inquirer/password/-/password-4.0.23.tgz 10785ms (cache miss)
4370 http fetch GET 200 https://registry.npmjs.org/@msgpackr-extract/msgpackr-extract-win32-x64/-/msgpackr-extract-win32-x64-3.0.4.tgz 11112ms (cache miss)
4371 http fetch GET 200 https://registry.npmjs.org/@inquirer/type/-/type-3.0.10.tgz 10854ms (cache miss)
4372 http fetch GET 200 https://registry.npmjs.org/@inquirer/ansi/-/ansi-1.0.2.tgz 10858ms (cache miss)
4373 http fetch GET 200 https://registry.npmjs.org/lru-cache/-/lru-cache-5.1.1.tgz 10851ms (cache miss)
4374 http fetch GET 200 https://registry.npmjs.org/cli-width/-/cli-width-4.1.0.tgz 10861ms (cache miss)
4375 http fetch GET 200 https://registry.npmjs.org/@inquirer/figures/-/figures-1.0.15.tgz 10869ms (cache miss)
4376 http fetch GET 200 https://registry.npmjs.org/@inquirer/input/-/input-4.3.1.tgz 10978ms (cache miss)
4377 http fetch GET 200 https://registry.npmjs.org/picocolors/-/picocolors-1.1.1.tgz 10950ms (cache miss)
4378 http fetch GET 200 https://registry.npmjs.org/jsesc/-/jsesc-3.1.0.tgz 10957ms (cache miss)
4379 http fetch GET 200 https://registry.npmjs.org/js-tokens/-/js-tokens-4.0.0.tgz 10939ms (cache miss)
4380 http fetch GET 200 https://registry.npmjs.org/@babel/helper-globals/-/helper-globals-7.29.7.tgz 10954ms (cache miss)
4381 http fetch GET 200 https://registry.npmjs.org/npm-registry-fetch/-/npm-registry-fetch-19.1.1.tgz 11401ms (cache miss)
4382 http fetch GET 200 https://registry.npmjs.org/@babel/helper-string-parser/-/helper-string-parser-7.29.7.tgz 11112ms (cache miss)
4383 http fetch GET 200 https://registry.npmjs.org/@babel/compat-data/-/compat-data-7.29.7.tgz 11095ms (cache miss)
4384 http fetch GET 200 https://registry.npmjs.org/@vitest/snapshot/-/snapshot-4.1.11.tgz 11794ms (cache miss)
4385 http fetch GET 200 https://registry.npmjs.org/yoctocolors-cjs/-/yoctocolors-cjs-2.1.3.tgz 11215ms (cache miss)
4386 http fetch GET 200 https://registry.npmjs.org/@babel/helper-validator-option/-/helper-validator-option-7.29.7.tgz 11196ms (cache miss)
4387 http fetch GET 200 https://registry.npmjs.org/gensync/-/gensync-1.0.0-beta.2.tgz 11175ms (cache miss)
4388 http fetch GET 200 https://registry.npmjs.org/debug/-/debug-4.4.3.tgz 11173ms (cache miss)
4389 http fetch GET 200 https://registry.npmjs.org/@babel/helper-module-imports/-/helper-module-imports-7.29.7.tgz 11204ms (cache miss)
4390 http fetch GET 200 https://registry.npmjs.org/@standard-schema/spec/-/spec-1.1.0.tgz 11273ms (cache miss)
4391 http fetch GET 200 https://registry.npmjs.org/@babel/code-frame/-/code-frame-7.29.7.tgz 11276ms (cache miss)
4392 http fetch GET 200 https://registry.npmjs.org/@babel/helper-compilation-targets/-/helper-compilation-targets-7.29.7.tgz 11281ms (cache miss)
4393 http fetch GET 200 https://registry.npmjs.org/convert-source-map/-/convert-source-map-1.9.0.tgz 11277ms (cache miss)
4394 http fetch GET 200 https://registry.npmjs.org/ora/-/ora-9.3.0.tgz 11272ms (cache miss)
4395 http fetch GET 200 https://registry.npmjs.org/expect-type/-/expect-type-1.4.0.tgz 12013ms (cache miss)
4396 http fetch GET 200 https://registry.npmjs.org/es-object-atoms/-/es-object-atoms-1.1.2.tgz 11968ms (cache miss)
4397 http fetch GET 200 https://registry.npmjs.org/@listr2/prompt-adapter-inquirer/-/prompt-adapter-inquirer-3.0.5.tgz 11502ms (cache miss)
4398 http fetch GET 200 https://registry.npmjs.org/ini/-/ini-6.0.0.tgz 11518ms (cache miss)
4399 http fetch GET 200 https://registry.npmjs.org/decimal.js/-/decimal.js-10.6.0.tgz 11857ms (cache miss)
4400 http fetch GET 200 https://registry.npmjs.org/tinyglobby/-/tinyglobby-0.2.15.tgz 11539ms (cache miss)
4401 http fetch GET 200 https://registry.npmjs.org/https-proxy-agent/-/https-proxy-agent-7.0.6.tgz 11502ms (cache miss)
4402 http fetch GET 200 https://registry.npmjs.org/mrmime/-/mrmime-2.0.1.tgz 11534ms (cache miss)
4403 http fetch GET 200 https://registry.npmjs.org/parse5-html-rewriting-stream/-/parse5-html-rewriting-stream-8.0.0.tgz 11533ms (cache miss)
4404 http fetch GET 200 https://registry.npmjs.org/@babel/helper-annotate-as-pure/-/helper-annotate-as-pure-7.27.3.tgz 11573ms (cache miss)
4405 http fetch GET 200 https://registry.npmjs.org/string-width/-/string-width-7.2.0.tgz 11633ms (cache miss)
4406 http fetch GET 200 https://registry.npmjs.org/@inquirer/confirm/-/confirm-5.1.21.tgz 11752ms (cache miss)
4407 http fetch GET 200 https://registry.npmjs.org/convert-source-map/-/convert-source-map-2.0.0.tgz 11725ms (cache miss)
4408 http fetch GET 200 https://registry.npmjs.org/tr46/-/tr46-6.0.0.tgz 12686ms (cache miss)
4409 http fetch GET 200 https://registry.npmjs.org/@vitest/runner/-/runner-4.1.11.tgz 12630ms (cache miss)
4410 http fetch GET 200 https://registry.npmjs.org/postcss-media-query-parser/-/postcss-media-query-parser-0.2.3.tgz 12137ms (cache miss)
4411 http fetch GET 200 https://registry.npmjs.org/wrap-ansi/-/wrap-ansi-9.0.2.tgz 11803ms (cache miss)
4412 http fetch GET 200 https://registry.npmjs.org/yallist/-/yallist-4.0.0.tgz 11794ms (cache miss)
4413 http fetch GET 200 https://registry.npmjs.org/npm-package-arg/-/npm-package-arg-13.0.2.tgz 11904ms (cache miss)
4414 http fetch GET 200 https://registry.npmjs.org/which/-/which-6.0.1.tgz 11854ms (cache miss)
4415 http fetch GET 200 https://registry.npmjs.org/@babel/helper-split-export-declaration/-/helper-split-export-declaration-7.24.7.tgz 11933ms (cache miss)
4416 http fetch GET 200 https://registry.npmjs.org/yallist/-/yallist-5.0.0.tgz 11919ms (cache miss)
4417 http fetch GET 200 https://registry.npmjs.org/string-width/-/string-width-7.2.0.tgz 11951ms (cache miss)
4418 http fetch GET 200 https://registry.npmjs.org/minipass-fetch/-/minipass-fetch-5.0.2.tgz 12663ms (cache miss)
4419 http fetch GET 200 https://registry.npmjs.org/istanbul-lib-coverage/-/istanbul-lib-coverage-3.2.2.tgz 12453ms (cache miss)
4420 http fetch GET 200 https://registry.npmjs.org/smart-buffer/-/smart-buffer-4.2.0.tgz 12914ms (cache miss)
4421 http fetch GET 200 https://registry.npmjs.org/wrap-ansi/-/wrap-ansi-9.0.2.tgz 12071ms (cache miss)
4422 http fetch GET 200 https://registry.npmjs.org/yallist/-/yallist-4.0.0.tgz 12094ms (cache miss)
4423 http fetch GET 200 https://registry.npmjs.org/slice-ansi/-/slice-ansi-7.1.2.tgz 12087ms (cache miss)
4424 http fetch GET 200 https://registry.npmjs.org/which/-/which-6.0.1.tgz 12188ms (cache miss)
4425 http fetch GET 200 https://registry.npmjs.org/which/-/which-6.0.1.tgz 12193ms (cache miss)
4426 http fetch GET 200 https://registry.npmjs.org/emoji-regex/-/emoji-regex-8.0.0.tgz 12157ms (cache miss)
4427 http fetch GET 200 https://registry.npmjs.org/is-fullwidth-code-point/-/is-fullwidth-code-point-3.0.0.tgz 12161ms (cache miss)
4428 http fetch GET 200 https://registry.npmjs.org/ansi-regex/-/ansi-regex-5.0.1.tgz 12162ms (cache miss)
4429 http fetch GET 200 https://registry.npmjs.org/string-width/-/string-width-4.2.3.tgz 12157ms (cache miss)
4430 http fetch GET 200 https://registry.npmjs.org/strip-ansi/-/strip-ansi-6.0.1.tgz 12159ms (cache miss)
4431 http fetch GET 200 https://registry.npmjs.org/has-symbols/-/has-symbols-1.1.0.tgz 13002ms (cache miss)
4432 http fetch GET 200 https://registry.npmjs.org/isexe/-/isexe-4.0.0.tgz 12245ms (cache miss)
4433 http fetch GET 200 https://registry.npmjs.org/isexe/-/isexe-4.0.0.tgz 12243ms (cache miss)
4434 http fetch GET 200 https://registry.npmjs.org/string-width/-/string-width-7.2.0.tgz 12198ms (cache miss)
4435 http fetch GET 200 https://registry.npmjs.org/string-width/-/string-width-7.2.0.tgz 12204ms (cache miss)
4436 http fetch GET 200 https://registry.npmjs.org/ansi-styles/-/ansi-styles-4.3.0.tgz 12208ms (cache miss)
4437 http fetch GET 200 https://registry.npmjs.org/wrap-ansi/-/wrap-ansi-9.0.2.tgz 12233ms (cache miss)
4438 http fetch GET 200 https://registry.npmjs.org/convert-source-map/-/convert-source-map-2.0.0.tgz 12201ms (cache miss)
4439 http fetch GET 200 https://registry.npmjs.org/readdirp/-/readdirp-4.1.2.tgz 12267ms (cache miss)
4440 http fetch GET 200 https://registry.npmjs.org/minipass/-/minipass-3.3.6.tgz 12367ms (cache miss)
4441 http fetch GET 200 https://registry.npmjs.org/content-type/-/content-type-2.1.0.tgz 12365ms (cache miss)
4442 http fetch GET 200 https://registry.npmjs.org/minipass/-/minipass-3.3.6.tgz 12394ms (cache miss)
4443 http fetch GET 200 https://registry.npmjs.org/content-type/-/content-type-2.1.0.tgz 12369ms (cache miss)
4444 http fetch GET 200 https://registry.npmjs.org/chokidar/-/chokidar-5.0.0.tgz 12606ms (cache miss)
4445 http fetch GET 200 https://registry.npmjs.org/eventemitter3/-/eventemitter3-5.0.4.tgz 12973ms (cache miss)
4446 http fetch GET 200 https://registry.npmjs.org/@yarnpkg/lockfile/-/lockfile-1.1.0.tgz 12679ms (cache miss)
4447 http fetch GET 200 https://registry.npmjs.org/@npmcli/package-json/-/package-json-7.0.5.tgz 13141ms (cache miss)
4448 http fetch GET 200 https://registry.npmjs.org/@sigstore/tuf/-/tuf-4.0.2.tgz 13425ms (cache miss)
4449 http fetch GET 200 https://registry.npmjs.org/source-map-support/-/source-map-support-0.5.21.tgz 12807ms (cache miss)
4450 http fetch GET 200 https://registry.npmjs.org/@jridgewell/resolve-uri/-/resolve-uri-3.1.2.tgz 12961ms (cache miss)
4451 http fetch GET 200 https://registry.npmjs.org/json-schema-typed/-/json-schema-typed-8.0.2.tgz 12999ms (cache miss)
4452 http fetch GET 200 https://registry.npmjs.org/@npmcli/run-script/-/run-script-10.0.4.tgz 13345ms (cache miss)
4453 http fetch GET 200 https://registry.npmjs.org/content-type/-/content-type-2.1.0.tgz 12712ms (cache miss)
4454 http fetch GET 200 https://registry.npmjs.org/baseline-browser-mapping/-/baseline-browser-mapping-2.11.24.tgz 13109ms (cache miss)
4455 http fetch GET 200 https://registry.npmjs.org/ordered-binary/-/ordered-binary-1.6.1.tgz 13325ms (cache miss)
4456 http fetch GET 200 https://registry.npmjs.org/jsonparse/-/jsonparse-1.3.1.tgz 13469ms (cache miss)
4457 http fetch GET 200 https://registry.npmjs.org/cross-spawn/-/cross-spawn-7.0.6.tgz 13079ms (cache miss)
4458 http fetch GET 200 https://registry.npmjs.org/semver/-/semver-6.3.1.tgz 12750ms (cache miss)
4459 http fetch GET 200 https://registry.npmjs.org/pkce-challenge/-/pkce-challenge-5.0.1.tgz 13105ms (cache miss)
4460 http fetch GET 200 https://registry.npmjs.org/semver/-/semver-6.3.1.tgz 12727ms (cache miss)
4461 http fetch GET 200 https://registry.npmjs.org/agent-base/-/agent-base-7.1.4.tgz 13329ms (cache miss)
4462 http fetch GET 200 https://registry.npmjs.org/express/-/express-5.2.1.tgz 13195ms (cache miss)
4463 http fetch GET 200 https://registry.npmjs.org/make-fetch-happen/-/make-fetch-happen-15.0.6.tgz 13590ms (cache miss)
4464 http fetch GET 200 https://registry.npmjs.org/electron-to-chromium/-/electron-to-chromium-1.5.430.tgz 13286ms (cache miss)
4465 http fetch GET 200 https://registry.npmjs.org/immutable/-/immutable-5.1.9.tgz 13656ms (cache miss)
4466 http fetch GET 200 https://registry.npmjs.org/esbuild/-/esbuild-0.28.1.tgz 13032ms (cache miss)
4467 http fetch GET 200 https://registry.npmjs.org/es-errors/-/es-errors-1.3.0.tgz 13710ms (cache miss)
4468 http fetch GET 200 https://registry.npmjs.org/@npmcli/fs/-/fs-5.0.0.tgz 13617ms (cache miss)
4469 http fetch GET 200 https://registry.npmjs.org/@babel/helper-validator-identifier/-/helper-validator-identifier-7.29.7.tgz 13171ms (cache miss)
4470 http fetch GET 200 https://registry.npmjs.org/express-rate-limit/-/express-rate-limit-8.7.0.tgz 13304ms (cache miss)
4471 http fetch GET 200 https://registry.npmjs.org/@algolia/client-common/-/client-common-5.48.1.tgz 13354ms (cache miss)
4472 http fetch GET 200 https://registry.npmjs.org/browserslist/-/browserslist-4.29.0.tgz 13214ms (cache miss)
4473 http fetch GET 200 https://registry.npmjs.org/brace-expansion/-/brace-expansion-5.0.12.tgz 13906ms (cache miss)
4474 http fetch GET 200 https://registry.npmjs.org/beasties/-/beasties-0.4.1.tgz 13402ms (cache miss)
4475 http fetch GET 200 https://registry.npmjs.org/listr2/-/listr2-9.0.5.tgz 13448ms (cache miss)
4476 http fetch GET 200 https://registry.npmjs.org/@sigstore/bundle/-/bundle-4.0.0.tgz 14152ms (cache miss)
4477 http fetch GET 200 https://registry.npmjs.org/@lmdb/lmdb-win32-x64/-/lmdb-win32-x64-3.5.1.tgz 13947ms (cache miss)
4478 http fetch GET 200 https://registry.npmjs.org/@npmcli/git/-/git-7.0.2.tgz 14001ms (cache miss)
4479 http fetch GET 200 https://registry.npmjs.org/picomatch/-/picomatch-4.0.4.tgz 13601ms (cache miss)
4480 http fetch GET 200 https://registry.npmjs.org/istanbul-lib-instrument/-/istanbul-lib-instrument-6.0.3.tgz 13639ms (cache miss)
4481 http fetch GET 200 https://registry.npmjs.org/reflect-metadata/-/reflect-metadata-0.2.2.tgz 13730ms (cache miss)
4482 http fetch GET 200 https://registry.npmjs.org/@parcel/watcher-win32-x64/-/watcher-win32-x64-2.6.0.tgz 14394ms (cache miss)
4483 http fetch GET 200 https://registry.npmjs.org/@inquirer/prompts/-/prompts-7.10.1.tgz 13797ms (cache miss)
4484 http fetch GET 200 https://registry.npmjs.org/tuf-js/-/tuf-js-4.1.0.tgz 14578ms (cache miss)
4485 http fetch GET 200 https://registry.npmjs.org/whatwg-mimetype/-/whatwg-mimetype-5.0.0.tgz 13773ms (cache miss)
4486 http fetch GET 200 https://registry.npmjs.org/whatwg-url/-/whatwg-url-15.1.0.tgz 14439ms (cache miss)
4487 http fetch GET 200 https://registry.npmjs.org/eventsource/-/eventsource-3.0.7.tgz 14250ms (cache miss)
4488 http fetch GET 200 https://registry.npmjs.org/tslib/-/tslib-2.8.1.tgz 13992ms (cache miss)
4489 http fetch GET 200 https://registry.npmjs.org/node-addon-api/-/node-addon-api-6.1.0.tgz 14672ms (cache miss)
4490 http fetch GET 200 https://registry.npmjs.org/xmlchars/-/xmlchars-2.2.0.tgz 14967ms (cache miss)
4491 http fetch GET 200 https://registry.npmjs.org/minipass/-/minipass-7.1.3.tgz 14839ms (cache miss)
4492 http fetch GET 200 https://registry.npmjs.org/cacache/-/cacache-20.0.4.tgz 14914ms (cache miss)
4493 http fetch GET 200 https://registry.npmjs.org/source-map-js/-/source-map-js-1.2.1.tgz 14912ms (cache miss)
4494 http fetch GET 200 https://registry.npmjs.org/chokidar/-/chokidar-4.0.3.tgz 14351ms (cache miss)
4495 http fetch GET 200 https://registry.npmjs.org/ws/-/ws-8.21.3.tgz 15051ms (cache miss)
4496 http fetch GET 200 https://registry.npmjs.org/nanoid/-/nanoid-3.3.19.tgz 15278ms (cache miss)
4497 http fetch GET 200 https://registry.npmjs.org/@ampproject/remapping/-/remapping-2.3.0.tgz 14630ms (cache miss)
4498 http fetch GET 200 https://registry.npmjs.org/ajv-formats/-/ajv-formats-3.0.1.tgz 14811ms (cache miss)
4499 http fetch GET 200 https://registry.npmjs.org/path-scurry/-/path-scurry-2.0.2.tgz 15340ms (cache miss)
4500 http fetch GET 200 https://registry.npmjs.org/tough-cookie/-/tough-cookie-6.0.2.tgz 15288ms (cache miss)
4501 http fetch GET 200 https://registry.npmjs.org/@vitejs/plugin-basic-ssl/-/plugin-basic-ssl-2.1.4.tgz 14980ms (cache miss)
4502 http fetch GET 200 https://registry.npmjs.org/magic-string/-/magic-string-0.30.21.tgz 15051ms (cache miss)
4503 http fetch GET 200 https://registry.npmjs.org/bidi-js/-/bidi-js-1.1.0.tgz 15457ms (cache miss)
4504 http fetch GET 200 https://registry.npmjs.org/watchpack/-/watchpack-2.5.1.tgz 15224ms (cache miss)
4505 http fetch GET 200 https://registry.npmjs.org/@babel/helper-module-transforms/-/helper-module-transforms-7.29.7.tgz 15404ms (cache miss)
4506 http fetch GET 200 https://registry.npmjs.org/qs/-/qs-6.16.0.tgz 15725ms (cache miss)
4507 http fetch GET 200 https://registry.npmjs.org/@babel/template/-/template-7.29.7.tgz 15491ms (cache miss)
4508 http fetch GET 200 https://registry.npmjs.org/eventsource-parser/-/eventsource-parser-3.1.1.tgz 15672ms (cache miss)
4509 http fetch GET 200 https://registry.npmjs.org/node-addon-api/-/node-addon-api-7.1.1.tgz 15403ms (cache miss)
4510 http fetch GET 200 https://registry.npmjs.org/math-intrinsics/-/math-intrinsics-1.1.0.tgz 16209ms (cache miss)
4511 http fetch GET 200 https://registry.npmjs.org/@rollup/rollup-win32-x64-gnu/-/rollup-win32-x64-gnu-4.63.3.tgz 16405ms (cache miss)
4512 http fetch GET 200 https://registry.npmjs.org/pacote/-/pacote-21.5.1.tgz 15697ms (cache miss)
4513 http fetch GET 200 https://registry.npmjs.org/source-map/-/source-map-0.7.6.tgz 15701ms (cache miss)
4514 http fetch GET 200 https://registry.npmjs.org/minizlib/-/minizlib-3.1.0.tgz 16349ms (cache miss)
4515 http fetch GET 200 https://registry.npmjs.org/json5/-/json5-2.2.3.tgz 15971ms (cache miss)
4516 http fetch GET 200 https://registry.npmjs.org/@asamuzakjp/dom-selector/-/dom-selector-6.8.1.tgz 16719ms (cache miss)
4517 http fetch GET 200 https://registry.npmjs.org/@angular/platform-browser/-/platform-browser-21.2.23.tgz 16329ms (cache miss)
4518 http fetch GET 200 https://registry.npmjs.org/object-inspect/-/object-inspect-1.13.4.tgz 17060ms (cache miss)
4519 http fetch GET 200 https://registry.npmjs.org/@vitest/utils/-/utils-4.1.11.tgz 17478ms (cache miss)
4520 http fetch GET 200 https://registry.npmjs.org/@rollup/rollup-win32-x64-msvc/-/rollup-win32-x64-msvc-4.63.3.tgz 17540ms (cache miss)
4521 http fetch GET 200 https://registry.npmjs.org/mdn-data/-/mdn-data-2.27.1.tgz 17463ms (cache miss)
4522 http fetch GET 200 https://registry.npmjs.org/@vitest/mocker/-/mocker-4.1.11.tgz 17756ms (cache miss)
4523 http fetch GET 200 https://registry.npmjs.org/jsonc-parser/-/jsonc-parser-3.3.1.tgz 17126ms (cache miss)
4524 http fetch GET 200 https://registry.npmjs.org/@babel/parser/-/parser-7.29.8.tgz 17286ms (cache miss)
4525 http fetch GET 200 https://registry.npmjs.org/source-map/-/source-map-0.6.1.tgz 17134ms (cache miss)
4526 http fetch GET 200 https://registry.npmjs.org/socks/-/socks-2.8.10.tgz 18058ms (cache miss)
4527 http fetch GET 200 https://registry.npmjs.org/@angular/router/-/router-21.2.23.tgz 17345ms (cache miss)
4528 http fetch GET 200 https://registry.npmjs.org/@hono/node-server/-/node-server-2.1.1.tgz 17599ms (cache miss)
4529 http fetch GET 200 https://registry.npmjs.org/@jridgewell/remapping/-/remapping-2.3.5.tgz 17553ms (cache miss)
4530 http fetch GET 200 https://registry.npmjs.org/iconv-lite/-/iconv-lite-0.7.3.tgz 17633ms (cache miss)
4531 http fetch GET 200 https://registry.npmjs.org/@jridgewell/sourcemap-codec/-/sourcemap-codec-1.6.0.tgz 17611ms (cache miss)
4532 http fetch GET 200 https://registry.npmjs.org/@jridgewell/gen-mapping/-/gen-mapping-0.3.13.tgz 17636ms (cache miss)
4533 http fetch GET 200 https://registry.npmjs.org/@algolia/client-insights/-/client-insights-5.48.1.tgz 17860ms (cache miss)
4534 http fetch GET 200 https://registry.npmjs.org/ip-address/-/ip-address-10.7.2.tgz 17987ms (cache miss)
4535 http fetch GET 200 https://registry.npmjs.org/@algolia/monitoring/-/monitoring-1.48.1.tgz 17940ms (cache miss)
4536 http fetch GET 200 https://registry.npmjs.org/@algolia/client-query-suggestions/-/client-query-suggestions-5.48.1.tgz 17973ms (cache miss)
4537 http fetch GET 200 https://registry.npmjs.org/@algolia/client-personalization/-/client-personalization-5.48.1.tgz 17993ms (cache miss)
4538 http fetch GET 200 https://registry.npmjs.org/@algolia/client-abtesting/-/client-abtesting-5.48.1.tgz 18000ms (cache miss)
4539 http fetch GET 200 https://registry.npmjs.org/@angular/forms/-/forms-21.2.23.tgz 17817ms (cache miss)
4540 http fetch GET 200 https://registry.npmjs.org/@algolia/abtesting/-/abtesting-1.14.1.tgz 18453ms (cache miss)
4541 http fetch GET 200 https://registry.npmjs.org/@tufjs/models/-/models-4.1.0.tgz 19037ms (cache miss)
4542 http fetch GET 200 https://registry.npmjs.org/signal-exit/-/signal-exit-4.1.0.tgz 18466ms (cache miss)
4543 http fetch GET 200 https://registry.npmjs.org/@algolia/recommend/-/recommend-5.48.1.tgz 18839ms (cache miss)
4544 http fetch GET 200 https://registry.npmjs.org/parse5/-/parse5-8.0.1.tgz 19036ms (cache miss)
4545 http fetch GET 200 https://registry.npmjs.org/@acemir/cssom/-/cssom-0.9.31.tgz 19113ms (cache miss)
4546 http fetch GET 200 https://registry.npmjs.org/@parcel/watcher/-/watcher-2.6.0.tgz 19489ms (cache miss)
4547 http fetch GET 200 https://registry.npmjs.org/fast-uri/-/fast-uri-3.1.8.tgz 19099ms (cache miss)
4548 http fetch GET 200 https://registry.npmjs.org/@algolia/client-analytics/-/client-analytics-5.48.1.tgz 19416ms (cache miss)
4549 http fetch GET 200 https://registry.npmjs.org/chardet/-/chardet-2.2.0.tgz 19489ms (cache miss)
4550 http fetch GET 200 https://registry.npmjs.org/msgpackr/-/msgpackr-1.12.1.tgz 19888ms (cache miss)
4551 http fetch GET 200 https://registry.npmjs.org/@sigstore/core/-/core-3.2.1.tgz 20147ms (cache miss)
4552 http fetch GET 200 https://registry.npmjs.org/css-what/-/css-what-7.0.0.tgz 19834ms (cache miss)
4553 http fetch GET 200 https://registry.npmjs.org/semver/-/semver-7.7.4.tgz 19717ms (cache miss)
4554 http fetch GET 200 https://registry.npmjs.org/@sigstore/verify/-/verify-3.1.1.tgz 20414ms (cache miss)
4555 http fetch GET 200 https://registry.npmjs.org/@jridgewell/trace-mapping/-/trace-mapping-0.3.31.tgz 19823ms (cache miss)
4556 http fetch GET 200 https://registry.npmjs.org/htmlparser2/-/htmlparser2-10.1.0.tgz 20062ms (cache miss)
4557 http fetch GET 200 https://registry.npmjs.org/rollup/-/rollup-4.63.3.tgz 20694ms (cache miss)
4558 http fetch GET 200 https://registry.npmjs.org/postcss/-/postcss-8.5.28.tgz 20266ms (cache miss)
4559 http fetch GET 200 https://registry.npmjs.org/isexe/-/isexe-4.0.0.tgz 19941ms (cache miss)
4560 http fetch GET 200 https://registry.npmjs.org/@sigstore/protobuf-specs/-/protobuf-specs-0.5.2.tgz 20799ms (cache miss)
4561 http fetch GET 200 https://registry.npmjs.org/@algolia/ingestion/-/ingestion-1.48.1.tgz 20385ms (cache miss)
4562 http fetch GET 200 https://registry.npmjs.org/@angular/compiler/-/compiler-21.2.23.tgz 20090ms (cache miss)
4563 http fetch GET 200 https://registry.npmjs.org/@babel/generator/-/generator-7.29.8.tgz 20511ms (cache miss)
4564 http fetch GET 200 https://registry.npmjs.org/@exodus/bytes/-/bytes-1.15.1.tgz 20858ms (cache miss)
4565 http fetch GET 200 https://registry.npmjs.org/rolldown/-/rolldown-1.0.0-rc.4.tgz 20637ms (cache miss)
4566 http fetch GET 200 https://registry.npmjs.org/tldts/-/tldts-7.4.13.tgz 21444ms (cache miss)
4567 http fetch GET 200 https://registry.npmjs.org/entities/-/entities-8.1.0.tgz 20660ms (cache miss)
4568 http fetch GET 200 https://registry.npmjs.org/algoliasearch/-/algoliasearch-5.48.1.tgz 20871ms (cache miss)
4569 http fetch GET 200 https://registry.npmjs.org/minimatch/-/minimatch-10.2.6.tgz 21474ms (cache miss)
4570 http fetch GET 200 https://registry.npmjs.org/yargs/-/yargs-18.0.0.tgz 20985ms (cache miss)
4571 http fetch GET 200 https://registry.npmjs.org/@algolia/client-search/-/client-search-5.48.1.tgz 21164ms (cache miss)
4572 http fetch GET 200 https://registry.npmjs.org/vite/-/vite-7.3.6.tgz 21261ms (cache miss)
4573 http fetch GET 200 https://registry.npmjs.org/domutils/-/domutils-3.2.2.tgz 21684ms (cache miss)
4574 http fetch GET 200 https://registry.npmjs.org/@sigstore/sign/-/sign-4.1.1.tgz 22732ms (cache miss)
4575 http fetch GET 200 https://registry.npmjs.org/entities/-/entities-4.5.0.tgz 22485ms (cache miss)
4576 http fetch GET 200 https://registry.npmjs.org/@babel/traverse/-/traverse-7.29.8.tgz 22563ms (cache miss)
4577 http fetch GET 200 https://registry.npmjs.org/glob/-/glob-13.0.6.tgz 23351ms (cache miss)
4578 http fetch GET 200 https://registry.npmjs.org/sass/-/sass-1.97.3.tgz 23221ms (cache miss)
4579 http fetch GET 200 https://registry.npmjs.org/@asamuzakjp/css-color/-/css-color-4.1.2.tgz 23778ms (cache miss)
4580 http fetch GET 200 https://registry.npmjs.org/tldts-core/-/tldts-core-7.4.13.tgz 24551ms (cache miss)
4581 http fetch GET 200 https://registry.npmjs.org/entities/-/entities-6.0.1.tgz 24152ms (cache miss)
4582 http fetch GET 200 https://registry.npmjs.org/cssstyle/-/cssstyle-5.3.7.tgz 24768ms (cache miss)
4583 http fetch GET 200 https://registry.npmjs.org/@inquirer/core/-/core-10.3.2.tgz 24530ms (cache miss)
4584 http fetch GET 200 https://registry.npmjs.org/@angular-devkit/architect/-/architect-0.2102.24.tgz 24413ms (cache miss)
4585 http fetch GET 200 https://registry.npmjs.org/jose/-/jose-6.2.12.tgz 25139ms (cache miss)
4586 http fetch GET 200 https://registry.npmjs.org/@esbuild/win32-x64/-/win32-x64-0.28.1.tgz 25829ms (cache miss)
4587 http fetch GET 200 https://registry.npmjs.org/vitest/-/vitest-4.1.11.tgz 26071ms (cache miss)
4588 http fetch GET 200 https://registry.npmjs.org/entities/-/entities-7.0.1.tgz 27033ms (cache miss)
4589 http fetch GET 200 https://registry.npmjs.org/lru-cache/-/lru-cache-11.5.2.tgz 27354ms (cache miss)
4590 http fetch GET 200 https://registry.npmjs.org/node-gyp/-/node-gyp-12.4.0.tgz 28030ms (cache miss)
4591 http fetch GET 200 https://registry.npmjs.org/lru-cache/-/lru-cache-11.5.2.tgz 27393ms (cache miss)
4592 http fetch GET 200 https://registry.npmjs.org/lru-cache/-/lru-cache-11.5.2.tgz 27361ms (cache miss)
4593 http fetch GET 200 https://registry.npmjs.org/lru-cache/-/lru-cache-11.5.2.tgz 27403ms (cache miss)
4594 http fetch GET 200 https://registry.npmjs.org/lru-cache/-/lru-cache-11.5.2.tgz 27385ms (cache miss)
4595 http fetch GET 200 https://registry.npmjs.org/lru-cache/-/lru-cache-11.5.2.tgz 27431ms (cache miss)
4596 http fetch GET 200 https://registry.npmjs.org/lru-cache/-/lru-cache-11.5.2.tgz 27470ms (cache miss)
4597 http fetch GET 200 https://registry.npmjs.org/lru-cache/-/lru-cache-11.5.2.tgz 27470ms (cache miss)
4598 http fetch GET 200 https://registry.npmjs.org/piscina/-/piscina-5.2.0.tgz 27630ms (cache miss)
4599 http fetch GET 200 https://registry.npmjs.org/css-select/-/css-select-6.0.0.tgz 28159ms (cache miss)
4600 http fetch GET 200 https://registry.npmjs.org/@babel/core/-/core-7.29.7.tgz 27884ms (cache miss)
4601 http fetch GET 200 https://registry.npmjs.org/@angular/core/-/core-21.2.23.tgz 28045ms (cache miss)
4602 http fetch GET 200 https://registry.npmjs.org/zod-to-json-schema/-/zod-to-json-schema-3.25.2.tgz 28449ms (cache miss)
4603 http fetch GET 200 https://registry.npmjs.org/@angular-devkit/schematics/-/schematics-21.2.24.tgz 28852ms (cache miss)
4604 http fetch GET 200 https://registry.npmjs.org/lmdb/-/lmdb-3.5.1.tgz 29128ms (cache miss)
4605 http fetch GET 200 https://registry.npmjs.org/@angular-devkit/core/-/core-21.2.24.tgz 29377ms (cache miss)
4606 http fetch GET 200 https://registry.npmjs.org/undici/-/undici-6.28.1.tgz 29498ms (cache miss)
4607 http fetch GET 200 https://registry.npmjs.org/@rolldown/binding-win32-x64-msvc/-/binding-win32-x64-msvc-1.0.0-rc.4.tgz 30238ms (cache miss)
4608 http fetch GET 200 https://registry.npmjs.org/@babel/types/-/types-7.29.8.tgz 30262ms (cache miss)
4609 http fetch GET 200 https://registry.npmjs.org/undici/-/undici-7.29.1.tgz 30916ms (cache miss)
4610 http fetch GET 200 https://registry.npmjs.org/@babel/helpers/-/helpers-7.29.7.tgz 31579ms (cache miss)
4611 http fetch GET 200 https://registry.npmjs.org/tar/-/tar-7.5.22.tgz 32313ms (cache miss)
4612 http fetch GET 200 https://registry.npmjs.org/typescript/-/typescript-5.9.3.tgz 32380ms (cache miss)
4613 http fetch GET 200 https://registry.npmjs.org/css-tree/-/css-tree-3.2.1.tgz 33015ms (cache miss)
4614 http fetch GET 200 https://registry.npmjs.org/@schematics/angular/-/angular-21.2.24.tgz 34824ms (cache miss)
4615 http fetch GET 200 https://registry.npmjs.org/@angular/cli/-/cli-21.2.24.tgz 34725ms (cache miss)
4616 http fetch GET 200 https://registry.npmjs.org/ajv/-/ajv-8.18.0.tgz 35519ms (cache miss)
4617 http fetch GET 200 https://registry.npmjs.org/@angular/compiler-cli/-/compiler-cli-21.2.23.tgz 36196ms (cache miss)
4618 http fetch GET 200 https://registry.npmjs.org/hono/-/hono-4.13.8.tgz 37732ms (cache miss)
4619 http fetch GET 200 https://registry.npmjs.org/@angular/build/-/build-21.2.24.tgz 38099ms (cache miss)
4620 http fetch GET 200 https://registry.npmjs.org/jsdom/-/jsdom-27.4.0.tgz 38412ms (cache miss)
4621 http fetch GET 200 https://registry.npmjs.org/zod/-/zod-4.3.6.tgz 38565ms (cache miss)
4622 http fetch GET 200 https://registry.npmjs.org/caniuse-lite/-/caniuse-lite-1.0.30001810.tgz 38838ms (cache miss)
4623 http fetch GET 200 https://registry.npmjs.org/@modelcontextprotocol/sdk/-/sdk-1.30.0.tgz 39677ms (cache miss)
4624 http fetch GET 200 https://registry.npmjs.org/rxjs/-/rxjs-7.8.2.tgz 51154ms (cache miss)
4625 http fetch GET 200 https://registry.npmjs.org/@angular/common/-/common-21.2.23.tgz 61313ms (cache miss)
4626 silly ADD node_modules/color-name
4627 silly ADD node_modules/color-convert
4628 silly ADD node_modules/emoji-regex
4629 silly ADD node_modules/yargs-parser
4630 silly ADD node_modules/y18n
4631 silly ADD node_modules/get-caller-file
4632 silly ADD node_modules/cliui
4633 silly ADD node_modules/cliui/node_modules/wrap-ansi
4634 silly ADD node_modules/cliui/node_modules/string-width
4635 silly ADD node_modules/stackback
4636 silly ADD node_modules/siginfo
4637 silly ADD node_modules/isexe
4638 silly ADD node_modules/punycode
4639 silly ADD node_modules/tr46
4640 silly ADD node_modules/glob-to-regexp
4641 silly ADD node_modules/estree-walker
4642 silly ADD node_modules/assertion-error
4643 silly ADD node_modules/@types/deep-eql
4644 silly ADD node_modules/chai
4645 silly ADD node_modules/@types/chai
4646 silly ADD node_modules/why-is-node-running
4647 silly ADD node_modules/tinyrainbow
4648 silly ADD node_modules/tinyexec
4649 silly ADD node_modules/tinybench
4650 silly ADD node_modules/std-env
4651 silly ADD node_modules/pathe
4652 silly ADD node_modules/obug
4653 silly ADD node_modules/expect-type
4654 silly ADD node_modules/es-module-lexer
4655 silly ADD node_modules/@vitest/utils
4656 silly ADD node_modules/@vitest/utils/node_modules/convert-source-map
4657 silly ADD node_modules/@vitest/spy
4658 silly ADD node_modules/@vitest/snapshot
4659 silly ADD node_modules/@vitest/runner
4660 silly ADD node_modules/@vitest/pretty-format
4661 silly ADD node_modules/@vitest/mocker
4662 silly ADD node_modules/@vitest/expect
4663 silly ADD node_modules/@types/estree
4664 silly ADD node_modules/@rollup/rollup-win32-x64-msvc
4665 silly ADD node_modules/@rollup/rollup-win32-x64-gnu
4666 silly ADD node_modules/rollup
4667 silly ADD node_modules/escalade
4668 silly ADD node_modules/media-typer
4669 silly ADD node_modules/@tufjs/canonical-json
4670 silly ADD node_modules/@tufjs/models
4671 silly ADD node_modules/tldts-core
4672 silly ADD node_modules/tldts
4673 silly ADD node_modules/fdir
4674 silly ADD node_modules/chownr
4675 silly ADD node_modules/@isaacs/fs-minipass
4676 silly ADD node_modules/ansi-regex
4677 silly ADD node_modules/spdx-license-ids
4678 silly ADD node_modules/spdx-exceptions
4679 silly ADD node_modules/buffer-from
4680 silly ADD node_modules/smart-buffer
4681 silly ADD node_modules/socks
4682 silly ADD node_modules/get-east-asian-width
4683 silly ADD node_modules/is-fullwidth-code-point
4684 silly ADD node_modules/ansi-styles
4685 silly ADD node_modules/tuf-js
4686 silly ADD node_modules/@sigstore/verify
4687 silly ADD node_modules/@sigstore/tuf
4688 silly ADD node_modules/@sigstore/sign
4689 silly ADD node_modules/@sigstore/protobuf-specs
4690 silly ADD node_modules/@sigstore/core
4691 silly ADD node_modules/@sigstore/bundle
4692 silly ADD node_modules/dunder-proto
4693 silly ADD node_modules/math-intrinsics
4694 silly ADD node_modules/hasown
4695 silly ADD node_modules/has-symbols
4696 silly ADD node_modules/gopd
4697 silly ADD node_modules/get-proto
4698 silly ADD node_modules/es-object-atoms
4699 silly ADD node_modules/function-bind
4700 silly ADD node_modules/call-bind-apply-helpers
4701 silly ADD node_modules/get-intrinsic
4702 silly ADD node_modules/call-bound
4703 silly ADD node_modules/side-channel-weakmap
4704 silly ADD node_modules/side-channel-map
4705 silly ADD node_modules/side-channel-list
4706 silly ADD node_modules/object-inspect
4707 silly ADD node_modules/es-errors
4708 silly ADD node_modules/shebang-regex
4709 silly ADD node_modules/xmlchars
4710 silly ADD node_modules/is-extglob
4711 silly ADD node_modules/is-glob
4712 silly ADD node_modules/@parcel/watcher-win32-x64
4713 silly ADD node_modules/immutable
4714 silly ADD node_modules/@parcel/watcher
4715 silly ADD node_modules/@parcel/watcher/node_modules/node-addon-api
4716 silly ADD node_modules/path-to-regexp
4717 silly ADD node_modules/is-promise
4718 silly ADD node_modules/@rolldown/pluginutils
4719 silly ADD node_modules/@rolldown/binding-win32-x64-msvc
4720 silly ADD node_modules/@oxc-project/types
4721 silly ADD node_modules/mimic-function
4722 silly ADD node_modules/onetime
4723 silly ADD node_modules/unpipe
4724 silly ADD node_modules/side-channel
4725 silly ADD node_modules/es-define-property
4726 silly ADD node_modules/ipaddr.js
4727 silly ADD node_modules/forwarded
4728 silly ADD node_modules/nanoid
4729 silly ADD node_modules/@napi-rs/nice-win32-x64-msvc
4730 silly ADD node_modules/@napi-rs/nice
4731 silly ADD node_modules/parse5-sax-parser
4732 silly ADD node_modules/minipass-sized
4733 silly ADD node_modules/socks-proxy-agent
4734 silly ADD node_modules/http-cache-semantics
4735 silly ADD node_modules/@npmcli/agent
4736 silly ADD node_modules/@npmcli/agent/node_modules/lru-cache
4737 silly ADD node_modules/minizlib
4738 silly ADD node_modules/minipass-fetch
4739 silly ADD node_modules/make-fetch-happen
4740 silly ADD node_modules/jsonparse
4741 silly ADD node_modules/@npmcli/redact
4742 silly ADD node_modules/npm-install-checks
4743 silly ADD node_modules/ignore-walk
4744 silly ADD node_modules/abbrev
4745 silly ADD node_modules/nopt
4746 silly ADD node_modules/graceful-fs
4747 silly ADD node_modules/exponential-backoff
4748 silly ADD node_modules/env-paths
4749 silly ADD node_modules/balanced-match
4750 silly ADD node_modules/brace-expansion
4751 silly ADD node_modules/path-scurry
4752 silly ADD node_modules/path-scurry/node_modules/lru-cache
4753 silly ADD node_modules/minimatch
4754 silly ADD node_modules/p-map
4755 silly ADD node_modules/minipass-pipeline
4756 silly ADD node_modules/minipass-pipeline/node_modules/yallist
4757 silly ADD node_modules/minipass-pipeline/node_modules/minipass
4758 silly ADD node_modules/minipass-flush
4759 silly ADD node_modules/minipass-flush/node_modules/yallist
4760 silly ADD node_modules/minipass-flush/node_modules/minipass
4761 silly ADD node_modules/minipass-collect
4762 silly ADD node_modules/@npmcli/fs
4763 silly ADD node_modules/node-gyp
4764 silly ADD node_modules/node-gyp/node_modules/isexe
4765 silly ADD node_modules/node-gyp/node_modules/which
4766 silly ADD node_modules/node-gyp/node_modules/undici
4767 silly ADD node_modules/@npmcli/node-gyp
4768 silly ADD node_modules/spdx-expression-parse
4769 silly ADD node_modules/json-parse-even-better-errors
4770 silly ADD node_modules/glob
4771 silly ADD node_modules/npm-normalize-package-bin
4772 silly ADD node_modules/npm-bundled
4773 silly ADD node_modules/tar
4774 silly ADD node_modules/tar/node_modules/yallist
4775 silly ADD node_modules/ssri
4776 silly ADD node_modules/sigstore
4777 silly ADD node_modules/npm-registry-fetch
4778 silly ADD node_modules/npm-pick-manifest
4779 silly ADD node_modules/npm-packlist
4780 silly ADD node_modules/minipass
4781 silly ADD node_modules/fs-minipass
4782 silly ADD node_modules/cacache
4783 silly ADD node_modules/cacache/node_modules/lru-cache
4784 silly ADD node_modules/@npmcli/run-script
4785 silly ADD node_modules/@npmcli/promise-spawn
4786 silly ADD node_modules/@npmcli/promise-spawn/node_modules/isexe
4787 silly ADD node_modules/@npmcli/promise-spawn/node_modules/which
4788 silly ADD node_modules/@npmcli/package-json
4789 silly ADD node_modules/@npmcli/installed-package-contents
4790 silly ADD node_modules/@npmcli/git
4791 silly ADD node_modules/@npmcli/git/node_modules/isexe
4792 silly ADD node_modules/@npmcli/git/node_modules/which
4793 silly ADD node_modules/@npmcli/git/node_modules/lru-cache
4794 silly ADD node_modules/@gar/promise-retry
4795 silly ADD node_modules/yoctocolors
4796 silly ADD node_modules/stdin-discarder
4797 silly ADD node_modules/log-symbols
4798 silly ADD node_modules/is-unicode-supported
4799 silly ADD node_modules/is-interactive
4800 silly ADD node_modules/cli-spinners
4801 silly ADD node_modules/chalk
4802 silly ADD node_modules/wrappy
4803 silly ADD node_modules/ee-first
4804 silly ADD node_modules/validate-npm-package-name
4805 silly ADD node_modules/proc-log
4806 silly ADD node_modules/hosted-git-info
4807 silly ADD node_modules/hosted-git-info/node_modules/lru-cache
4808 silly ADD node_modules/detect-libc
4809 silly ADD node_modules/@msgpackr-extract/msgpackr-extract-win32-x64
4810 silly ADD node_modules/msgpackr-extract
4811 silly ADD node_modules/mime-db
4812 silly ADD node_modules/yallist
4813 silly ADD node_modules/restore-cursor
4814 silly ADD node_modules/environment
4815 silly ADD node_modules/strip-ansi
4816 silly ADD node_modules/cli-cursor
4817 silly ADD node_modules/ansi-escapes
4818 silly ADD node_modules/weak-lru-cache
4819 silly ADD node_modules/ordered-binary
4820 silly ADD node_modules/node-gyp-build-optional-packages
4821 silly ADD node_modules/node-addon-api
4822 silly ADD node_modules/msgpackr
4823 silly ADD node_modules/@lmdb/lmdb-win32-x64
4824 silly ADD node_modules/@harperfast/extended-iterable
4825 silly ADD node_modules/string-width
4826 silly ADD node_modules/slice-ansi
4827 silly ADD node_modules/rfdc
4828 silly ADD node_modules/log-update
4829 silly ADD node_modules/log-update/node_modules/string-width
4830 silly ADD node_modules/log-update/node_modules/wrap-ansi
4831 silly ADD node_modules/log-update/node_modules/slice-ansi
4832 silly ADD node_modules/eventemitter3
4833 silly ADD node_modules/colorette
4834 silly ADD node_modules/cli-truncate
4835 silly ADD node_modules/@csstools/color-helpers
4836 silly ADD node_modules/@csstools/css-color-parser
4837 silly ADD node_modules/@csstools/css-parser-algorithms
4838 silly ADD node_modules/@csstools/css-tokenizer
4839 silly ADD node_modules/@csstools/css-calc
4840 silly ADD node_modules/@csstools/css-syntax-patches-for-csstree
4841 silly ADD node_modules/@asamuzakjp/css-color
4842 silly ADD node_modules/@asamuzakjp/css-color/node_modules/lru-cache
4843 silly ADD node_modules/source-map-js
4844 silly ADD node_modules/mdn-data
4845 silly ADD node_modules/css-tree
4846 silly ADD node_modules/bidi-js
4847 silly ADD node_modules/@asamuzakjp/nwsapi
4848 silly ADD node_modules/xml-name-validator
4849 silly ADD node_modules/ws
4850 silly ADD node_modules/whatwg-url
4851 silly ADD node_modules/whatwg-mimetype
4852 silly ADD node_modules/webidl-conversions
4853 silly ADD node_modules/w3c-xmlserializer
4854 silly ADD node_modules/tough-cookie
4855 silly ADD node_modules/symbol-tree
4856 silly ADD node_modules/saxes
4857 silly ADD node_modules/parse5
4858 silly ADD node_modules/parse5/node_modules/entities
4859 silly ADD node_modules/is-potential-custom-element-name
4860 silly ADD node_modules/http-proxy-agent
4861 silly ADD node_modules/html-encoding-sniffer
4862 silly ADD node_modules/decimal.js
4863 silly ADD node_modules/data-urls
4864 silly ADD node_modules/data-urls/node_modules/whatwg-mimetype
4865 silly ADD node_modules/cssstyle
4866 silly ADD node_modules/cssstyle/node_modules/lru-cache
4867 silly ADD node_modules/@exodus/bytes
4868 silly ADD node_modules/@asamuzakjp/dom-selector
4869 silly ADD node_modules/@asamuzakjp/dom-selector/node_modules/lru-cache
4870 silly ADD node_modules/@acemir/cssom
4871 silly ADD node_modules/istanbul-lib-coverage
4872 silly ADD node_modules/@istanbuljs/schema
4873 silly ADD node_modules/safer-buffer
4874 silly ADD node_modules/agent-base
4875 silly ADD node_modules/toidentifier
4876 silly ADD node_modules/setprototypeof
4877 silly ADD node_modules/inherits
4878 silly ADD node_modules/ip-address
4879 silly ADD node_modules/bytes
4880 silly ADD node_modules/negotiator
4881 silly ADD node_modules/negotiator/node_modules/content-type
4882 silly ADD node_modules/type-is
4883 silly ADD node_modules/type-is/node_modules/content-type
4884 silly ADD node_modules/statuses
4885 silly ADD node_modules/serve-static
4886 silly ADD node_modules/send
4887 silly ADD node_modules/router
4888 silly ADD node_modules/range-parser
4889 silly ADD node_modules/qs
4890 silly ADD node_modules/proxy-addr
4891 silly ADD node_modules/parseurl
4892 silly ADD node_modules/once
4893 silly ADD node_modules/on-finished
4894 silly ADD node_modules/mime-types
4895 silly ADD node_modules/merge-descriptors
4896 silly ADD node_modules/http-errors
4897 silly ADD node_modules/fresh
4898 silly ADD node_modules/finalhandler
4899 silly ADD node_modules/etag
4900 silly ADD node_modules/escape-html
4901 silly ADD node_modules/encodeurl
4902 silly ADD node_modules/depd
4903 silly ADD node_modules/cookie-signature
4904 silly ADD node_modules/cookie
4905 silly ADD node_modules/content-disposition
4906 silly ADD node_modules/body-parser
4907 silly ADD node_modules/body-parser/node_modules/content-type
4908 silly ADD node_modules/accepts
4909 silly ADD node_modules/@esbuild/win32-x64
4910 silly ADD node_modules/entities
4911 silly ADD node_modules/domelementtype
4912 silly ADD node_modules/ms
4913 silly ADD node_modules/nth-check
4914 silly ADD node_modules/domutils
4915 silly ADD node_modules/boolbase
4916 silly ADD node_modules/which
4917 silly ADD node_modules/shebang-command
4918 silly ADD node_modules/path-key
4919 silly ADD node_modules/vary
4920 silly ADD node_modules/object-assign
4921 silly ADD node_modules/readdirp
4922 silly ADD node_modules/update-browserslist-db
4923 silly ADD node_modules/node-releases
4924 silly ADD node_modules/electron-to-chromium
4925 silly ADD node_modules/caniuse-lite
4926 silly ADD node_modules/baseline-browser-mapping
4927 silly ADD node_modules/postcss-safe-parser
4928 silly ADD node_modules/postcss-media-query-parser
4929 silly ADD node_modules/postcss
4930 silly ADD node_modules/htmlparser2
4931 silly ADD node_modules/htmlparser2/node_modules/entities
4932 silly ADD node_modules/domhandler
4933 silly ADD node_modules/dom-serializer
4934 silly ADD node_modules/css-what
4935 silly ADD node_modules/css-select
4936 silly ADD node_modules/@algolia/requester-node-http
4937 silly ADD node_modules/@algolia/requester-fetch
4938 silly ADD node_modules/@algolia/requester-browser-xhr
4939 silly ADD node_modules/@algolia/recommend
4940 silly ADD node_modules/@algolia/monitoring
4941 silly ADD node_modules/@algolia/ingestion
4942 silly ADD node_modules/@algolia/client-search
4943 silly ADD node_modules/@algolia/client-query-suggestions
4944 silly ADD node_modules/@algolia/client-personalization
4945 silly ADD node_modules/@algolia/client-insights
4946 silly ADD node_modules/@algolia/client-common
4947 silly ADD node_modules/@algolia/client-analytics
4948 silly ADD node_modules/@algolia/client-abtesting
4949 silly ADD node_modules/@algolia/abtesting
4950 silly ADD node_modules/require-from-string
4951 silly ADD node_modules/json-schema-traverse
4952 silly ADD node_modules/fast-uri
4953 silly ADD node_modules/fast-deep-equal
4954 silly ADD node_modules/zod-to-json-schema
4955 silly ADD node_modules/raw-body
4956 silly ADD node_modules/pkce-challenge
4957 silly ADD node_modules/json-schema-typed
4958 silly ADD node_modules/jose
4959 silly ADD node_modules/express-rate-limit
4960 silly ADD node_modules/express
4961 silly ADD node_modules/eventsource-parser
4962 silly ADD node_modules/eventsource
4963 silly ADD node_modules/cross-spawn
4964 silly ADD node_modules/cors
4965 silly ADD node_modules/content-type
4966 silly ADD node_modules/hono
4967 silly ADD node_modules/@hono/node-server
4968 silly ADD node_modules/@jridgewell/resolve-uri
4969 silly ADD node_modules/iconv-lite
4970 silly ADD node_modules/chardet
4971 silly ADD node_modules/@inquirer/external-editor
4972 silly ADD node_modules/@inquirer/select
4973 silly ADD node_modules/@inquirer/search
4974 silly ADD node_modules/@inquirer/rawlist
4975 silly ADD node_modules/@inquirer/password
4976 silly ADD node_modules/@inquirer/number
4977 silly ADD node_modules/@inquirer/input
4978 silly ADD node_modules/@inquirer/expand
4979 silly ADD node_modules/@inquirer/editor
4980 silly ADD node_modules/@inquirer/checkbox
4981 silly ADD node_modules/yoctocolors-cjs
4982 silly ADD node_modules/wrap-ansi
4983 silly ADD node_modules/wrap-ansi/node_modules/ansi-regex
4984 silly ADD node_modules/wrap-ansi/node_modules/is-fullwidth-code-point
4985 silly ADD node_modules/wrap-ansi/node_modules/emoji-regex
4986 silly ADD node_modules/wrap-ansi/node_modules/strip-ansi
4987 silly ADD node_modules/wrap-ansi/node_modules/string-width
4988 silly ADD node_modules/wrap-ansi/node_modules/ansi-styles
4989 silly ADD node_modules/signal-exit
4990 silly ADD node_modules/mute-stream
4991 silly ADD node_modules/cli-width
4992 silly ADD node_modules/@inquirer/figures
4993 silly ADD node_modules/@inquirer/ansi
4994 silly ADD node_modules/@inquirer/type
4995 silly ADD node_modules/@inquirer/core
4996 silly ADD node_modules/@babel/helper-string-parser
4997 silly ADD node_modules/@babel/helper-globals
4998 silly ADD node_modules/@babel/helper-module-imports
4999 silly ADD node_modules/lru-cache
5000 silly ADD node_modules/@babel/helper-validator-option
5001 silly ADD node_modules/@babel/compat-data
5002 silly ADD node_modules/jsesc
5003 silly ADD node_modules/picocolors
5004 silly ADD node_modules/js-tokens
5005 silly ADD node_modules/@babel/helper-validator-identifier
5006 silly ADD node_modules/json5
5007 silly ADD node_modules/gensync
5008 silly ADD node_modules/debug
5009 silly ADD node_modules/@jridgewell/remapping
5010 silly ADD node_modules/@babel/types
5011 silly ADD node_modules/@babel/traverse
5012 silly ADD node_modules/@babel/template
5013 silly ADD node_modules/@babel/parser
5014 silly ADD node_modules/@babel/helpers
5015 silly ADD node_modules/@babel/helper-module-transforms
5016 silly ADD node_modules/@babel/helper-compilation-targets
5017 silly ADD node_modules/@babel/helper-compilation-targets/node_modules/semver
5018 silly ADD node_modules/@babel/generator
5019 silly ADD node_modules/@babel/code-frame
5020 silly ADD node_modules/@standard-schema/spec
5021 silly ADD node_modules/reflect-metadata
5022 silly ADD node_modules/convert-source-map
5023 silly ADD node_modules/chokidar
5024 silly ADD node_modules/@jridgewell/sourcemap-codec
5025 silly ADD node_modules/ora
5026 silly ADD node_modules/zod
5027 silly ADD node_modules/yargs
5028 silly ADD node_modules/yargs/node_modules/string-width
5029 silly ADD node_modules/pacote
5030 silly ADD node_modules/npm-package-arg
5031 silly ADD node_modules/ini
5032 silly ADD node_modules/algoliasearch
5033 silly ADD node_modules/@yarnpkg/lockfile
5034 silly ADD node_modules/@schematics/angular
5035 silly ADD node_modules/@modelcontextprotocol/sdk
5036 silly ADD node_modules/@listr2/prompt-adapter-inquirer
5037 silly ADD node_modules/@inquirer/prompts
5038 silly ADD node_modules/@angular-devkit/schematics
5039 silly ADD node_modules/source-map
5040 silly ADD node_modules/ajv-formats
5041 silly ADD node_modules/ajv
5042 silly ADD node_modules/@angular-devkit/core
5043 silly ADD node_modules/@jridgewell/trace-mapping
5044 silly ADD node_modules/@jridgewell/gen-mapping
5045 silly ADD node_modules/watchpack
5046 silly ADD node_modules/undici
5047 silly ADD node_modules/tinyglobby
5048 silly ADD node_modules/source-map-support
5049 silly ADD node_modules/source-map-support/node_modules/source-map
5050 silly ADD node_modules/semver
5051 silly ADD node_modules/sass
5052 silly ADD node_modules/sass/node_modules/readdirp
5053 silly ADD node_modules/sass/node_modules/chokidar
5054 silly ADD node_modules/rolldown
5055 silly ADD node_modules/piscina
5056 silly ADD node_modules/picomatch
5057 silly ADD node_modules/parse5-html-rewriting-stream
5058 silly ADD node_modules/parse5-html-rewriting-stream/node_modules/entities
5059 silly ADD node_modules/mrmime
5060 silly ADD node_modules/magic-string
5061 silly ADD node_modules/lmdb
5062 silly ADD node_modules/listr2
5063 silly ADD node_modules/listr2/node_modules/string-width
5064 silly ADD node_modules/listr2/node_modules/wrap-ansi
5065 silly ADD node_modules/jsonc-parser
5066 silly ADD node_modules/istanbul-lib-instrument
5067 silly ADD node_modules/https-proxy-agent
5068 silly ADD node_modules/esbuild
5069 silly ADD node_modules/browserslist
5070 silly ADD node_modules/beasties
5071 silly ADD node_modules/vite
5072 silly ADD node_modules/@vitejs/plugin-basic-ssl
5073 silly ADD node_modules/@inquirer/confirm
5074 silly ADD node_modules/@babel/helper-split-export-declaration
5075 silly ADD node_modules/@babel/helper-annotate-as-pure
5076 silly ADD node_modules/@babel/core
5077 silly ADD node_modules/@babel/core/node_modules/semver
5078 silly ADD node_modules/@babel/core/node_modules/convert-source-map
5079 silly ADD node_modules/@angular-devkit/architect
5080 silly ADD node_modules/@ampproject/remapping
5081 silly ADD node_modules/vitest
5082 silly ADD node_modules/jsdom
5083 silly ADD node_modules/@angular/router
5084 silly ADD node_modules/@angular/platform-browser
5085 silly ADD node_modules/@angular/forms
5086 silly ADD node_modules/@angular/core
5087 silly ADD node_modules/rxjs
5088 silly ADD node_modules/@angular/common
5089 silly ADD node_modules/@angular/cli
5090 silly ADD node_modules/@angular/compiler-cli
5091 silly ADD node_modules/@angular/compiler
5092 silly ADD node_modules/typescript
5093 silly ADD node_modules/tslib
5094 silly ADD node_modules/@angular/build
5095 verbose cwd C:\Users\DREP\Documents\umarket\frontend
5096 verbose os Windows_NT 10.0.26200
5097 verbose node v24.12.0
5098 verbose npm  v11.6.2
5099 notice
5099 notice New minor version of npm available! 11.6.2 -> 11.19.1
5099 notice Changelog: https://github.com/npm/cli/releases/tag/v11.19.1
5099 notice To update run: npm install -g npm@11.19.1
5099 notice  { force: true, Symbol(proc-log.meta): true }
5100 verbose exit 0
5101 info ok
